TrainCategory,TrainID,Route
M,9784,[CPH - TÅT - KH - KN - HGL]
IC,2377,[ES - JNE - BM - GØ - HQ - BP - VN - LK - KD - TL - FA]
RØ,1248,[NF - TN - VO - LU - NÆ - GZ - RG - ADA - NEL - GB - KH]
RØ,1249,[KH - GB - NEL - IG - RG - GZ - NÆ - MOG - VO - MN - NF]
RØ,2423,[KH - GB - NEL - IG - KJN - ØLB - KJ - HF - TH - HZ - OL - NÆN - NÆ]
M,9783,[HGL - KK - KH]
RØ,3542,[KB - KBØ - VÆ - SE - JY - MØ - HK - PE - RO - TRK - HTÅ - GL - KH - KN - KK]
RØ,1520,[KB - KBØ - VÆ - SE - JY - MØ - KS - RT - HK - PE - RO - TRK - HTÅ - GL - KH - KN - KK]
RØ,3435,[HG - SQ - GÆ - HUM - NI - OK - RU - HL - HGL - KK - KN - KH]
EX,392,[HMB - ADF - ASW - AFW - PA - VK - KD - TL - OD - MV - RG - ADA - KH]
RØ,2464,[NÆ - NÆN - OL - HZ - TH - HF - KJ - ØLB - KJN - JSF - NEL - GB - KH]
RØ,4581,[HG - SQ - GÆ - HUM - NI - OK - RU - VB - SÅ - KL - HL - HGL - KK - KN - KH - VAL - HIF - HTÅ - HH - TRK - RO - LJ - HV - TØ - PE - HK]
M,12198,[KH - KN - KK - HGL]
RØ,4271,[HG - SQ - GÆ - HUM - NI - OK - RU - VB - SÅ - KL - HL - HGL - KK - KN - KH - VAL - HIF - HTÅ - HH - TRK - RO]
IC,4136,[ABL - LIH - ABV - AB - OG - SØ - AD - HB - FP - RD - LG - HA - HN - AR]
L,67,[CPH - TÅT - KH - GB - OD - HP - FA - BK - VJ - HED - HS - HÅ - SD - HX - AR]
RØ,3306,[RO - TRK - HTÅ - GL - VAL - KH - KN - KK]
M,9024,[KH - KN - HG]
RØ,2225,[HG - SQ - GÆ - HUM - NI - OK - RU - VB - SÅ - KL - HL - HGL - KK - KN - KH - VAL - HIF - HTÅ - HH - TRK - RO - VY - BO - KY - RG - GZ - NÆ]
RØ,270,[RO - TRK - HH - HTÅ - GL - NEL - KLV - ØRE - TÅT - CPH]
RØ,3206,[NF - TN - VO - LU - NÆ - GZ - KH]
RØ,3523,[KK - KN - KH - VAL - HTÅ - HH - RO - LJ - HK - RT - JY - SE - VÆ - KBØ - KB]
IC,2387,[ES - JNE - BM - GØ - HQ - BP - VN - LK - KD - TL - FA]
RV,2981,[KD - TL - FA]
IC,193,[KH - VAL - HIF - HTÅ - HH - RO - VY - RG - FJ - SO - SG - FO - KØ - SPR - NG - JU - LV - MV - OD]
L,22,[AR - KGV - SD - HÅ - HS - HED - VJ - BET - FA - SNO - OD - MV - KH - BAN - CPH]
RØ,231,[CPH - TÅT - ØRE - KLV - NEL - IG - HTÅ - HH - TRK - RO - VY - RG - FJ - SO - SG]
RØ,2265,[HG - SQ - GÆ - HUM - NI - OK - RU - VB - SÅ - KL - HL - HGL - KK - KN - KH - VAL - HIF - HTÅ - HH - TRK - RO - VY - BO - KY - RG - GZ - NÆ]
IC,835,[HGL - KK - KN - KH - GB - NEL - IG - KJN - LEL - RG - FJ - SO - SG - FO - KØ - SPR - NG - JU - OD - HP - MD - SNO - KD - LK - VN - BP - BM - TB - ES]
RØ,4219,[HG - SQ - GÆ - HUM - NI - OK - RU - VB - SÅ - KL - HL - HGL - KK - KN - KH]
RR,983,[FA - TL - KD - LK - VM - FZ - OJ - RQ - TE - KW - GST - SDB]
IC,460,[AR - KGV - SD - HÅ - HS - HED - VJ - BET - FA]
RØ,4202,[NÆ - GZ - RG - KY - BO - VY - RO - TRK - HH - HTÅ - GL - VAL - KH - KN - KK - HGL - HL - KL - SÅ - VB - RU - OK - NI - HUM - GÆ - SQ - HG]
RØ,4552,[HK - PE - TØ - HV - LJ - RO - TRK - HH - HTÅ - GL - VAL - KH - KN - KK - HGL - HL - KL - SÅ - VB - RU - OK - NI - HUM - GÆ - SQ - HG]
RV,2768,[FA - SNO - MD - KA - NA - EB - GD - AP - BD - SC - TP - HP - OD]
IC,202,[OD - MV - NG - SPR - SG - SO - FJ - RG - KY - RO - TRK - HH - HTÅ - GL - NEL - KLV - ØRE - TÅT - CPH]
RØ,2583,[HG - SQ - GÆ - HUM - NI - OK - RU - VB - SÅ - KL - HL - HGL - KK - KN - KH - VAL - HIF - HTÅ - HH - TRK - RO]
M,9700,[KH - KN - HGL]
L,11,[OD - HP - MD - SNO - FA - BK - VJ - HED - HS - HÅ - SD - HX - AR]
RØ,2228,[NÆ - GZ - RG - KY - BO - VY - RO - TRK - HH - HTÅ - GL - VAL - KH - KN - KK - HGL - HL - KL - SÅ - VB - RU - OK - NI - HUM - GÆ - SQ - HG]
L,4018,[AB - OG - HB - FP - RD - LG - AR]
IC,161,[HGL - KK - KN - KH - VAL - HIF - HTÅ - HH - RO - VY - RG - FJ - SO - SG - FO - KØ - SPR - NG - JU - LV - MV - OD - HP - MD - SNO - FA]
M,6320,[CPH - TÅT - KH - KN - KK - HGL]
RØ,4283,[HG - SQ - GÆ - HUM - NI - OK - RU - VB - SÅ - KL - HL - HGL - KK - KN - KH]
RØ,2229,[HG - SQ - GÆ - HUM - NI - OK - RU - VB - SÅ - KL - HL - HGL - KK - KN - KH - VAL - HIF - HTÅ - HH - TRK - RO - VY - BO - KY - RG - GZ - NÆ]
IC,818,[ES - JNE - BM - GØ - VN - LK - KD - TL - MD - KA - OD - MV - NG - SPR - KØ - FO - SG - SO - FJ - RG - ADA - KJN - JSF - NEL - GB - KH - KN - KK - HGL]
RV,4737,[OD - HP - TP - SC - AP - GD - EB - NA - KA - MD - SNO - FA]
M,7098,[AR - KGV - FA]
IC,101,[KH - VAL - HIF - HTÅ - HH - RO - VY - RG - FJ - SO - SG - FO - KØ - SPR - NG - JU - OD - HP - MD - SNO - FA - BK - VJ - HED - HS - HÅ - SD - HX - AR]
IC,227,[CPH - TÅT - ØRE - KLV - NEL - IG - HTÅ - HH - TRK - RO - VY - RG - FJ - SO - SG - FO - NG - JU - OD]
RV,2320,[FA - TL - KD - LK - VN - BP - HQ - GØ - BM - TB - ES]
IC,2321,[ES - JNE - BM - GØ - HQ - BP - VN - LK - KD - TL - FA]
IC,2333,[ES - JNE - BM - GØ - HQ - BP - VN - LK - KD - TL - FA]
RØ,4536,[HK - PE - TØ - HV - LJ - RO - TRK - HH - HTÅ - GL - VAL - KH - KN - KK - HGL - HL - KL - SÅ - VB - RU - OK - NI - HUM - GÆ - SQ - HG]
IC,1493,[CPH - TÅT - KH]
IC,172,[FA - SNO - MD - KA - OD - MV - LV - UV - NG - SPR - KØ - FO - SG - SO - FJ - RG - KY - RO - TRK - HTÅ - GL - VAL - KH]
IC,4145,[AR - BR - HA - LG - RD - FP - HB - AD - SØ - SR - AB - ABV - LIH - ABL]
L,19,[CPH - TÅT - KH - GB - OD - HP - FA - BK - VJ - HED - HS - HÅ - SD - HX - AR]
RØ,218,[SG - SO - FJ - RG - KY - RO - TRK - HH - HTÅ - GL - NEL - KLV - ØRE - TÅT - CPH]
L,967,[FA - TL - KD - LK - VM - FZ - OJ - RQ - TE - KW - GST - SDB]
IC,4172,[ABL - LIH - ABV - AB - OG - SØ - AD - HB - FP - RD - LG - HA - HN - AR]
IC,5754,[FLB - AHAL - PA - VK - TE - RQ - OJ - SST - VM - LK - KD - TL - FA]
IC,2361,[ES - JNE - BM - GØ - HQ - BP - VN - LK - KD - TL - FA]
RØ,2447,[KK - KN - KH - GB - NEL - IG - KJN - ØLB - KJ - HF - TH - HZ - OL - NÆN - NÆ]
RØ,2575,[HG - SQ - GÆ - HUM - NI - OK - RU - VB - SÅ - KL - HL - HGL - KK - KN - KH - VAL - HIF - HTÅ - HH - TRK - RO - LJ - HV - TØ - PE - HK]
RØ,4247,[HG - SQ - GÆ - HUM - NI - OK - RU - VB - SÅ - KL - HL - HGL - KK - KN - KH - VAL - HIF - HTÅ - HH - TRK - RO - VY - BO - KY - RG - GZ - NÆ]
IC,100,[OD - MV - LV - UV - NG - SPR - KØ - FO - SG - SO - FJ - RG - KY - RO - TRK - HTÅ - GL - VAL - KH - KN - KK]
IC,449,[FA - BK - VJ - HED - HS - HÅ - SD - HX - AR]
RØ,2240,[NÆ - GZ - RG - KY - BO - VY - RO - TRK - HH - HTÅ - GL - VAL - KH - KN - KK - HGL - HL - KL - SÅ - VB - RU - OK - NI - HUM - GÆ - SQ - HG]
L,27,[CPH - TÅT - KH - GB - OD - HP - FA - BK - VJ - HED - HS - HÅ - SD - HX - AR]
RV,2765,[OD - HP - TP - SC - BD - AP - GD - EB - NA - KA - MD - SNO - FA]
RØ,243,[CPH - TÅT - ØRE - KLV - NEL - IG - HTÅ - HH - TRK - RO - VY - RG - FJ - SO - SG]
RV,2759,[OD - HP - TP - SC - BD - AP - GD - EB - NA - KA - MD - SNO - FA]
RØ,2221,[KH - VAL - HIF - HTÅ - HH - TRK - RO - VY - BO - KY - RG - GZ - NÆ]
RØ,4402,[NÆ - NÆN - OL - HZ - TH - HF - KJ - ØLB - KJN - JSF - NEL - GB - KH]
M,6459,[HGL - KK]
RØ,287,[CPH - TÅT - ØRE - KLV - NEL - IG - HTÅ - HH - TRK - RO]
M,9785,[HGL - KK - KH - BAN - CPH]
RØ,4837,[NÆ - MOG - LU - VO - MN - NV - EK - TN - NF]
RV,2974,[FA - TL - KD]
RØ,4279,[HG - SQ - GÆ - HUM - NI - OK - RU - VB - SÅ - KL - HL - HGL - KK - KN - KH - VAL - HIF - HTÅ - HH - TRK - RO]
L,722,[STR - HM - HO - TS - UU - ID - IB - GP - HR - KE - BB - TY - GW - GG - JL - GES - VJS - VJ - BET - FA]
RØ,2232,[NÆ - GZ - RG - KY - BO - VY - RO - TRK - HH - HTÅ - GL - VAL - KH - KN - KK - HGL - HL - KL - SÅ - VB - RU - OK - NI - HUM - GÆ - SQ - HG]
IC,867,[HGL - KK - KN - KH - GB - NEL - IG - KJN - LEL - RG - FJ - SO - SG - FO - KØ - SPR - NG - JU - OD - HP - MD - SNO - KD - LK - VN - BP - BM - TB - ES]
RØ,2487,[KK - KN - KH - GB - NEL - IG - KJN - ØLB - KJ - HF - TH - HZ - OL - NÆN - NÆ]
IC,468,[AR - KGV - SD - HÅ - HS - HED - VJ - BET - FA]
RØ,226,[SG - SO - FJ - RG - KY - RO - TRK - HH - HTÅ - GL - NEL - KLV - ØRE - TÅT - CPH]
RØ,2506,[HK - PE - TØ - HV - LJ - RO - TRK - HH - HTÅ - GL - VAL - KH - KN - KK - HGL - HL - KL - SÅ - VB - RU - OK - NI - HUM - GÆ - SQ - HG]
RØ,2257,[HG - SQ - GÆ - HUM - NI - OK - RU - VB - SÅ - KL - HL - HGL - KK - KN - KH - VAL - HIF - HTÅ - HH - TRK - RO - VY - BO - KY - RG - GZ - NÆ]
L,10,[AR - KGV - SD - HÅ - HS - HED - VJ - BET - FA - SNO - OD - MV - KH - BAN - CPH]
RV,2325,[ES - JNE - BM - GØ - HQ - BP - VN - LK - KD - TL - FA]
RØ,4817,[NÆ - MOG - LU - VO - MN - NV - EK - TN - NF]
RØ,2542,[HK - PE - TØ - HV - LJ - RO - TRK - HH - HTÅ - GL - VAL - KH - KN - KK - HGL - HL - KL - SÅ - VB - RU - OK - NI - HUM - GÆ - SQ - HG]
IC,5762,[FLB - AHAL - PA - VK - TE - RQ - OJ - SST - VM - LK - KD - TL - FA]
RØ,1240,[NF - TN - VO - LU - NÆ - GZ - RG - ADA - NEL - GB - KH]
IC,847,[HGL - KK - KN - KH - GB - NEL - IG - KJN - LEL - RG - FJ - SO - SG - FO - KØ - SPR - NG - JU - OD - HP - MD - SNO - KD - LK - VN - BP - BM - TB - ES]
RØ,2559,[HG - SQ - GÆ - HUM - NI - OK - RU - VB - SÅ - KL - HL - HGL - KK - KN - KH - VAL - HIF - HTÅ - HH - TRK - RO - LJ - HV - TØ - PE - HK]
RØ,4816,[NF - TN - EK - NV - OH - VO - LU - MOG - NÆ]
IC,117,[KH - VAL - HIF - HTÅ - HH - RO - VY - RG - FJ - SO - SG - FO - KØ - SPR - NG - JU - LV - MV - OD - HP - MD - SNO - FA]
RØ,1545,[KK - KN - KH - VAL - HTÅ - HH - RO - LJ - HK - RT - KS - MØ - JY - SE - VÆ - KBØ - KB]
RØ,2443,[KK - KN - KH - GB - NEL - IG - KJN - ØLB - KJ - HF - TH - HZ - OL - NÆN - NÆ]
RV,3922,[AR - KGV - VI - HC - SD - HÅ - HS - HED - VJ - BET - BK - FA]
RØ,2291,[KH - VAL - HIF - HTÅ - HH - TRK - RO - VY - BO - KY - RG - GZ - NÆ]
IC,160,[FA - SNO - MD - KA - OD - MV - LV - UV - NG - SPR - KØ - FO - SG - SO - FJ - RG - KY - RO - TRK - HTÅ - GL - VAL - KH]
IC,433,[FA - BK - VJ - HED - HS - HÅ - SD - HX - AR]
RØ,2455,[KK - KN - KH - GB - NEL - IG - KJN - ØLB - KJ - HF - TH - HZ - OL - NÆN - NÆ]
M,9115,[NÆ - MOG - VO]
RØ,3310,[RO - TRK - HTÅ - GL - VAL - KH - KN - KK]
RØ,4437,[KH - GB - NEL - IG - KJN - ØLB - KJ - HF - TH - HZ - OL - NÆN - NÆ]
IC,850,[ES - JNE - BM - GØ - VN - LK - KD - TL - MD - KA - OD - MV - NG - SPR - KØ - FO - SG - SO - FJ - RG - ADA - KJN - JSF - NEL - GB - KH - KN - KK - HGL]
IC,465,[FA - BK - VJ - HED - HS - HÅ - SD - HX - AR]
L,4062,[ABL - LIH - ABV - AB - OG - HB - FP - RD - LG - AR]
IC,802,[OD - MV - NG - SPR - KØ - FO - SG - SO - FJ - RG - ADA - KJN - JSF - NEL - GB - KH - KN - KK - HGL]
RØ,254,[SG - SO - FJ - RG - KY - RO - TRK - HH - HTÅ - GL - NEL - KLV - ØRE - TÅT - CPH]
M,12199,[HGL - KK - KN - KH]
RØ,2554,[HK - PE - TØ - HV - LJ - RO - TRK - HH - HTÅ - GL - VAL - KH - KN - KK - HGL - HL - KL - SÅ - VB - RU - OK - NI - HUM - GÆ - SQ - HG]
RØ,2404,[NÆ - NÆN - OL - HZ - TH - HF - KJ - ØLB - KJN - JSF - NEL - GB - KH]
M,6432,[KH - BAN - CPH]
RØ,3431,[HG - SQ - GÆ - HUM - NI - OK - RU - HL - HGL - KK - KN - KH]
M,6348,[KH - KN - KK - HGL]
L,35,[CPH - TÅT - KH - GB - OD - HP - FA - BK - VJ - HED - HS - HÅ - SD - HX - AR]
IC,246,[OD - MV - NG - SPR - SG - SO - FJ - RG - KY - RO - TRK - HH - HTÅ - GL - NEL - KLV - ØRE - TÅT - CPH]
RØ,1512,[KB - KBØ - VÆ - SE - JY - MØ - KS - RT - HK - PE - RO - TRK - HTÅ - GL - KH - KN - KK]
RØ,4266,[RO - TRK - HH - HTÅ - GL - VAL - KH - KN - KK - HGL - HL - KL - SÅ - VB - RU - OK - NI - HUM - GÆ - SQ - HG]
RØ,4869,[NÆ - MOG - LU - VO - MN - NV - EK - TN - NF]
IC,4153,[AR - BR - HA - LG - RD - FP - HB - AD - SØ - SR - AB - ABV - LIH - ABL]
RR,4714,[FA - SNO - MD - KA - NA - EB - GD - AP - BD - SC - TP - HP - OD]
IC,4128,[ABL - LIH - ABV - AB - OG - SØ - AD - HB - FP - RD - LG - HA - HN - AR]
IC,185,[KH - VAL - HIF - HTÅ - HH - RO - VY - RG - FJ - SO - SG - FO - KØ - SPR - NG - JU - LV - MV - OD]
IC,4107,[AR - BR - HA - LG - RD - FP - HB - AD - SØ - SR - AB - ABV - LIH - ABL]
RØ,4422,[NÆ - NÆN - OL - HZ - TH - HF - KJ - ØLB - KJN - JSF - NEL - GB - KH - KN - KK]
RØ,3429,[HG - SQ - GÆ - HUM - NI - OK - RU - HL - HGL - KK - KN - KH]
RØ,3467,[HG - SQ - GÆ - HUM - NI - OK - RU - HL - HGL - KK - KN - KH]
M,6431,[HGL - KK - KH - BAN - CPH]
RØ,2241,[HG - SQ - GÆ - HUM - NI - OK - RU - VB - SÅ - KL - HL - HGL - KK - KN - KH - VAL - HIF - HTÅ - HH - TRK - RO - VY - BO - KY - RG - GZ - NÆ]
RØ,2270,[NÆ - GZ - RG - KY - BO - VY - RO - TRK - HH - HTÅ - GL - VAL - KH]
IC,416,[AR - KGV - SD - HÅ - HS - HED - VJ - BET - FA]
IC,2353,[ES - JNE - BM - GØ - HQ - BP - VN - LK - KD - TL - FA]
IC,4144,[ABL - LIH - ABV - AB - OG - SØ - AD - HB - FP - RD - LG - HA - HN - AR]
M,9000,[KH - KN - HG]
RØ,1573,[KK - KN - KH - VAL - HTÅ - HH - RO - LJ - HK - RT - KS - MØ - JY - SE - VÆ - KBØ - KB]
L,74,[AR - KGV - SD - HÅ - HS - HED - VJ - BET - FA]
IC,862,[ES - JNE - BM - GØ - VN - LK - KD - TL - MD - KA - OD - MV - NG - SPR - KØ - FO - SG - SO - FJ - RG - ADA - KJN - JSF - NEL - GB - KH - KN - KK]
RØ,4565,[HG - SQ - GÆ - HUM - NI - OK - RU - VB - SÅ - KL - HL - HGL - KK - KN - KH - VAL - HIF - HTÅ - HH - TRK - RO - LJ - HV - TØ - PE - HK]
RØ,1537,[KK - KN - KH - VAL - HTÅ - HH - RO - LJ - HK - RT - KS - MØ - JY - SE - VÆ - KBØ - KB]
RØ,4461,[KH - GB - NEL - IG - KJN - ØLB - KJ - HF - TH - HZ - OL - NÆN - NÆ]
RØ,2416,[NÆ - NÆN - OL - HZ - TH - HF - KJ - ØLB - KJN - JSF - NEL - GB - KH - KN - KK]
RØ,2451,[KK - KN - KH - GB - NEL - IG - KJN - ØLB - KJ - HF - TH - HZ - OL - NÆN - NÆ]
L,649,[KH - GB - OD - HP - FA]
L,950,[SDB - GST - KW - TE - RQ - OJ - SST - VM - LK - KD - TL - FA]
IC,428,[AR - KGV - SD - HÅ - HS - HED - VJ - BET - FA]
M,9323,[KH - BAN - CPH]
L,951,[FA - TL - KD - LK - VM - FZ - OJ - RQ - TE - KW - GST - SDB]
RV,2909,[FA - BK - BET - VJ - HED - HS - HÅ - SD - HX - VI - KGV - AR]
RØ,1233,[KH - GB - NEL - IG - RG - GZ - NÆ - MOG - VO - MN - NF]
RØ,2427,[KH - GB - NEL - IG - KJN - ØLB - KJ - HF - TH - HZ - OL - NÆN - NÆ]
RØ,2571,[HG - SQ - GÆ - HUM - NI - OK - RU - VB - SÅ - KL - HL - HGL - KK - KN - KH - VAL - HIF - HTÅ - HH - TRK - RO - LJ - HV - TØ - PE - HK]
RØ,2249,[HG - SQ - GÆ - HUM - NI - OK - RU - VB - SÅ - KL - HL - HGL - KK - KN - KH - VAL - HIF - HTÅ - HH - TRK - RO - VY - BO - KY - RG - GZ - NÆ]
RØ,4553,[HG - SQ - GÆ - HUM - NI - OK - RU - VB - SÅ - KL - HL - HGL - KK - KN - KH - VAL - HIF - HTÅ - HH - TRK - RO - LJ - HV - TØ - PE - HK]
RØ,4548,[HK - PE - TØ - HV - LJ - RO - TRK - HH - HTÅ - GL - VAL - KH - KN - KK - HGL - HL - KL - SÅ - VB - RU - OK - NI - HUM - GÆ - SQ - HG]
IC,5753,[FA - TL - KD - LK - VM - FZ - OJ - RQ - TE - VK - PA - PAGR - FLB]
IC,157,[HGL - KK - KN - KH - VAL - HIF - HTÅ - HH - RO - VY - RG - FJ - SO - SG - FO - KØ - SPR - NG - JU - LV - MV - OD - HP - MD - SNO - FA - BK - VJ - HED - HS - HÅ - SD - HX - AR]
IC,206,[OD - MV - NG - SPR - SG - SO - FJ - RG - KY - RO - TRK - HH - HTÅ - GL - NEL - KLV - ØRE - TÅT - CPH]
RV,4745,[OD - HP - TP - SC - AP - GD - EB - NA - KA - MD - SNO - FA]
RØ,4833,[NÆ - MOG - LU - VO - MN - NV - EK - TN - NF]
RØ,2428,[NÆ - NÆN - OL - HZ - TH - HF - KJ - ØLB - KJN - JSF - NEL - GB - KH - KN - KK]
RØ,1581,[KK - KN - KH - VAL - HTÅ - HH - RO - LJ - HK - RT - KS - MØ - JY - SE - VÆ - KBØ - KB]
IC,5767,[FA - TL - KD - LK - VM - FZ - OJ - RQ - TE - VK - PA - PAGR - FLB]
RØ,4512,[HK - PE - TØ - HV - LJ - RO - TRK - HH - HTÅ - GL - VAL - KH - KN - KK - HGL - HL - KL - SÅ - VB - RU - OK - NI - HUM - GÆ - SQ - HG]
RØ,1500,[KB - KBØ - VÆ - SE - JY - MØ - KS - RT - HK - PE - TØ - HV - LJ - RO - TRK - HH - HTÅ - GL - VAL - KH - KN - KK]
RØ,4524,[HK - PE - TØ - HV - LJ - RO - TRK - HH - HTÅ - GL - VAL - KH - KN - KK - HGL - HL - KL - SÅ - VB - RU - OK - NI - HUM - GÆ - SQ - HG]
IC,1489,[CPH - TÅT - KH]
RV,4761,[OD - HP - TP - SC - AP - GD - EB - NA - KA - MD - SNO - FA]
IC,168,[FA - SNO - MD - KA - OD - MV - LV - UV - NG - SPR - KØ - FO - SG - SO - FJ - RG - KY - RO - TRK - HTÅ - GL - VAL - KH]
RØ,4255,[HG - SQ - GÆ - HUM - NI - OK - RU - VB - SÅ - KL - HL - HGL - KK - KN - KH - VAL - HIF - HTÅ - HH - TRK - RO - VY - BO - KY - RG - GZ - NÆ]
RV,4713,[OD - HP - TP - SC - AP - GD - EB - NA - KA - MD - SNO - FA]
RØ,267,[CPH - TÅT - ØRE - KLV - NEL - IG - HTÅ - HH - TRK - RO - VY - RG - FJ - SO - SG]
RØ,4528,[HK - PE - TØ - HV - LJ - RO - TRK - HH - HTÅ - GL - VAL - KH - KN - KK - HGL - HL - KL - SÅ - VB - RU - OK - NI - HUM - GÆ - SQ - HG]
RØ,2567,[HG - SQ - GÆ - HUM - NI - OK - RU - VB - SÅ - KL - HL - HGL - KK - KN - KH - VAL - HIF - HTÅ - HH - TRK - RO - LJ - HV - TØ - PE - HK]
IC,2332,[FA - TL - KD - LK - VN - BP - HQ - GØ - BM - TB - ES]
RØ,2530,[HK - PE - TØ - HV - LJ - RO - TRK - HH - HTÅ - GL - VAL - KH - KN - KK - HGL - HL - KL - SÅ - VB - RU - OK - NI - HUM - GÆ - SQ - HG]
RØ,4537,[HG - SQ - GÆ - HUM - NI - OK - RU - VB - SÅ - KL - HL - HGL - KK - KN - KH - VAL - HIF - HTÅ - HH - TRK - RO - LJ - HV - TØ - PE - HK]
RØ,4239,[HG - SQ - GÆ - HUM - NI - OK - RU - VB - SÅ - KL - HL - HGL - KK - KN - KH - VAL - HIF - HTÅ - HH - TRK - RO - VY - BO - KY - RG - GZ - NÆ]
M,12397,[HGL - KK - KN - KH]
RØ,1204,[NF - TN - VO - LU - NÆ - GZ - RG - ADA - NEL - GB - KH]
RØ,2202,[KH - KN - KK - HGL - HL - KL - SÅ - VB - RU - OK - NI - HUM - GÆ - SQ - HG]
RØ,3546,[KB - KBØ - VÆ - SE - JY - MØ - HK - PE - RO - TRK - HTÅ - GL - KH - KN - KK]
RØ,1532,[KB - KBØ - VÆ - SE - JY - MØ - KS - RT - HK - PE - RO - TRK - HTÅ - GL - KH - KN - KK]
RV,2969,[FA - BK - BET - VJ - HED - HS - HÅ - SD - HX - VI - KGV - AR]
RØ,3404,[KH - KN - KK - HGL - HL - KL - OK - NI - HUM - GÆ - SQ - HG]
RØ,4473,[KH - GB - NEL - IG - KJN - ØLB - KJ - HF - TH - HZ - OL - NÆN - NÆ]
IC,173,[KK - KN - KH - VAL - HIF - HTÅ - HH - RO - VY - RG - FJ - SO - SG - FO - KØ - SPR - NG - JU - LV - MV - OD - HP - MD - SNO - FA]
RØ,1541,[KH - VAL - HTÅ - HH - RO - LJ - HK - RT - KS - MØ - JY - SE - VÆ - KBØ - KB]
IC,429,[FA - BK - VJ - HED - HS - HÅ - SD - HX - AR]
IC,2328,[FA - TL - KD - LK - VN - BP - HQ - GØ - BM - TB - ES]
RV,4740,[FA - SNO - MD - KA - NA - EB - GD - AP - BD - TP - HP - OD]
RV,3915,[FA - BK - BET - VJ - HED - HS - HÅ - SD - HX - VI - KGV - AR]
IC,5760,[FLB - AHAL - PA - VK - TE - RQ - OJ - SST - VM - LK - KD - TL - FA]
IC,1401,[CPH - TÅT - ØRE - KLV - KH]
RV,2932,[AR - KGV - VI - HC - SD - HÅ - HS - HED - VJ - BET - BK - FA]
L,659,[KH - GB - OD - HP - FA]
L,4019,[AR - BR - RD - FP - HB - AD - AB - ABV - LIH - ABL]
RØ,2514,[HK - PE - TØ - HV - LJ - RO - TRK - HH - HTÅ - GL - VAL - KH - KN - KK - HGL - HL - KL - SÅ - VB - RU - OK - NI - HUM - GÆ - SQ - HG]
RV,2949,[FA - BK - BET - VJ - HED - HS - HÅ - SD - HX - VI - KGV - AR]
RV,2728,[FA - SNO - MD - KA - NA - EB - GD - AP - BD - SC - TP - HP - OD]
RØ,234,[SG - SO - FJ - RG - KY - RO - TRK - HH - HTÅ - GL - NEL - KLV - ØRE - TÅT - CPH]
RØ,4508,[HK - PE - TØ - HV - LJ - RO - TRK - HH - HTÅ - GL - VAL - KH - KN - KK - HGL - HL - KL - SÅ - VB - RU - OK - NI - HUM - GÆ - SQ - HG]
M,12398,[KH - KN - KK - HGL]
IC,854,[ES - JNE - BM - GØ - VN - LK - KD - TL - MD - KA - OD - MV - NG - SPR - KØ - FO - SG - SO - FJ - RG - ADA - KJN - JSF - NEL - GB - KH - KN - KK - HGL]
L,4011,[AR - BR - RD - FP - HB - AD - AB - ABV - LIH - ABL]
RØ,3446,[KH - KN - KK - HGL - HL - KL - OK - NI - HUM - GÆ - SQ - HG]
RØ,2527,[HG - SQ - GÆ - HUM - NI - OK - RU - VB - SÅ - KL - HL - HGL - KK - KN - KH - VAL - HIF - HTÅ - HH - TRK - RO - LJ - HV - TØ - PE - HK]
RV,2736,[FA - SNO - MD - KA - NA - EB - GD - AP - BD - SC - TP - HP - OD]
IC,112,[FA - SNO - MD - KA - OD - MV - LV - UV - NG - SPR - KØ - FO - SG - SO - FJ - RG - KY - RO - TRK - HTÅ - GL - VAL - KH - KN - KK - HGL]
IC,2371,[ES - JNE - BM - GØ - HQ - BP - VN - LK - KD - TL - FA]
RØ,2448,[NÆ - NÆN - OL - HZ - TH - HF - KJ - ØLB - KJN - JSF - NEL - GB - KH]
IC,830,[ES - JNE - BM - GØ - VN - LK - KD - TL - MD - KA - OD - MV - NG - SPR - KØ - FO - SG - SO - FJ - RG - ADA - KJN - JSF - NEL - GB - KH - KN - KK - HGL]
RØ,4421,[KH - GB - NEL - IG - KJN - ØLB - KJ - HF - TH - HZ - OL - NÆN - NÆ]
IC,471,[FA - BK - VJ - HED - HS - HÅ - SD - HX - AR]
IC,5761,[FA - TL - KD - LK - VM - FZ - OJ - RQ - TE - VK - PA - PAGR - FLB]
IC,2308,[FA - TL - KD - LK - VN - BP - HQ - GØ - BM - TB - ES]
IC,4192,[AB - OG - SØ - AD - HB - FP - RD - LG - HA - HN - AR]
IC,177,[HGL - KK - KN - KH - VAL - HIF - HTÅ - HH - RO - VY - RG - FJ - SO - SG - FO - KØ - SPR - NG - JU - LV - MV - OD - HP - MD - SNO - FA]
RØ,230,[SG - SO - FJ - RG - KY - RO - TRK - HH - HTÅ - GL - NEL - KLV - ØRE - TÅT - CPH]
RØ,1216,[NF - TN - VO - LU - NÆ - GZ - RG - ADA - NEL - GB - KH]
M,940397,[HMB - ADF - AA]
L,23,[CPH - TÅT - KH - GB - OD - HP - FA - BK - VJ - HED - HS - HÅ - SD - HX - AR]
IC,214,[OD - MV - NG - SPR - SG - SO - FJ - RG - KY - RO - TRK - HH - HTÅ - GL - NEL - KLV - ØRE - TÅT - CPH]
L,18,[AR - KGV - SD - HÅ - HS - HED - VJ - BET - FA - SNO - OD - MV - KH - BAN - CPH]
L,4007,[AR - BR - RD - FP - HB - AD - AB - ABV - LIH - ABL]
IC,823,[KK - KN - KH - GB - NEL - IG - KJN - LEL - RG - FJ - SO - SG - FO - KØ - SPR - NG - JU - OD - HP - MD - SNO - KD - LK - VN - BP - BM - TB - ES]
RØ,2431,[KH - GB - NEL - IG - KJN - ØLB - KJ - HF - TH - HZ - OL - NÆN - NÆ]
RØ,3463,[HG - SQ - GÆ - HUM - NI - OK - RU - HL - HGL - KK - KN - KH]
RØ,4529,[HG - SQ - GÆ - HUM - NI - OK - RU - VB - SÅ - KL - HL - HGL - KK - KN - KH - VAL - HIF - HTÅ - HH - TRK - RO - LJ - HV - TØ - PE - HK]
RØ,4820,[NF - TN - EK - NV - OH - VO - LU - MOG - NÆ]
IC,190,[AR - KGV - SD - HÅ - HS - HED - VJ - BET - FA - SNO - MD - KA - OD - MV - NG - SPR - KØ - FO - SG - SO - FJ - RG - KY - RO - TRK - HTÅ - GL - VAL - KH]
IC,181,[KH - VAL - HIF - HTÅ - HH - RO - VY - RG - FJ - SO - SG - FO - KØ - SPR - NG - JU - LV - MV - OD - HP - MD - SNO - FA - BK - BET - VJ - HED - HS - HÅ - SD - HX - VI - KGV - AR]
RØ,3436,[KH - KN - KK - HGL - HL - KL - OK - NI - HUM - GÆ - SQ - HG]
RV,3951,[FA - BK - BET - VJ - HED - HS - HÅ - SD - HX - VI - KGV - AR]
RV,2727,[OD - HP - TP - SC - BD - AP - GD - EB - NA - KA - MD - SNO - FA]
RØ,271,[CPH - TÅT - ØRE - KLV - NEL - IG - HTÅ - HH - TRK - RO - VY - RG - FJ - SO - SG]
IC,156,[FA - SNO - MD - KA - OD - MV - LV - UV - NG - SPR - KØ - FO - SG - SO - FJ - RG - KY - RO - TRK - HTÅ - GL - VAL - KH - KN - KK]
IC,4168,[ABL - LIH - ABV - AB - OG - SØ - AD - HB - FP - RD - LG - HA - HN - AR]
RØ,4832,[NF - TN - EK - NV - OH - VO - LU - MOG - NÆ]
IC,2368,[FA - TL - KD - LK - VN - BP - HQ - GØ - BM - TB - ES]
RØ,1525,[KK - KN - KH - VAL - HTÅ - HH - RO - LJ - HK - RT - KS - MØ - JY - SE - VÆ - KBØ - KB]
IC,4179,[AR - BR - HA - LG - RD - FP - HB - AD - SØ - SR - AB]
RØ,1208,[NF - TN - VO - LU - NÆ - GZ - RG - ADA - NEL - GB - KH]
L,43,[CPH - TÅT - KH - GB - OD - HP - FA - BK - VJ - HED - HS - HÅ - SD - HX - AR]
RØ,4845,[NÆ - MOG - LU - VO - MN - NV - EK - TN - NF]
RØ,2400,[NÆ - NÆN - OL - HZ - TH - HF - KJ - ØLB - KJN - JSF - NEL - GB - KH]
IC,145,[KK - KN - KH - VAL - HIF - HTÅ - HH - RO - VY - RG - FJ - SO - SG - FO - KØ - SPR - NG - JU - LV - MV - OD - HP - MD - SNO - FA]
RØ,2233,[HG - SQ - GÆ - HUM - NI - OK - RU - VB - SÅ - KL - HL - HGL - KK - KN - KH - VAL - HIF - HTÅ - HH - TRK - RO - VY - BO - KY - RG - GZ - NÆ]
IC,1490,[KH - BAN - ØRE - TÅT - CPH]
L,4058,[ABL - LIH - ABV - AB - OG - HB - FP - RD - LG - AR]
RØ,2562,[HK - PE - TØ - HV - LJ - RO - TRK - HH - HTÅ - GL - VAL - KH - KN - KK - HGL]
RØ,1577,[KH - VAL - HTÅ - HH - RO - LJ - HK - RT - KS - MØ - JY - SE - VÆ - KBØ - KB]
RØ,4545,[HG - SQ - GÆ - HUM - NI - OK - RU - VB - SÅ - KL - HL - HGL - KK - KN - KH - VAL - HIF - HTÅ - HH - TRK - RO - LJ - HV - TØ - PE - HK]
IC,826,[ES - JNE - BM - GØ - VN - LK - KD - TL - MD - KA - OD - MV - NG - SPR - KØ - FO - SG - SO - FJ - RG - ADA - KJN - JSF - NEL - GB - KH - KN - KK - HGL]
IC,474,[AR - KGV - SD - HÅ - HS - HED - VJ - BET - FA]
RØ,4251,[HG - SQ - GÆ - HUM - NI - OK - RU - VB - SÅ - KL - HL - HGL - KK - KN - KH - VAL - HIF - HTÅ - HH - TRK - RO - VY - BO - KY - RG - GZ - NÆ]
RØ,1544,[KB - KBØ - VÆ - SE - JY - MØ - KS - RT - HK - PE - RO - TRK - HTÅ - GL - KH - KN - KK]
IC,136,[AR - KGV - SD - HÅ - HS - HED - VJ - BET - FA - SNO - MD - KA - OD - MV - LV - UV - NG - SPR - KØ - FO - SG - SO - FJ - RG - KY - RO - TRK - HTÅ - GL - VAL - KH - KN - KK - HGL]
IC,855,[HGL - KK - KN - KH - GB - NEL - IG - KJN - LEL - RG - FJ - SO - SG - FO - KØ - SPR - NG - JU - OD - HP - MD - SNO - KD - LK - VN - BP - BM - TB - ES]
RV,2785,[OD - HP - TP - SC - BD - AP - GD - EB - NA - KA - MD - SNO - FA]
RØ,4234,[NÆ - GZ - RG - KY - BO - VY - RO - TRK - HH - HTÅ - GL - VAL - KH - KN - KK - HGL - HL - KL - SÅ - VB - RU - OK - NI - HUM - GÆ - SQ - HG]
IC,4148,[ABL - LIH - ABV - AB - OG - SØ - AD - HB - FP - RD - LG - HA - HN - AR]
L,4066,[ABL - LIH - ABV - AB - OG - HB - FP - RD - LG - AR]
RØ,2420,[NÆ - NÆN - OL - HZ - TH - HF - KJ - ØLB - KJN - JSF - NEL - GB - KH - KN - KK]
RØ,3810,[NF - TN - EK - NV - OH - VO - LU - MOG - NÆ]
M,6370,[KK - KN - KH]
RØ,2460,[NÆ - NÆN - OL - HZ - TH - HF - KJ - ØLB - KJN - JSF - NEL - GB - KH]
L,927,[FA - TL - KD - LK - VM - FZ - OJ - RQ - TE - KW - GST - SDB]
RØ,4577,[HG - SQ - GÆ - HUM - NI - OK - RU - VB - SÅ - KL - HL - HGL - KK - KN - KH - VAL - HIF - HTÅ - HH - TRK - RO - LJ - HV - TØ - PE - HK]
IC,223,[CPH - TÅT - ØRE - KLV - NEL - IG - HTÅ - HH - TRK - RO - VY - RG - FJ - SO - SG - FO - NG - JU - OD]
IC,1485,[CPH - TÅT - KH]
L,4035,[AR - BR - RD - FP - HB - AD - AB - ABV - LIH - ABL]
IC,4156,[ABL - LIH - ABV - AB - OG - SØ - AD - HB - FP - RD - LG - HA - HN - AR]
RØ,3863,[NÆ - MOG - LU - VO - MN - NV - EK - TN - NF]
L,30,[AR - KGV - SD - HÅ - HS - HED - VJ - BET - FA - SNO - OD - MV - KH - BAN - CPH]
EX,398,[HMB - ADF - ASW - AFW - PA - VK - KD - TL - OD - MV - RG - ADA - KH]
M,9730,[KH - KN - KK - HGL]
M,9300,[CPH - TÅT - KH]
RØ,1548,[KB - KBØ - VÆ - SE - JY - MØ - KS - RT - HK - PE - RO - TRK - HTÅ - GL - KH - KN - KK]
RØ,2459,[KK - KN - KH - GB - NEL - IG - KJN - ØLB - KJ - HF - TH - HZ - OL - NÆN - NÆ]
RØ,4556,[HK - PE - TØ - HV - LJ - RO - TRK - HH - HTÅ - GL - VAL - KH - KN - KK - HGL - HL - KL - SÅ - VB - RU - OK - NI - HUM - GÆ - SQ - HG]
RØ,4450,[NÆ - NÆN - OL - HZ - TH - HF - KJ - ØLB - KJN - JSF - NEL - GB - KH]
RØ,3327,[KK - KN - KH - VAL - HIF - HTÅ - HH - RO]
RV,4716,[FA - SNO - MD - KA - NA - EB - GD - AP - BD - TP - HP - OD]
L,15,[OD - HP - FA - BK - VJ - HED - HS - HÅ - SD - HX - AR]
RØ,2253,[HG - SQ - GÆ - HUM - NI - OK - RU - VB - SÅ - KL - HL - HGL - KK - KN - KH - VAL - HIF - HTÅ - HH - TRK - RO - VY - BO - KY - RG - GZ - NÆ]
IC,5757,[FA - TL - KD - LK - VM - FZ - OJ - RQ - TE - VK - PA - PAGR - FLB]
L,6,[AR - KGV - SD - HÅ - HS - HED - VJ - BET - FA - SNO - OD - MV - KH - BAN - CPH]
IC,814,[ES - JNE - BM - GØ - VN - LK - KD - TL - MD - KA - OD - MV - NG - SPR - KØ - FO - SG - SO - FJ - RG - ADA - KJN - JSF - NEL - GB - KH - KN - KK - HGL]
RV,2352,[FA - TL - KD - LK - VN - BP - HQ - GØ - BM - TB - ES]
L,910,[SDB - GST - KW - TE - RQ - OJ - SST - VM - LK - KD - TL - FA]
L,934,[SDB - GST - KW - TE - RQ - OJ - SST - VM - LK - KD - TL - FA]
L,54,[AR - KGV - SD - HÅ - HS - HED - VJ - BET - FA - SNO - OD - MV - KH - BAN - CPH]
L,919,[FA - TL - KD - LK - VM - FZ - OJ - RQ - TE - KW - GST - SDB]
RØ,1256,[NF - TN - VO - LU - NÆ - GZ - RG - ADA - NEL - GB - KH]
RØ,3427,[HG - SQ - GÆ - HUM - NI - OK - RU - HL - HGL - KK - KN - KH]
RØ,1260,[NF - TN - VO - LU - NÆ - GZ - RG - ADA - NEL - GB - KH]
IC,1482,[KH - BAN - ØRE - TÅT - CPH]
RØ,4446,[NÆ - NÆN - OL - HZ - TH - HF - KJ - ØLB - KJN - JSF - NEL - GB - KH]
EX,393,[KH - GB - RG - FJ - OD - HP - KD - LK - PA - PAGR - ASW - AR - HMB]
RØ,4589,[HG - SQ - GÆ - HUM - NI - OK - RU - VB - SÅ - KL - HL - HGL - KK - KN - KH]
M,9795,[HGL - KK - KN - KH]
IC,4149,[AR - BR - HA - LG - RD - FP - HB - AD - SØ - SR - AB - ABV - LIH - ABL]
RØ,1533,[KK - KN - KH - VAL - HTÅ - HH - RO - LJ - HK - RT - KS - MØ - JY - SE - VÆ - KBØ - KB]
RØ,4804,[NF - TN - EK - NV - OH - VO - LU - MOG - NÆ]
RØ,1583,[KK - KN - KH - VAL - HIF - HTÅ - HH - TRK - RO - LJ - HV - TØ - PE - HK - RT - KS - MØ - JY - SE - VÆ - KBØ - KB]
IC,819,[HGL - KK - KN - KH - GB - NEL - IG - KJN - LEL - RG - FJ - SO - SG - FO - KØ - SPR - NG - JU - OD - HP - MD - SNO - KD - LK - VN - BP - BM - TB - ES]
RØ,2539,[HG - SQ - GÆ - HUM - NI - OK - RU - VB - SÅ - KL - HL - HGL - KK - KN - KH - VAL - HIF - HTÅ - HH - TRK - RO - LJ - HV - TØ - PE - HK]
IC,4117,[AR - BR - HA - LG - RD - FP - HB - AD - SØ - SR - AB - ABV - LIH - ABL]
RØ,2510,[HK - PE - TØ - HV - LJ - RO - TRK - HH - HTÅ - GL - VAL - KH - KN - KK - HGL - HL - KL - SÅ - VB - RU - OK - NI - HUM - GÆ - SQ - HG]
IC,5750,[FLB - AHAL - PA - VK - TE - RQ - OJ - SST - VM - LK - KD - TL - FA]
RØ,4521,[KK - KN - KH - VAL - HIF - HTÅ - HH - TRK - RO - LJ - HV - TØ - PE - HK]
IC,5755,[FA - TL - KD - LK - VM - FZ - OJ - RQ - TE - VK - PA - PAGR - FLB]
IC,456,[AR - KGV - SD - HÅ - HS - HED - VJ - BET - FA]
IC,80169,[HGL - KK - KN - KH - VAL - HIF - HTÅ - HH - RO - VY - RG - FJ - SO - SG - FO - KØ - SPR - NG - JU - LV - MV - OD - HP - MD - SNO - FA]
IC,263,[CPH - TÅT - ØRE - KLV - NEL - IG - HTÅ - HH - TRK - RO - VY - RG - FJ - SO - SG - FO - NG - JU - OD]
IC,4175,[AR - BR - HA - LG - RD - FP - HB - AD - SØ - SR - AB]
L,4027,[AR - BR - RD - FP - HB - AD - AB - ABV - LIH - ABL]
RØ,4235,[HG - SQ - GÆ - HUM - NI - OK - RU - VB - SÅ - KL - HL - HGL - KK - KN - KH - VAL - HIF - HTÅ - HH - TRK - RO - VY - BO - KY - RG - GZ - NÆ]
M,9362,[CPH - TÅT - KH]
RØ,4856,[NF - TN - EK - NV - OH - VO - LU - MOG - NÆ]
M,9113,[VO - MN - NF]
IC,843,[HGL - KK - KN - KH - GB - NEL - IG - KJN - LEL - RG - FJ - SO - SG - FO - KØ - SPR - NG - JU - OD - HP - MD - SNO - KD - LK - VN - BP - BM - TB - ES]
RØ,4226,[NÆ - GZ - RG - KY - BO - VY - RO - TRK - HH - HTÅ - GL - VAL - KH - KN - KK - HGL - HL - KL - SÅ - VB - RU - OK - NI - HUM - GÆ - SQ - HG]
RØ,1528,[KB - KBØ - VÆ - SE - JY - MØ - KS - RT - HK - PE - RO - TRK - HTÅ - GL - KH - KN - KK]
M,12395,[HGL - KK - KN - KH]
RØ,247,[CPH - TÅT - ØRE - KLV - NEL - IG - HTÅ - HH - TRK - RO - VY - RG - FJ - SO - SG]
IC,2348,[FA - TL - KD - LK - VN - BP - HQ - GØ - BM - TB - ES]
RØ,2217,[KH - VAL - HIF - HTÅ - HH - TRK - RO - VY - BO - KY - RG - GZ - NÆ]
M,12393,[HGL - KK - KN - KH]
RV,2933,[FA - BK - BET - VJ - HED - HS - HÅ - SD - HX - VI - KGV - AR]
RØ,3469,[HG - SQ - GÆ - HUM - NI - OK - RU - HL - HGL - KK - KN - KH]
RØ,2093,[HG - SQ - GÆ - HUM - NI - OK - RU - VB - SÅ - KL - HL - HGL - KK - KN - KH]
IC,883,[HGL - KK - KN - KH - GB - NEL - IG - KJN - LEL - RG - FJ - SO - SG - FO - KØ - SPR - NG - JU - OD]
RØ,2220,[NÆ - GZ - RG - KY - BO - VY - RO - TRK - HH - HTÅ - GL - VAL - KH - KN - KK - HGL - HL - KL - SÅ - VB - RU - OK - NI - HUM - GÆ - SQ - HG]
IC,140,[FA - SNO - MD - KA - OD - MV - LV - UV - NG - SPR - KØ - FO - SG - SO - FJ - RG - KY - RO - TRK - HTÅ - GL - VAL - KH - KN - KK]
L,738,[STR - HM - HO - TS - UU - ID - IB - GP - HR - KE - BB - TY - GW - GG - JL - GES - VJS - VJ - BET - FA]
IC,2312,[FA - TL - KD - LK - VN - BP - HQ - GØ - BM - TB - ES]
RV,2336,[FA - TL - KD - LK - VN - BP - HQ - GØ - BM - TB - ES]
RØ,4433,[KH - GB - NEL - IG - KJN - ØLB - KJ - HF - TH - HZ - OL - NÆN - NÆ]
RV,2916,[AR - KGV - VI - HC - SD - HÅ - HS - HED - VJ - BET - BK - FA]
RØ,3444,[KH - KN - KK - HGL - HL - KL - OK - NI - HUM - GÆ - SQ - HG]
RV,2929,[FA - BK - BET - VJ - HED - HS - HÅ - SD - HX - VI - KGV - AR]
RØ,4525,[HG - SQ - GÆ - HUM - NI - OK - RU - VB - SÅ - KL - HL - HGL - KK - KN - KH - VAL - HIF - HTÅ - HH - TRK - RO - LJ - HV - TØ - PE - HK]
RØ,2555,[HG - SQ - GÆ - HUM - NI - OK - RU - VB - SÅ - KL - HL - HGL - KK - KN - KH - VAL - HIF - HTÅ - HH - TRK - RO - LJ - HV - TØ - PE - HK]
IC,2356,[FA - TL - KD - LK - VN - BP - HQ - GØ - BM - TB - ES]
RV,4729,[OD - HP - TP - SC - AP - GD - EB - NA - KA - MD - SNO - FA]
IC,133,[HGL - KK - KN - KH - VAL - HIF - HTÅ - HH - RO - VY - RG - FJ - SO - SG - FO - KØ - SPR - NG - JU - LV - MV - OD - HP - MD - SNO - FA]
L,918,[SDB - GST - KW - TE - RQ - OJ - SST - VM - LK - KD - TL - FA]
RØ,4430,[NÆ - NÆN - OL - HZ - TH - HF - KJ - ØLB - KJN - JSF - NEL - GB - KH - KN - KK]
RØ,4533,[HG - SQ - GÆ - HUM - NI - OK - RU - VB - SÅ - KL - HL - HGL - KK - KN - KH - VAL - HIF - HTÅ - HH - TRK - RO - LJ - HV - TØ - PE - HK]
L,55,[CPH - TÅT - KH - GB - OD - HP - FA - BK - VJ - HED - HS - HÅ - SD - HX - AR]
RØ,3406,[KH - KN - KK - HGL - HL - KL - OK - NI - HUM - GÆ - SQ - HG]
RØ,2219,[HG - SQ - GÆ - HUM - NI - OK - RU - VB - SÅ - KL - HL - HGL - KK - KN - KH]
RØ,2467,[KH - GB - NEL - IG - KJN - ØLB - KJ - HF - TH - HZ - OL - NÆN - NÆ]
RØ,4465,[KH - GB - NEL - IG - KJN - ØLB - KJ - HF - TH - HZ - OL - NÆN - NÆ]
RV,2952,[AR - KGV - VI - HC - SD - HÅ - HS - HED - VJ - BET - BK - FA]
RØ,4840,[NF - TN - EK - NV - OH - VO - LU - MOG - NÆ]
IC,432,[AR - KGV - SD - HÅ - HS - HED - VJ - BET - FA]
L,46,[AR - KGV - SD - HÅ - HS - HED - VJ - BET - FA - SNO - OD - MV - KH - BAN - CPH]
IC,2349,[ES - JNE - BM - GØ - HQ - BP - VN - LK - KD - TL - FA]
RØ,1228,[NF - TN - VO - LU - NÆ - GZ - RG - ADA - NEL - GB - KH]
IC,4121,[AR - BR - HA - LG - RD - FP - HB - AD - SØ - SR - AB - ABV - LIH - ABL]
RØ,4541,[HG - SQ - GÆ - HUM - NI - OK - RU - VB - SÅ - KL - HL - HGL - KK - KN - KH - VAL - HIF - HTÅ - HH - TRK - RO - LJ - HV - TØ - PE - HK]
M,12191,[HGL - KK - KN - KH]
IC,464,[AR - KGV - SD - HÅ - HS - HED - VJ - BET - FA]
RV,2957,[FA - BK - BET - VJ - HED - HS - HÅ - SD - HX - VI - KGV - AR]
RV,4724,[FA - SNO - MD - KA - NA - EB - GD - AP - BD - TP - HP - OD]
IC,5758,[FLB - AHAL - PA - VK - TE - RQ - OJ - SST - VM - LK - KD - TL - FA]
RØ,4812,[NF - TN - EK - NV - OH - VO - LU - MOG - NÆ]
L,4022,[ABL - LIH - ABV - AB - OG - HB - FP - RD - LG - AR]
RV,2357,[ES - JNE - BM - GØ - HQ - BP - VN - LK - KD - TL - FA]
RØ,4227,[HG - SQ - GÆ - HUM - NI - OK - RU - VB - SÅ - KL - HL - HGL - KK - KN - KH - VAL - HIF - HTÅ - HH - TRK - RO - VY - BO - KY - RG - GZ - NÆ]
EX,1199,[KH - GB - RG - FJ - OD - HP - KD - LK - PA - PAGR - ASW - AR - HMB]
IC,4120,[ABL - LIH - ABV - AB - OG - SØ - AD - HB - FP - RD - LG - HA - HN - AR]
IC,121,[KH - VAL - HIF - HTÅ - HH - RO - VY - RG - FJ - SO - SG - FO - KØ - SPR - NG - JU - LV - MV - OD - HP - MD - SNO - FA]
M,9179,[SG - FO - OD]
L,926,[SDB - GST - KW - TE - RQ - OJ - SST - VM - LK - KD - TL - FA]
RV,4719,[OD - HP - TP - SC - AP - GD - EB - NA - KA - MD - SNO - FA]
IC,858,[ES - JNE - BM - GØ - VN - LK - KD - TL - MD - KA - OD - MV - NG - SPR - KØ - FO - SG - SO - FJ - RG - ADA - KJN - JSF - NEL - GB - KH - KN - KK - HGL]
M,7087,[KD - TL - FA]
RØ,1504,[KB - KBØ - VÆ - SE - JY - MØ - KS - RT - HK - PE - RO - TRK - HTÅ - GL - KH - KN - KK]
M,12392,[KH - KN - KK - HGL]
RØ,4267,[HG - SQ - GÆ - HUM - NI - OK - RU - VB - SÅ - KL - HL - HGL - KK - KN - KH - VAL - HIF - HTÅ - HH - TRK - RO - VY - BO - KY - RG - GZ - NÆ]
RØ,3359,[HGL - KK - KN - KH - VAL - HIF - HTÅ - HH - RO]
RØ,1565,[KK - KN - KH - VAL - HTÅ - HH - RO - LJ - HK - RT - KS - MØ - JY - SE - VÆ - KBØ - KB]
RØ,2595,[HG - SQ - GÆ - HUM - NI - OK - RU - VB - SÅ - KL - HL - HGL - KK - KN - KH - VAL - HIF - HTÅ - HH - TRK - RO - LJ - HV - TØ - PE - HK]
RØ,2479,[KK - KN - KH - GB - NEL - IG - KJN - ØLB - KJ - HF - TH - HZ - OL - NÆN - NÆ]
RØ,2563,[HG - SQ - GÆ - HUM - NI - OK - RU - VB - SÅ - KL - HL - HGL - KK - KN - KH - VAL - HIF - HTÅ - HH - TRK - RO - LJ - HV - TØ - PE - HK]
IC,148,[FA - SNO - MD - KA - OD - MV - LV - UV - NG - SPR - KØ - FO - SG - SO - FJ - RG - KY - RO - TRK - HTÅ - GL - VAL - KH - KN - KK]
RR,2776,[FA - SNO - MD - KA - NA - EB - GD - AP - BD - SC - TP - HP - OD]
RØ,2475,[KH - GB - NEL - IG - KJN - ØLB - KJ - HF - TH - HZ - OL - NÆN - NÆ]
IC,2369,[ES - JNE - BM - GØ - HQ - BP - VN - LK - KD - TL - FA]
IC,2344,[FA - TL - KD - LK - VN - BP - HQ - GØ - BM - TB - ES]
RØ,2248,[NÆ - GZ - RG - KY - BO - VY - RO - TRK - HH - HTÅ - GL - VAL - KH - KN - KK - HGL - HL - KL - SÅ - VB - RU - OK - NI - HUM - GÆ - SQ - HG]
M,9782,[CPH - TÅT - KH - KN - HGL]
RØ,4414,[NÆ - NÆN - OL - HZ - TH - HF - KJ - ØLB - KJN - JSF - NEL - GB - KH - KN - KK]
M,9302,[CPH - TÅT - KH]
RØ,4222,[NÆ - GZ - RG - KY - BO - VY - RO - TRK - HH - HTÅ - GL - VAL - KH - KN - KK - HGL - HL - KL - SÅ - VB - RU - OK - NI - HUM - GÆ - SQ - HG]
RV,3958,[AR - KGV - VI - HC - SD - HÅ - HS - HED - VJ - BET - BK - FA]
RØ,3442,[KH - KN - KK - HGL - HL - KL - OK - NI - HUM - GÆ - SQ - HG]
EX,395,[KH - GB - RG - FJ - OD - HP - KD - LK - PA - PAGR - ASW - AR - HMB]
RØ,1232,[NF - TN - VO - LU - NÆ - GZ - RG - ADA - NEL - GB - KH]
M,9701,[HGL - KK - KH - BAN - CPH]
RØ,2471,[KH - GB - NEL - IG - KJN - ØLB - KJ - HF - TH - HZ - OL - NÆN - NÆ]
RØ,4291,[HG - SQ - GÆ - HUM - NI - OK - RU - VB - SÅ - KL - HL - HGL - KK - KN - KH]
RØ,2244,[NÆ - GZ - RG - KY - BO - VY - RO - TRK - HH - HTÅ - GL - VAL - KH - KN - KK - HGL - HL - KL - SÅ - VB - RU - OK - NI - HUM - GÆ - SQ - HG]
IC,153,[KK - KN - KH - VAL - HIF - HTÅ - HH - RO - VY - RG - FJ - SO - SG - FO - KØ - SPR - NG - JU - LV - MV - OD - HP - MD - SNO - FA]
M,9360,[CPH - TÅT - KH]
IC,4129,[AR - BR - HA - LG - RD - FP - HB - AD - SØ - SR - AB - ABV - LIH - ABL]
EX,396,[HMB - ADF - ASW - AFW - PA - VK - KD - TL - OD - MV - RG - ADA - KH]
RV,4764,[FA - SNO - MD - KA - NA - EB - GD - AP - BD - TP - HP - OD]
RØ,275,[CPH - TÅT - ØRE - KLV - NEL - IG - HTÅ - HH - TRK - RO - VY - RG - FJ - SO - SG]
RV,2741,[OD - HP - TP - SC - BD - AP - GD - EB - NA - KA - MD - SNO - FA]
RØ,2535,[HG - SQ - GÆ - HUM - NI - OK - RU - VB - SÅ - KL - HL - HGL - KK - KN - KH - VAL - HIF - HTÅ - HH - TRK - RO - LJ - HV - TØ - PE - HK]
RØ,1241,[KH - GB - NEL - IG - RG - GZ - NÆ - MOG - VO - MN - NF]
IC,128,[FA - SNO - MD - KA - OD - MV - LV - UV - NG - SPR - KØ - FO - SG - SO - FJ - RG - KY - RO - TRK - HTÅ - GL - VAL - KH - KN - KK]
M,12394,[KH - KN - HGL]
RV,2913,[FA - BK - BET - VJ - HED - HS - HÅ - SD - HX - VI - KGV - AR]
RØ,1212,[NF - TN - VO - LU - NÆ - GZ - RG - ADA - NEL - GB - KH]
RV,2912,[AR - KGV - VI - HC - SD - HÅ - HS - HED - VJ - BET - BK - FA]
L,75,[CPH - TÅT - KH - GB - OD - HP - FA - BK - VJ - HED - HS - HÅ - SD - HX - AR]
IC,2374,[FA - TL - KD - LK - VN - BP - HQ - GØ - BM - TB - ES]
L,943,[FA - TL - KD - LK - VM - FZ - OJ - RQ - TE - KW - GST - SDB]
L,4014,[AB - OG - HB - FP - RD - LG - AR]
RØ,2502,[HK - PE - TØ - HV - LJ - RO - TRK - HH - HTÅ - GL - VAL - KH - KN - KK - HGL - HL - KL - SÅ - VB - RU - OK - NI - HUM - GÆ - SQ - HG]
RR,4708,[FA - SNO - MD - KA - NA - EB - GD - AP - BD - TP - HP - OD]
IC,5751,[FA - TL - KD - LK - VM - FZ - OJ - RQ - TE - VK - PA - PAGR - FLB]
IC,4140,[ABL - LIH - ABV - AB - OG - SØ - AD - HB - FP - RD - LG - HA - HN - AR]
RØ,1591,[KH - VAL - HIF - HTÅ - HH - TRK - RO - LJ - HV - TØ - PE - HK - RT - KS - MØ - JY - SE - VÆ - KBØ - KB]
RØ,1253,[KH - GB - NEL - IG - RG - GZ - NÆ - MOG - VO - MN - NF]
RØ,2273,[HG - SQ - GÆ - HUM - NI - OK - RU - VB - SÅ - KL - HL - HGL - KK - KN - KH - VAL - HIF - HTÅ - HH - TRK - RO - VY - BO - KY - RG - GZ - NÆ]
RØ,258,[SG - SO - FJ - RG - KY - RO - TRK - HH - HTÅ - GL - NEL - KLV - ØRE - TÅT - CPH]
RØ,4561,[HG - SQ - GÆ - HUM - NI - OK - RU - VB - SÅ - KL - HL - HGL - KK - KN - KH - VAL - HIF - HTÅ - HH - TRK - RO - LJ - HV - TØ - PE - HK]
IC,484,[AR - KGV - VI - HC - SD - HÅ - HS - HED - VJ - BET - BK - FA - TL - KD]
RØ,2534,[HK - PE - TØ - HV - LJ - RO - TRK - HH - HTÅ - GL - VAL - KH - KN - KK - HGL - HL - KL - SÅ - VB - RU - OK - NI - HUM - GÆ - SQ - HG]
L,4051,[AR - BR - RD - FP - HB - AD - AB - ABV - LIH - ABL]
RV,2710,[FA - SNO - MD - KA - NA - EB - GD - AP - BD - SC - TP - HP - OD]
IC,2345,[ES - JNE - BM - GØ - HQ - BP - VN - LK - KD - TL - FA]
IC,4105,[AR - BR - HA - LG - RD - FP - HB - AD - SØ - SR - AB - ABV - LIH - ABL]
RV,4772,[FA - SNO - MD - KA - NA - EB - GD - AP - BD - TP - HP - OD]
L,70,[AR - KGV - SD - HÅ - HS - HED - VJ - BET - FA - SNO - OD - MV - KH - BAN - CPH]
RØ,2200,[KH - KN - KK - HGL - HL - KL - SÅ - VB - RU - OK - NI - HUM - GÆ - SQ - HG]
RØ,2491,[KH - GB - NEL - IG - KJN - ØLB - KJ - HF - TH - HZ - OL - NÆN - NÆ]
IC,1407,[CPH - TÅT - ØRE - KLV - KH]
RØ,4585,[HG - SQ - GÆ - HUM - NI - OK - RU - VB - SÅ - KL - HL - HGL - KK - KN - KH]
RV,2964,[AR - KGV - VI - HC - SD - HÅ - HS - HED - VJ - BET - BK - FA]
L,731,[FA - BK - VJ - VJS - GES - JL - GG - GW - TY - BB - FT - HR - GP - IB - ID - UU - TS - HO - HM - STR]
RØ,2432,[NÆ - NÆN - OL - HZ - TH - HF - KJ - ØLB - KJN - JSF - NEL - GB - KH - KN - KK]
IC,838,[ES - JNE - BM - GØ - VN - LK - KD - TL - MD - KA - OD - MV - NG - SPR - KØ - FO - SG - SO - FJ - RG - ADA - KJN - JSF - NEL - GB - KH - KN - KK - HGL]
RØ,1560,[KB - KBØ - VÆ - SE - JY - MØ - KS - RT - HK - PE - RO - TRK - HTÅ - GL - KH - KN - KK]
IC,4116,[AB - OG - SØ - AD - HB - FP - RD - LG - HA - HN - AR]
RØ,4425,[KK - KN - KH - GB - NEL - IG - KJN - ØLB - KJ - HF - TH - HZ - OL - NÆN - NÆ]
RV,2960,[AR - KGV - VI - HC - SD - HÅ - HS - HED - VJ - BET - BK - FA]
L,4031,[AR - BR - RD - FP - HB - AD - AB - ABV - LIH - ABL]
RØ,4808,[NF - TN - EK - NV - OH - VO - LU - MOG - NÆ]
RØ,1225,[KH - GB - NEL - IG - RG - GZ - NÆ - MOG - VO - MN - NF]
L,4067,[AR - BR - RD - FP - HB - AD - AB]
RØ,4516,[HK - PE - TØ - HV - LJ - RO - TRK - HH - HTÅ - GL - VAL - KH - KN - KK - HGL - HL - KL - SÅ - VB - RU - OK - NI - HUM - GÆ - SQ - HG]
L,966,[SDB - GST - KW - TE - RQ - OJ - SST - VM - LK - KD - TL - FA]
RØ,2474,[NÆ - NÆN - OL - HZ - TH - HF - KJ - ØLB - KJN - JSF - NEL - GB - KH - KN - KK]
IC,176,[AR - KGV - SD - HÅ - HS - HED - VJ - BET - FA - SNO - MD - KA - OD - MV - LV - UV - NG - SPR - KØ - FO - SG - SO - FJ - RG - KY - RO - TRK - HTÅ - GL - VAL - KH]
RØ,1556,[KB - KBØ - VÆ - SE - JY - MØ - KS - RT - HK - PE - RO - TRK - HTÅ - GL - KH - KN - KK - HGL]
RØ,2281,[HG - SQ - GÆ - HUM - NI - OK - RU - VB - SÅ - KL - HL - HGL - KK - KN - KH - VAL - HIF - HTÅ - HH - TRK - RO - VY - BO - KY - RG - GZ - NÆ]
RØ,4500,[KH - KN - KK - HGL - HL - KL - SÅ - VB - RU - OK - NI - HUM - GÆ - SQ - HG]
RØ,1285,[KH - GB - NEL - IG - KJN - LEL - RG - GZ - NÆ - MOG - LU - VO - MN - NV - EK - TN - NF]
RØ,4457,[KK - KN - KH - GB - NEL - IG - KJN - ØLB - KJ - HF - TH - HZ - OL - NÆN - NÆ]
L,4050,[ABL - LIH - ABV - AB - OG - HB - FP - RD - LG - AR]
RV,2941,[FA - BK - BET - VJ - HED - HS - HÅ - SD - HX - VI - KGV - AR]
RØ,4287,[HG - SQ - GÆ - HUM - NI - OK - RU - VB - SÅ - KL - HL - HGL - KK - KN - KH]
RØ,1244,[NF - TN - VO - LU - NÆ - GZ - RG - ADA - NEL - GB - KH]
L,4046,[ABL - LIH - ABV - AB - OG - HB - FP - RD - LG - AR]
L,4074,[AB - OG - HB - FP - RD - LG - AR]
RØ,4857,[NÆ - MOG - LU - VO - MN - NV - EK - TN - NF]
IC,164,[FA - SNO - MD - KA - OD - MV - LV - UV - NG - SPR - KØ - FO - SG - SO - FJ - RG - KY - RO - TRK - HTÅ - GL - VAL - KH]
RØ,3465,[HG - SQ - GÆ - HUM - NI - OK - RU - HL - HGL - KK - KN - KH]
IC,4125,[AR - BR - HA - LG - RD - FP - HB - AD - SØ - SR - AB - ABV - LIH - ABL]
M,9797,[HGL - KK - KN - KH - BAN - CPH]
RV,4732,[FA - SNO - MD - KA - NA - EB - GD - AP - BD - TP - HP - OD]
RØ,2599,[HG - SQ - GÆ - HUM - NI - OK - RU - VB - SÅ - KL - HL - HGL - KK - KN - KH]
RØ,4573,[HG - SQ - GÆ - HUM - NI - OK - RU - VB - SÅ - KL - HL - HGL - KK - KN - KH - VAL - HIF - HTÅ - HH - TRK - RO - LJ - HV - TØ - PE - HK]
RØ,4449,[KK - KN - KH - GB - NEL - IG - KJN - ØLB - KJ - HF - TH - HZ - OL - NÆN - NÆ]
RØ,4223,[HG - SQ - GÆ - HUM - NI - OK - RU - VB - SÅ - KL - HL - HGL - KK - KN - KH - VAL - HIF - HTÅ - HH - TRK - RO - VY - BO - KY - RG - GZ - NÆ]
IC,251,[CPH - TÅT - ØRE - KLV - NEL - IG - HTÅ - HH - TRK - RO - VY - RG - FJ - SO - SG - FO - NG - JU - OD]
IC,182,[AR - KGV - SD - HÅ - HS - HED - VJ - BET - FA - SNO - MD - KA - OD - MV - LV - UV - NG - SPR - KØ - FO - SG - SO - FJ - RG - KY - RO - TRK - HTÅ - GL - VAL - KH]
RØ,4865,[NÆ - MOG - LU - VO - MN - NV - EK - TN - NF]
RØ,2495,[KH - GB - NEL - IG - KJN - ØLB - KJ - HF - TH - HZ - OL - NÆN - NÆ]
EX,394,[HMB - ADF - ASW - AFW - PA - VK - KD - TL - OD - MV - RG - ADA - KH]
IC,2304,[FA - TL - KD - LK - VN - BP - HQ - GØ - BM - TB - ES]
RØ,1557,[KK - KN - KH - VAL - HTÅ - HH - RO - LJ - HK - RT - KS - MØ - JY - SE - VÆ - KBØ - KB]
RØ,4429,[KH - GB - NEL - IG - KJN - ØLB - KJ - HF - TH - HZ - OL - NÆN - NÆ]
IC,4190,[ABL - LIH - ABV - AB - OG - SØ - AD - HB - FP - RD - LG - HA - HN - AR]
L,746,[STR - HM - HO - TS - UU - ID - IB - GP - HR - KE - BB - TY - GW - GG - JL - GES - VJS - VJ - BET - FA]
RV,2976,[AR - KGV - VI - HC - SD - HÅ - HS - HED - VJ - BET - BK - FA]
RØ,1277,[KH - GB - NEL - IG - RG - GZ - NÆ - MOG - LU - VO - MN - NV - EK - TN - NF]
IC,165,[KK - KN - KH - VAL - HIF - HTÅ - HH - RO - VY - RG - FJ - SO - SG - FO - KØ - SPR - NG - JU - LV - MV - OD - HP - MD - SNO - FA]
RØ,2531,[HG - SQ - GÆ - HUM - NI - OK - RU - VB - SÅ - KL - HL - HGL - KK - KN - KH - VAL - HIF - HTÅ - HH - TRK - RO - LJ - HV - TØ - PE - HK]
L,34,[AR - KGV - SD - HÅ - HS - HED - VJ - BET - FA - SNO - OD - MV - KH - BAN - CPH]
RØ,4204,[VO - LU - MOG - NÆ - GZ - RG - KY - BO - VY - RO - TRK - HH - HTÅ - GL - VAL - KH - KN - KK - HGL - HL - KL - SÅ - VB - RU - OK - NI - HUM - GÆ - SQ - HG]
M,12396,[KH - KN - KK - HGL]
RØ,2483,[KK - KN - KH - GB - NEL - IG - KJN - ØLB - KJ - HF - TH - HZ - OL - NÆN - NÆ]
IC,5756,[FLB - AHAL - PA - VK - TE - RQ - OJ - SST - VM - LK - KD - TL - FA]
IC,412,[AR - KGV - SD - HÅ - HS - HED - VJ - BET - FA]
RØ,2260,[NÆ - GZ - RG - KY - BO - VY - RO - TRK - HH - HTÅ - GL - VAL - KH - KN - KK - HGL - HL - KL - SÅ - VB - RU - OK - NI - HUM - GÆ - SQ - HG]
IC,485,[FA - BK - BET - VJ - HED - HS - HÅ - SD - HX - VI - KGV - AR]
IC,2340,[FA - TL - KD - LK - VN - BP - HQ - GØ - BM - TB - ES]
RV,2920,[AR - KGV - VI - HC - SD - HÅ - HS - HED - VJ - BET - BK - FA]
RØ,4258,[RO - TRK - HH - HTÅ - GL - VAL - KH - KN - KK - HGL - HL - KL - SÅ - VB - RU - OK - NI - HUM - GÆ - SQ - HG]
IC,149,[KK - KN - KH - VAL - HIF - HTÅ - HH - RO - VY - RG - FJ - SO - SG - FO - KØ - SPR - NG - JU - LV - MV - OD - HP - MD - SNO - FA]
RØ,3555,[KK - KN - KH - VAL - HTÅ - HH - RO - LJ - HV - TØ - HK - RT - MØ - JY - SE - VÆ - KBØ - KB]
IC,5752,[FLB - AHAL - PA - VK - TE - RQ - OJ - SST - VM - LK - KD - TL - FA]
RØ,1237,[KH - GB - NEL - IG - RG - GZ - NÆ - MOG - VO - MN - NF]
RØ,1269,[KH - GB - NEL - IG - RG - GZ - NÆ - MOG - VO - MN - NF]
L,4034,[ABL - LIH - ABV - AB - OG - HB - FP - RD - LG - AR]
IC,5759,[FA - TL - KD - LK - VM - FZ - OJ - RQ - TE - VK - PA - PAGR - FLB]
L,4063,[AR - BR - RD - FP - HB - AD - AB]
RØ,2277,[HG - SQ - GÆ - HUM - NI - OK - RU - VB - SÅ - KL - HL - HGL - KK - KN - KH - VAL - HIF - HTÅ - HH - TRK - RO - VY - BO - KY - RG - GZ - NÆ]
RV,2754,[FA - SNO - MD - KA - NA - EB - GD - AP - BD - SC - TP - HP - OD]
RV,2925,[FA - BK - BET - VJ - HED - HS - HÅ - SD - HX - VI - KGV - AR]
RØ,235,[CPH - TÅT - ØRE - KLV - NEL - IG - HTÅ - HH - TRK - RO - VY - RG - FJ - SO - SG]
RØ,2264,[NÆ - GZ - RG - KY - BO - VY - RO - TRK - HH - HTÅ - GL - VAL - KH - KN - KK - HGL - HL - KL - SÅ - VB - RU - OK - NI - HUM - GÆ - SQ - HG]
RØ,4849,[NÆ - MOG - LU - VO - MN - NV - EK - TN - NF]
RV,2742,[FA - SNO - MD - KA - NA - EB - GD - AP - BD - SC - TP - HP - OD]
RØ,1221,[KH - GB - NEL - IG - RG - GZ - NÆ - MOG - LU - VO - MN - NV - EK - TN - NF]
RV,2936,[AR - KGV - VI - HC - SD - HÅ - HS - HED - VJ - BET - BK - FA]
IC,2316,[FA - TL - KD - LK - VN - BP - HQ - GØ - BM - TB - ES]
RØ,4206,[VO - LU - MOG - NÆ - GZ - RG - KY - BO - VY - RO - TRK - HH - HTÅ - GL - VAL - KH - KN - KK - HGL - HL - KL - SÅ - VB - RU - OK - NI - HUM - GÆ - SQ - HG]
RV,2972,[AR - KGV - VI - HC - SD - HÅ - HS - HED - VJ - BET - BK - FA]
IC,238,[OD - MV - NG - SPR - SG - SO - FJ - RG - KY - RO - TRK - HH - HTÅ - GL - NEL - KLV - ØRE - TÅT - CPH]
RØ,2452,[NÆ - NÆN - OL - HZ - TH - HF - KJ - ØLB - KJN - JSF - NEL - GB - KH]
IC,5765,[FA - TL - KD - LK - VM - FZ - OJ - RQ - TE - VK - PA - PAGR - FLB]
M,6314,[CPH - TÅT - KH]
RØ,2546,[HK - PE - TØ - HV - LJ - RO - TRK - HH - HTÅ - GL - VAL - KH - KN - KK - HGL - HL - KL - SÅ - VB - RU - OK - NI - HUM - GÆ - SQ - HG]
RØ,3363,[HGL - KK - KN - KH - VAL - HIF - HTÅ - HH - RO]
M,12399,[HGL - KK - KN - KH]
RØ,4829,[NÆ - MOG - LU - VO - MN - NV - EK - TN - NF]
IC,448,[AR - KGV - SD - HÅ - HS - HED - VJ - BET - FA]
RØ,2547,[HG - SQ - GÆ - HUM - NI - OK - RU - VB - SÅ - KL - HL - HGL - KK - KN - KH - VAL - HIF - HTÅ - HH - TRK - RO - LJ - HV - TØ - PE - HK]
RØ,4242,[NÆ - GZ - RG - KY - BO - VY - RO - TRK - HH - HTÅ - GL - VAL - KH - KN - KK - HGL - HL - KL - SÅ - VB - RU - OK - NI - HUM - GÆ - SQ - HG]
IC,4133,[AR - BR - HA - LG - RD - FP - HB - AD - SØ - SR - AB - ABV - LIH - ABL]
RV,2956,[AR - KGV - VI - HC - SD - HÅ - HS - HED - VJ - BET - BK - FA]
IC,191,[KH - VAL - HIF - HTÅ - HH - RO - VY - RG - FJ - SO - SG - FO - KØ - SPR - NG - JU - LV - MV - OD - HP - MD - SNO - FA - BK - VJ - HED - HS - HÅ - SD - HX - AR]
RØ,2272,[KH - KN - KK - HGL - HL - KL - SÅ - VB - RU - OK - NI - HUM - GÆ - SQ - HG]
IC,152,[AR - KGV - SD - HÅ - HS - HED - VJ - BET - FA - SNO - MD - KA - OD - MV - LV - UV - NG - SPR - KØ - FO - SG - SO - FJ - RG - KY - RO - TRK - HTÅ - GL - VAL - KH]
IC,5763,[FA - TL - KD - LK - VM - FZ - OJ - RQ - TE - VK - PA - PAGR - FLB]
RØ,2550,[HK - PE - TØ - HV - LJ - RO - TRK - HH - HTÅ - GL - VAL - KH - KN - KK - HGL - HL - KL - SÅ - VB - RU - OK - NI - HUM - GÆ - SQ - HG]
RØ,1272,[NF - TN - EK - NV - OH - VO - LU - MOG - NÆ - GZ - RG - ADA - KJN - JSF - NEL - GB - KH]
L,59,[CPH - TÅT - KH - GB - OD - HP - FA - BK - VJ - HED - HS - HÅ - SD - HX - AR]
EX,1198,[HMB - ADF - ASW - AFW - PA - VK - KD - TL - OD - MV - RG - ADA - KH]
RØ,1220,[NF - TN - VO - LU - NÆ - GZ - RG - ADA - NEL - GB - KH]
RØ,4218,[NÆ - GZ - RG - KY - BO - VY - RO - TRK - HH - HTÅ - GL - VAL - KH - KN - KK - HGL - HL - KL - SÅ - VB - RU - OK - NI - HUM - GÆ - SQ - HG]
RØ,1552,[KB - KBØ - VÆ - SE - JY - MØ - KS - RT - HK - PE - RO - TRK - HTÅ - GL - KH - KN - KK]
EX,1191,[KH - GB - RG - FJ - OD - HP - KD - LK - PA - PAGR - ASW - AR - HMB]
L,935,[FA - TL - KD - LK - VM - FZ - OJ - RQ - TE - KW - GST - SDB]
RV,2720,[FA - SNO - MD - KA - NA - EB - GD - AP - BD - SC - TP - HP - OD]
RØ,1574,[KB - KBØ - VÆ - SE - JY - MØ - KS - RT - HK - PE - TØ - HV - LJ - RO - TRK - HH - HTÅ - GL - VAL - KH]
M,9720,[KK - HGL]
RØ,3859,[NÆ - MOG - LU - VO - MN - NV - EK - TN - NF]
IC,846,[ES - JNE - BM - GØ - VN - LK - KD - TL - MD - KA - OD - MV - NG - SPR - KØ - FO - SG - SO - FJ - RG - ADA - KJN - JSF - NEL - GB - KH - KN - KK - HGL]
RR,982,[SDB - GST - KW - TE - RQ - OJ - SST - VM - LK - KD - TL - FA]
IC,141,[KH - VAL - HIF - HTÅ - HH - RO - VY - RG - FJ - SO - SG - FO - KØ - SPR - NG - JU - LV - MV - OD - HP - MD - SNO - FA - BK - VJ - HED - HS - HÅ - SD - HX - AR]
IC,4113,[AR - BR - HA - LG - RD - FP - HB - AD - SØ - SR - AB - ABV - LIH - ABL]
IC,144,[FA - SNO - MD - KA - OD - MV - LV - UV - NG - SPR - KØ - FO - SG - SO - FJ - RG - KY - RO - TRK - HTÅ - GL - VAL - KH - KN - KK - HGL]
IC,4176,[ABL - LIH - ABV - AB - OG - SØ - AD - HB - FP - RD - LG - HA - HN - AR]
IC,827,[HGL - KK - KN - KH - GB - NEL - IG - KJN - LEL - RG - FJ - SO - SG - FO - KØ - SPR - NG - JU - OD - HP - MD - SNO - KD - LK - VN - BP - BM - TB - ES]
IC,839,[KK - KN - KH - GB - NEL - IG - KJN - LEL - RG - FJ - SO - SG - FO - KØ - SPR - NG - JU - OD - HP - MD - SNO - KD - LK - VN - BP - BM - TB - ES]
RV,4721,[OD - HP - TP - SC - AP - GD - EB - NA - KA - MD - SNO - FA]
IC,80108,[FA - SNO - MD - KA - OD - MV - LV - UV - NG - SPR - KØ - FO - SG - SO - FJ - RG - KY - RO - TRK - HTÅ - GL - VAL - KH - KN - KK - HGL]
IC,1472,[KH - BAN - CPH]
RØ,2089,[HG - SQ - GÆ - HUM - NI - OK - RU - VB - SÅ - KL - HL - HGL - KK - KN - KH]
L,26,[AR - KGV - SD - HÅ - HS - HED - VJ - BET - FA - SNO - OD - MV - KH - BAN - CPH]
IC,132,[FA - SNO - MD - KA - OD - MV - LV - UV - NG - SPR - KØ - FO - SG - SO - FJ - RG - KY - RO - TRK - HTÅ - GL - VAL - KH - KN - KK - HGL]
L,4054,[ABL - LIH - ABV - AB - OG - HB - FP - RD - LG - AR]
IC,4165,[AR - BR - HA - LG - RD - FP - HB - AD - SØ - SR - AB - ABV - LIH - ABL]
RØ,274,[RO - TRK - HH - HTÅ - GL - NEL - KLV - ØRE - TÅT - CPH]
RØ,4441,[KK - KN - KH - GB - NEL - IG - KJN - ØLB - KJ - HF - TH - HZ - OL - NÆN - NÆ]
RØ,4263,[HG - SQ - GÆ - HUM - NI - OK - RU - VB - SÅ - KL - HL - HGL - KK - KN - KH - VAL - HIF - HTÅ - HH - TRK - RO - VY - BO - KY - RG - GZ - NÆ]
RØ,1273,[KH - GB - NEL - IG - RG - GZ - NÆ - MOG - VO - MN - NF]
IC,4184,[ABL - LIH - ABV - AB - OG - SØ - AD - HB - FP - RD - LG - HA - HN - AR]
RØ,4410,[NÆ - NÆN - OL - HZ - TH - HF - KJ - ØLB - KJN - JSF - NEL - GB - KH]
IC,875,[HGL - KK - KN - KH - GB - NEL - IG - KJN - LEL - RG - FJ - SO - SG - FO - KØ - SPR - NG - JU - OD - HP - MD - SNO - KD - LK - VN - BP - BM - TB - ES]
RØ,2439,[KK - KN - KH - GB - NEL - IG - KJN - ØLB - KJ - HF - TH - HZ - OL - NÆN - NÆ]
RØ,2419,[KH - GB - NEL - IG - KJN - ØLB - KJ - HF - TH - HZ - OL - NÆN - NÆ]
RØ,2444,[NÆ - NÆN - OL - HZ - TH - HF - KJ - ØLB - KJN - JSF - NEL - GB - KH]
RØ,1229,[KH - GB - NEL - IG - RG - GZ - NÆ - MOG - VO - MN - NF]
RØ,2412,[NÆ - NÆN - OL - HZ - TH - HF - KJ - ØLB - KJN - JSF - NEL - GB - KH - KN - KK]
L,4042,[ABL - LIH - ABV - AB - OG - HB - FP - RD - LG - AR]
RØ,4426,[NÆ - NÆN - OL - HZ - TH - HF - KJ - ØLB - KJN - JSF - NEL - GB - KH - KN - KK]
RØ,1265,[KH - GB - NEL - IG - RG - GZ - NÆ - MOG - VO - MN - NF]
RV,2961,[FA - BK - BET - VJ - HED - HS - HÅ - SD - HX - VI - KGV - AR]
IC,125,[KK - KN - KH - VAL - HIF - HTÅ - HH - RO - VY - RG - FJ - SO - SG - FO - KØ - SPR - NG - JU - LV - MV - OD - HP - MD - SNO - FA - BK - VJ - HED - HS - HÅ - SD - HX - AR]
L,959,[FA - TL - KD - LK - VM - FZ - OJ - RQ - TE - KW - GST - SDB]
L,4055,[AR - BR - RD - FP - HB - AD - AB]
M,7085,[FA - BK - AR]
IC,124,[FA - SNO - MD - KA - OD - MV - LV - UV - NG - SPR - KØ - FO - SG - SO - FJ - RG - KY - RO - TRK - HTÅ - GL - VAL - KH]
RØ,3510,[KB - KBØ - VÆ - SE - JY - MØ - KS - HK - PE - HV - LJ - RO - TRK - HTÅ - GL - KH - KN - KK]
RØ,1236,[NF - TN - VO - LU - NÆ - GZ - RG - ADA - NEL - GB - KH]
M,12196,[KH - KN - KK - HGL]
RØ,3400,[KH - KN - KK - HGL - HL - KL - OK - NI - HUM - GÆ - SQ - HG]
RØ,4453,[KK - KN - KH - GB - NEL - IG - KJN - ØLB - KJ - HF - TH - HZ - OL - NÆN - NÆ]
RØ,2579,[HG - SQ - GÆ - HUM - NI - OK - RU - VB - SÅ - KL - HL - HGL - KK - KN - KH]
L,63,[CPH - TÅT - KH - GB - OD - HP - FA - BK - VJ - HED - HS - HÅ - SD - HX - AR]
L,62,[AR - KGV - SD - HÅ - HS - HED - VJ - BET - FA - SNO - OD - MV - KH - BAN - CPH]
RØ,2436,[NÆ - NÆN - OL - HZ - TH - HF - KJ - ØLB - KJN - JSF - NEL - GB - KH]
RØ,3471,[HG - SQ - GÆ - HUM - NI - OK - RU - HL - HGL - KK - KN - KH]
M,9387,[KH - BAN - CPH]
RØ,3802,[NF - TN - EK - NV - OH - VO]
RØ,4254,[RO - TRK - HH - HTÅ - GL - VAL - KH - KN - KK - HGL - HL - KL - SÅ - VB - RU - OK - NI - HUM - GÆ - SQ - HG]
RØ,4214,[NÆ - GZ - RG - KY - BO - VY - RO - TRK - HH - HTÅ - GL - VAL - KH - KN - KK - HGL - HL - KL - SÅ - VB - RU - OK - NI - HUM - GÆ - SQ - HG]
RØ,2252,[NÆ - GZ - RG - KY - BO - VY - RO - TRK - HH - HTÅ - GL - VAL - KH - KN - KK - HGL - HL - KL - SÅ - VB - RU - OK - NI - HUM - GÆ - SQ - HG]
RØ,1224,[NF - TN - VO - LU - NÆ - GZ - RG - ADA - NEL - GB - KH]
RØ,4824,[NF - TN - EK - NV - OH - VO - LU - MOG - NÆ]
IC,2329,[ES - JNE - BM - GØ - HQ - BP - VN - LK - KD - TL - FA]
RØ,3448,[KH - KN - KK - HGL - HL - KL - OK - NI - HUM - GÆ - SQ - HG]
RØ,4274,[KH - KN - KK - HGL - HL - KL - SÅ - VB - RU - OK - NI - HUM - GÆ - SQ - HG]
RØ,4828,[NF - TN - EK - NV - OH - VO - LU - MOG - NÆ]
RØ,2558,[HK - PE - TØ - HV - LJ - RO - TRK - HH - HTÅ - GL - VAL - KH - KN - KK - HGL - HL - KL - SÅ - VB - RU - OK - NI - HUM - GÆ - SQ - HG]
RØ,262,[SG - SO - FJ - RG - KY - RO - TRK - HH - HTÅ - GL - NEL - KLV - ØRE - TÅT - CPH]
RØ,4230,[NÆ - GZ - RG - KY - BO - VY - RO - TRK - HH - HTÅ - GL - VAL - KH - KN - KK - HGL - HL - KL - SÅ - VB - RU - OK - NI - HUM - GÆ - SQ - HG]
RV,4748,[FA - SNO - MD - KA - NA - EB - GD - AP - BD - TP - HP - OD]
RØ,2208,[NÆ - GZ - RG - KY - BO - VY - RO - TRK - HH - HTÅ - GL - VAL - KH - KN - KK - HGL - HL - KL - SÅ - VB - RU - OK - NI - HUM - GÆ - SQ - HG]
M,9676,[KH - KN - KK]
RØ,4852,[NF - TN - EK - NV - OH - VO - LU - MOG - NÆ]
M,9043,[HG - SQ - KK]
IC,417,[FA - BK - VJ - HED - HS - HÅ - SD - HX - AR]
IC,129,[KK - KN - KH - VAL - HIF - HTÅ - HH - RO - VY - RG - FJ - SO - SG - FO - KØ - SPR - NG - JU - LV - MV - OD - HP - MD - SNO - FA]
RØ,4262,[RO - TRK - HH - HTÅ - GL - VAL - KH - KN - KK - HGL - HL - KL - SÅ - VB - RU - OK - NI - HUM - GÆ - SQ - HG]
M,6322,[KK - HGL]
RØ,2538,[HK - PE - TØ - HV - LJ - RO - TRK - HH - HTÅ - GL - VAL - KH - KN - KK - HGL - HL - KL - SÅ - VB - RU - OK - NI - HUM - GÆ - SQ - HG]
RØ,239,[CPH - TÅT - ØRE - KLV - NEL - IG - HTÅ - HH - TRK - RO - VY - RG - FJ - SO - SG]
RØ,4569,[HG - SQ - GÆ - HUM - NI - OK - RU - VB - SÅ - KL - HL - HGL - KK - KN - KH - VAL - HIF - HTÅ - HH - TRK - RO - LJ - HV - TØ - PE - HK]
RØ,3440,[KH - KN - KK - HGL - HL - KL - OK - NI - HUM - GÆ - SQ - HG]
L,42,[AR - KGV - SD - HÅ - HS - HED - VJ - BET - FA - SNO - OD - MV - KH - BAN - CPH]
L,66,[AR - KGV - SD - HÅ - HS - HED - VJ - BET - FA - SNO - OD - MV - KH - BAN - CPH]
L,4026,[ABL - LIH - ABV - AB - OG - HB - FP - RD - LG - AR]
RV,2940,[AR - KGV - VI - HC - SD - HÅ - HS - HED - VJ - BET - BK - FA]
IC,116,[FA - SNO - MD - KA - OD - MV - LV - UV - NG - SPR - KØ - FO - SG - SO - FJ - RG - KY - RO - TRK - HTÅ - GL - VAL - KH - KN - KK - HGL]
RV,4756,[FA - SNO - MD - KA - NA - EB - GD - AP - BD - TP - HP - OD]
RV,2733,[OD - HP - TP - SC - BD - AP - GD - EB - NA - KA - MD - SNO - FA]
RØ,4544,[HK - PE - TØ - HV - LJ - RO - TRK - HH - HTÅ - GL - VAL - KH - KN - KK - HGL - HL - KL - SÅ - VB - RU - OK - NI - HUM - GÆ - SQ - HG]
RØ,4821,[NÆ - MOG - LU - VO - MN - NV - EK - TN - NF]
IC,2376,[FA - TL - KD - LK - VN - BP - HQ - GØ - BM - TB - ES]
RØ,2500,[KH - KN - KK - HGL - HL - KL - SÅ - VB - RU - OK - NI - HUM - GÆ - SQ - HG]
RØ,4549,[HG - SQ - GÆ - HUM - NI - OK - RU - VB - SÅ - KL - HL - HGL - KK - KN - KH - VAL - HIF - HTÅ - HH - TRK - RO - LJ - HV - TØ - PE - HK]
IC,5764,[FLB - AHAL - PA - VK - TE - RQ - OJ - SST - VM - LK - KD - TL - FA]
IC,2383,[ES - JNE - BM - GØ - HQ - BP - VN - LK - KD - TL - FA]
IC,1476,[KH - BAN - ØRE - TÅT - CPH]
IC,2337,[ES - JNE - BM - GØ - HQ - BP - VN - LK - KD - TL - FA]
RØ,3559,[KK - KN - KH - VAL - HTÅ - HH - RO - LJ - HV - TØ - HK - RT - MØ - JY - SE - VÆ - KBØ - KB]
RØ,279,[CPH - TÅT - ØRE - KLV - NEL - IG - HTÅ - HH - TRK - RO - VY - RG - FJ - SO - SG]
RV,3954,[AR - KGV - VI - HC - SD - HÅ - HS - HED - VJ - BET - BK - FA]
RØ,2245,[HG - SQ - GÆ - HUM - NI - OK - RU - VB - SÅ - KL - HL - HGL - KK - KN - KH - VAL - HIF - HTÅ - HH - TRK - RO - VY - BO - KY - RG - GZ - NÆ]
L,723,[FA - BK - VJ - VJS - GES - JL - GG - GW - TY - BB - FT - HR - GP - IB - ID - UU - TS - HO - HM - STR]
RØ,1268,[NF - TN - EK - NV - OH - VO - LU - MOG - NÆ - GZ - RG - ADA - KJN - JSF - NEL - GB - KH]
RØ,4825,[NÆ - MOG - LU - VO - MN - NV - EK - TN - NF]
IC,4141,[AR - BR - HA - LG - RD - FP - HB - AD - SØ - SR - AB - ABV - LIH - ABL]
RØ,4434,[NÆ - NÆN - OL - HZ - TH - HF - KJ - ØLB - KJN - JSF - NEL - GB - KH]
IC,4164,[ABL - LIH - ABV - AB - OG - SØ - AD - HB - FP - RD - LG - HA - HN - AR]
IC,1413,[CPH - TÅT - ØRE - KLV - KH]
L,50,[AR - KGV - SD - HÅ - HS - HED - VJ - BET - FA - SNO - OD - MV - KH - BAN - CPH]
RØ,2435,[KH - GB - NEL - IG - KJN - ØLB - KJ - HF - TH - HZ - OL - NÆN - NÆ]
IC,822,[ES - JNE - BM - GØ - VN - LK - KD - TL - MD - KA - OD - MV - NG - SPR - KØ - FO - SG - SO - FJ - RG - ADA - KJN - JSF - NEL - GB - KH - KN - KK]
IC,242,[OD - MV - NG - SPR - SG - SO - FJ - RG - KY - RO - TRK - HH - HTÅ - GL - NEL - KLV - ØRE - TÅT - CPH]
IC,107,[KH - VAL - HIF - HTÅ - HH - RO - VY - RG - FJ - SO - SG - FO - KØ - SPR - NG - JU - OD - HP - MD - SNO - FA - BK - VJ - HED - HS - HÅ - SD - HX - AR]
L,38,[AR - KGV - SD - HÅ - HS - HED - VJ - BET - FA - SNO - OD - MV - KH - BAN - CPH]
RØ,2297,[HG - SQ - GÆ - HUM - NI - OK - RU - VB - SÅ - KL - HL - HGL - KK - KN - KH]
M,6343,[KH - BAN - CPH]
RØ,291,[CPH - TÅT - ØRE - KLV - NEL - IG - HTÅ - HH - TRK - RO]
EX,1196,[HMB - ADF - ASW - AFW - PA - VK - KD - TL - OD - MV - RG - ADA - KH]
L,14,[AR - KGV - SD - HÅ - HS - HED - VJ - BET - FA - SNO - OD - MV - KH - BAN - CPH]
IC,120,[AR - KGV - SD - HÅ - HS - HED - VJ - BET - FA - SNO - MD - KA - OD - MV - LV - UV - NG - SPR - KØ - FO - SG - SO - FJ - RG - KY - RO - TRK - HTÅ - GL - VAL - KH - KN - KK]
RØ,2268,[NÆ - GZ - RG - KY - BO - VY - RO - TRK - HH - HTÅ - GL - VAL - KH - KN - KK - HGL - HL - KL - SÅ - VB - RU - OK - NI - HUM - GÆ - SQ - HG]
IC,469,[FA - BK - VJ - HED - HS - HÅ - SD - HX - AR]
RØ,1281,[KH - GB - NEL - IG - RG - GZ - NÆ - MOG - LU - VO - MN - NV - EK - TN - NF]
L,747,[VJ - VJS - GES - JL - GG - GW - TY - BB - FT - HR - GP - IB - ID - UU - TS - HO - HM - STR]
RV,4753,[OD - HP - TP - SC - AP - GD - EB - NA - KA - MD - SNO - FA]
RØ,3506,[KB - KBØ - VÆ - SE - JY - MØ - KS - HK - PE - HV - LJ - RO - TRK - HTÅ - GL - KH - KN - KK]
RØ,3402,[KH - KN - KK - HGL - HL - KL - OK - NI - HUM - GÆ - SQ - HG]
RØ,2224,[NÆ - GZ - RG - KY - BO - VY - RO - TRK - HH - HTÅ - GL - VAL - KH - KN - KK - HGL - HL - KL - SÅ - VB - RU - OK - NI - HUM - GÆ - SQ - HG]
IC,842,[ES - JNE - BM - GØ - VN - LK - KD - TL - MD - KA - OD - MV - NG - SPR - KØ - FO - SG - SO - FJ - RG - ADA - KJN - JSF - NEL - GB - KH - KN - KK - HGL]
RØ,4275,[HG - SQ - GÆ - HUM - NI - OK - RU - VB - SÅ - KL - HL - HGL - KK - KN - KH - VAL - HIF - HTÅ - HH - TRK - RO]
RØ,2522,[HK - PE - TØ - HV - LJ - RO - TRK - HH - HTÅ - GL - VAL - KH - KN - KK - HGL - HL - KL - SÅ - VB - RU - OK - NI - HUM - GÆ - SQ - HG]
L,942,[SDB - GST - KW - TE - RQ - OJ - SST - VM - LK - KD - TL - FA]
RV,2953,[FA - BK - BET - VJ - HED - HS - HÅ - SD - HX - VI - KGV - AR]
IC,461,[FA - BK - VJ - HED - HS - HÅ - SD - HX - AR]
M,9176,[RO - TRK - KH - KN - KK]
RØ,2236,[NÆ - GZ - RG - KY - BO - VY - RO - TRK - HH - HTÅ - GL - VAL - KH - KN - KK - HGL - HL - KL - SÅ - VB - RU - OK - NI - HUM - GÆ - SQ - HG]
RØ,4560,[HK - PE - TØ - HV - LJ - RO - TRK - HH - HTÅ - GL - VAL - KH - KN - KK - HGL - HL - KL - SÅ - VB - RU - OK - NI - HUM - GÆ - SQ - HG]
RØ,2519,[KH - VAL - HIF - HTÅ - HH - TRK - RO - LJ - HV - TØ - PE - HK]
RØ,3475,[HG - SQ - GÆ - HUM - NI - OK - RU - HL - HGL - KK - KN - KH]
L,4038,[ABL - LIH - ABV - AB - OG - HB - FP - RD - LG - AR]
RØ,4418,[NÆ - NÆN - OL - HZ - TH - HF - KJ - ØLB - KJN - JSF - NEL - GB - KH - KN - KK]
RØ,4844,[NF - TN - EK - NV - OH - VO - LU - MOG - NÆ]
RØ,2566,[HK - PE - TØ - HV - LJ - RO - TRK - HH - HTÅ - GL - VAL - KH - KN - KK - HGL]
RØ,4259,[HG - SQ - GÆ - HUM - NI - OK - RU - VB - SÅ - KL - HL - HGL - KK - KN - KH - VAL - HIF - HTÅ - HH - TRK - RO - VY - BO - KY - RG - GZ - NÆ]
RV,3947,[FA - BK - BET - VJ - HED - HS - HÅ - SD - HX - VI - KGV - AR]
L,58,[AR - KGV - SD - HÅ - HS - HED - VJ - BET - FA - SNO - OD - MV - KH - BAN - CPH]
RV,3950,[AR - KGV - VI - HC - SD - HÅ - HS - HED - VJ - BET - BK - FA]
RØ,1508,[KB - KBØ - VÆ - SE - JY - MØ - KS - RT - HK - PE - RO - TRK - HTÅ - GL - KH - KN - KK - HGL]
RØ,2269,[HG - SQ - GÆ - HUM - NI - OK - RU - VB - SÅ - KL - HL - HGL - KK - KN - KH - VAL - HIF - HTÅ - HH - TRK - RO - VY - BO - KY - RG - GZ - NÆ]
RØ,4841,[NÆ - MOG - LU - VO - MN - NV - EK - TN - NF]
IC,863,[HGL - KK - KN - KH - GB - NEL - IG - KJN - LEL - RG - FJ - SO - SG - FO - KØ - SPR - NG - JU - OD - HP - MD - SNO - KD - LK - VN - BP - BM - TB - ES]
RØ,2468,[NÆ - NÆN - OL - HZ - TH - HF - KJ - ØLB - KJN - JSF - NEL - GB - KH]
RR,974,[SDB - GST - KW - TE - RQ - OJ - SST - VM - LK - KD - TL - FA]
RØ,4438,[NÆ - NÆN - OL - HZ - TH - HF - KJ - ØLB - KJN - JSF - NEL - GB - KH]
IC,208,[OD - MV - NG - SPR - SG - SO - FJ - RG - KY - RO - TRK - HH - HTÅ - GL - NEL - KLV - ØRE - TÅT - CPH]
RØ,222,[SG - SO - FJ - RG - KY - RO - TRK - HH - HTÅ - GL - NEL - KLV - ØRE - TÅT - CPH]
IC,2365,[ES - JNE - BM - GØ - HQ - BP - VN - LK - KD - TL - FA]
RV,2917,[FA - BK - BET - VJ - HED - HS - HÅ - SD - HX - VI - KGV - AR]
RØ,4454,[NÆ - NÆN - OL - HZ - TH - HF - KJ - ØLB - KJN - JSF - NEL - GB - KH - KN - KK]
RØ,266,[RO - TRK - HH - HTÅ - GL - NEL - KLV - ØRE - TÅT - CPH]
IC,137,[KH - VAL - HIF - HTÅ - HH - RO - VY - RG - FJ - SO - SG - FO - KØ - SPR - NG - JU - LV - MV - OD - HP - MD - SNO - FA]
IC,113,[KH - VAL - HIF - HTÅ - HH - RO - VY - RG - FJ - SO - SG - FO - KØ - SPR - NG - JU - LV - MV - OD - HP - MD - SNO - FA]
RØ,2237,[HG - SQ - GÆ - HUM - NI - OK - RU - VB - SÅ - KL - HL - HGL - KK - KN - KH - VAL - HIF - HTÅ - HH - TRK - RO - VY - BO - KY - RG - GZ - NÆ]
L,4039,[AR - BR - RD - FP - HB - AD - AB - ABV - LIH - ABL]
IC,453,[FA - BK - VJ - HED - HS - HÅ - SD - HX - AR]
RØ,4238,[NÆ - GZ - RG - KY - BO - VY - RO - TRK - HH - HTÅ - GL - VAL - KH - KN - KK - HGL - HL - KL - SÅ - VB - RU - OK - NI - HUM - GÆ - SQ - HG]
EX,397,[KH - GB - RG - FJ - OD - HP - KD - LK - PA - PAGR - ASW - AR - HMB]
RØ,2551,[HG - SQ - GÆ - HUM - NI - OK - RU - VB - SÅ - KL - HL - HGL - KK - KN - KH - VAL - HIF - HTÅ - HH - TRK - RO - LJ - HV - TØ - PE - HK]
IC,831,[HGL - KK - KN - KH - GB - NEL - IG - KJN - LEL - RG - FJ - SO - SG - FO - KØ - SPR - NG - JU - OD - HP - MD - SNO - KD - LK - VN - BP - BM - TB - ES]
IC,421,[FA - BK - VJ - HED - HS - HÅ - SD - HX - AR]
L,4043,[AR - BR - RD - FP - HB - AD - AB - ABV - LIH - ABL]
RØ,4860,[NF - TN - EK - NV - OH - VO - LU - MOG - NÆ]
RØ,1587,[KK - KN - KH - VAL - HIF - HTÅ - HH - TRK - RO - LJ - HV - TØ - PE - HK - RT - KS - MØ - JY - SE - VÆ - KBØ - KB]
RV,2924,[AR - KGV - VI - HC - SD - HÅ - HS - HED - VJ - BET - BK - FA]
IC,4180,[AB - OG - SØ - AD - HB - FP - RD - LG - HA - HN - AR]
RØ,1264,[NF - TN - EK - NV - OH - VO - LU - MOG - NÆ - GZ - RG - ADA - NEL - GB - KH]
IC,834,[ES - JNE - BM - GØ - VN - LK - KD - TL - MD - KA - OD - MV - NG - SPR - KØ - FO - SG - SO - FJ - RG - ADA - KJN - JSF - NEL - GB - KH - KN - KK - HGL]
RØ,4895,[KH - VAL - HIF - HTÅ - HH - TRK - RO - VY - BO - KY - RG - GZ - NÆ - MOG - LU - VO - MN - NV - EK - TN - NF]
RV,2928,[AR - KGV - VI - HC - SD - HÅ - HS - HED - VJ - BET - BK - FA]
RØ,1252,[NF - TN - VO - LU - NÆ - GZ - RG - ADA - NEL - GB - KH]
IC,4161,[AR - BR - HA - LG - RD - FP - HB - AD - SØ - SR - AB - ABV - LIH - ABL]
RØ,3450,[KH - KN - KK - HGL - HL - KL - OK - NI - HUM - GÆ - SQ - HG]
RV,2760,[FA - SNO - MD - KA - NA - EB - GD - AP - BD - SC - TP - HP - OD]
IC,259,[CPH - TÅT - ØRE - KLV - NEL - IG - HTÅ - HH - TRK - RO - VY - RG - FJ - SO - SG - FO - NG - JU - OD]
RØ,4243,[HG - SQ - GÆ - HUM - NI - OK - RU - VB - SÅ - KL - HL - HGL - KK - KN - KH - VAL - HIF - HTÅ - HH - TRK - RO - VY - BO - KY - RG - GZ - NÆ]
IC,866,[ES - JNE - BM - GØ - VN - LK - KD - TL - MD - KA - OD - MV - NG - SPR - KØ - FO - SG - SO - FJ - RG - ADA - KJN - JSF - NEL - GB - KH - KN - KK]
RØ,4836,[NF - TN - EK - NV - OH - VO - LU - MOG - NÆ]
L,47,[CPH - TÅT - KH - GB - OD - HP - FA - BK - VJ - HED - HS - HÅ - SD - HX - AR]
IC,1417,[CPH - TÅT - ØRE - KLV - KH]
IC,4124,[ABL - LIH - ABV - AB - OG - SØ - AD - HB - FP - RD - LG - HA - HN - AR]
RØ,4861,[NÆ - MOG - LU - VO - MN - NV - EK - TN - NF]
RØ,1529,[KK - KN - KH - VAL - HTÅ - HH - RO - LJ - HK - RT - KS - MØ - JY - SE - VÆ - KBØ - KB]
M,9702,[CPH - TÅT - KH - KN - HGL]
M,9301,[KH - BAN - CPH]
RØ,2440,[NÆ - NÆN - OL - HZ - TH - HF - KJ - ØLB - KJN - JSF - NEL - GB - KH]
RV,3918,[AR - KGV - VI - HC - SD - HÅ - HS - HED - VJ - BET - BK - FA]
RØ,1516,[KB - KBØ - VÆ - SE - JY - MØ - KS - RT - HK - PE - RO - TRK - HTÅ - GL - KH - KN - KK]
RV,2341,[ES - JNE - BM - GØ - HQ - BP - VN - LK - KD - TL - FA]
RØ,1564,[KB - KBØ - VÆ - SE - JY - MØ - KS - RT - HK - PE - RO - TRK - HTÅ - GL - KH - KN - KK]
IC,871,[HGL - KK - KN - KH - GB - NEL - IG - KJN - LEL - RG - FJ - SO - SG - FO - KØ - SPR - NG - JU - OD - HP - MD - SNO - KD - LK - VN - BP - BM - TB - ES]
RØ,2424,[NÆ - NÆN - OL - HZ - TH - HF - KJ - ØLB - KJN - JSF - NEL - GB - KH]
M,940387,[AA - ADF - HMB]
RØ,2299,[KH - VAL - HIF - HTÅ - HH - TRK - RO - VY - BO - KY - RG - GZ - NÆ]
RØ,1517,[KK - KN - KH - VAL - HTÅ - HH - RO - LJ - HK - RT - KS - MØ - JY - SE - VÆ - KBØ - KB]
RV,2777,[OD - HP - TP - SC - BD - AP - GD - EB - NA - KA - MD - SNO - FA]
RØ,2085,[HG - SQ - GÆ - HUM - NI - OK - RU - VB - SÅ - KL - HL - HGL - KK - KN - KH]
RØ,2287,[HG - SQ - GÆ - HUM - NI - OK - RU - VB - SÅ - KL - HL - HGL - KK - KN - KH - VAL - HIF - HTÅ - HH - TRK - RO - VY - BO - KY - RG - GZ - NÆ]
RØ,295,[CPH - TÅT - ØRE - KLV - NEL - IG - HTÅ - HH - TRK - RO]
RØ,2256,[NÆ - GZ - RG - KY - BO - VY - RO - TRK - HH - HTÅ - GL - VAL - KH - KN - KK - HGL - HL - KL - SÅ - VB - RU - OK - NI - HUM - GÆ - SQ - HG]
L,39,[CPH - TÅT - KH - GB - OD - HP - FA - BK - VJ - HED - HS - HÅ - SD - HX - AR]
L,4047,[AR - BR - RD - FP - HB - AD - AB - ABV - LIH - ABL]
RV,2948,[AR - KGV - VI - HC - SD - HÅ - HS - HED - VJ - BET - BK - FA]
RV,2973,[FA - BK - BET - VJ - HED - HS - HÅ - SD - HX - VI - KGV - AR]
RØ,3438,[KH - KN - KK - HGL - HL - KL - OK - NI - HUM - GÆ - SQ - HG]
RØ,1536,[KB - KBØ - VÆ - SE - JY - MØ - KS - RT - HK - PE - RO - TRK - HTÅ - GL - KH - KN - KK]
RR,3408,[KH - KN - KK - HGL - HL - KL - OK - NI - HUM - GÆ - SQ - HG]
IC,4137,[AR - BR - HA - LG - RD - FP - HB - AD - SØ - SR - AB - ABV - LIH - ABL]
L,4070,[ABL - LIH - ABV - AB - OG - HB - FP - RD - LG - AR]
RØ,2463,[KH - GB - NEL - IG - KJN - ØLB - KJ - HF - TH - HZ - OL - NÆN - NÆ]
RØ,3434,[KH - KN - KK - HGL - HL - KL - OK - NI - HUM - GÆ - SQ - HG]
L,763,[FA - BK - VJ - VJS - GES - JL - GG - GW - TY - BB - FT - HR - GP - IB - ID - UU - TS - HO - HM - STR]
RØ,1540,[KB - KBØ - VÆ - SE - JY - MØ - KS - RT - HK - PE - RO - TRK - HTÅ - GL - KH - KN - KK]
RØ,4532,[HK - PE - TØ - HV - LJ - RO - TRK - HH - HTÅ - GL - VAL - KH - KN - KK - HGL - HL - KL - SÅ - VB - RU - OK - NI - HUM - GÆ - SQ - HG]
IC,810,[ES - JNE - BM - GØ - VN - LK - KD - TL - MD - KA - OD - MV - NG - SPR - KØ - FO - SG - SO - FJ - RG - ADA - KJN - JSF - NEL - GB - KH - KN - KK - HGL]
IC,477,[FA - BK - BET - VJ - HED - HS - HÅ - SD - HX - VI - KGV - AR]
IC,2317,[ES - JNE - BM - GØ - HQ - BP - VN - LK - KD - TL - FA]
RØ,1570,[KB - KBØ - VÆ - SE - JY - MØ - KS - RT - HK - PE - TØ - HV - LJ - RO - TRK - HH - HTÅ - GL - VAL - KH]
RØ,2526,[HK - PE - TØ - HV - LJ - RO - TRK - HH - HTÅ - GL - VAL - KH - KN - KK - HGL - HL - KL - SÅ - VB - RU - OK - NI - HUM - GÆ - SQ - HG]
IC,104,[FA - SNO - MD - KA - OD - MV - LV - UV - NG - SPR - KØ - FO - SG - SO - FJ - RG - KY - RO - TRK - HTÅ - GL - VAL - KH - KN - KK]
IC,4178,[ABL - LIH - ABV - AB]
RØ,1289,[KH - GB - NEL - IG - KJN - LEL - RG - GZ - NÆ - MOG - LU - VO - MN - NV - EK - TN - NF]
RØ,1257,[KH - GB - NEL - IG - RG - GZ - NÆ - MOG - VO - MN - NF]
L,911,[FA - TL - KD - LK - VM - FZ - OJ - RQ - TE - KW - GST - SDB]
RV,3919,[FA - BK - BET - VJ - HED - HS - HÅ - SD - HX - VI - KGV - AR]
RV,2715,[OD - HP - TP - SC - BD - AP - GD - EB - NA - KA - MD - SNO - FA]
IC,255,[CPH - TÅT - ØRE - KLV - NEL - IG - HTÅ - HH - TRK - RO - VY - RG - FJ - SO - SG - FO - NG - JU - OD]
L,79,[CPH - TÅT - KH - GB - OD - HP - FA - BK - VJ - HED - HS - HÅ - SD - HX - AR]
RØ,4504,[HK - PE - TØ - HV - LJ - RO - TRK - HH - HTÅ - GL - VAL - KH - KN - KK - HGL - HL - KL - SÅ - VB - RU - OK - NI - HUM - GÆ - SQ - HG]
RØ,4445,[KK - KN - KH - GB - NEL - IG - KJN - ØLB - KJ - HF - TH - HZ - OL - NÆN - NÆ]
RØ,4231,[HG - SQ - GÆ - HUM - NI - OK - RU - VB - SÅ - KL - HL - HGL - KK - KN - KH - VAL - HIF - HTÅ - HH - TRK - RO - VY - BO - KY - RG - GZ - NÆ]
RØ,3502,[KB - KBØ - VÆ - JY - MØ - KS - HK - PE - HV - LJ - RO - TRK - HTÅ - GL - KH - KN - KK]
RV,2965,[FA - BK - BET - VJ - HED - HS - HÅ - SD - HX - VI - KGV - AR]
RØ,2456,[NÆ - NÆN - OL - HZ - TH - HF - KJ - ØLB - KJN - JSF - NEL - GB - KH - KN - KK]
RV,2921,[FA - BK - BET - VJ - HED - HS - HÅ - SD - HX - VI - KGV - AR]
RØ,2204,[NÆ - GZ - RG - KY - BO - VY - RO - TRK - HH - HTÅ - GL - VAL - KH - KN - KK - HGL - HL - KL - SÅ - VB - RU - OK - NI - HUM - GÆ - SQ - HG]
IC,859,[HGL - KK - KN - KH - GB - NEL - IG - KJN - LEL - RG - FJ - SO - SG - FO - KØ - SPR - NG - JU - OD - HP - MD - SNO - KD - LK - VN - BP - BM - TB - ES]
RØ,4873,[NÆ - MOG - LU - VO - MN - NV - EK - TN - NF]
RØ,1261,[KH - GB - NEL - IG - RG - GZ - NÆ - MOG - VO - MN - NF]
RØ,4520,[HK - PE - TØ - HV - LJ - RO - TRK - HH - HTÅ - GL - VAL - KH - KN - KK - HGL - HL - KL - SÅ - VB - RU - OK - NI - HUM - GÆ - SQ - HG]
EX,399,[KH - GB - RG - FJ - OD - HP - KD - LK - PA - PAGR - ASW - AR - HMB]
RØ,2261,[HG - SQ - GÆ - HUM - NI - OK - RU - VB - SÅ - KL - HL - HGL - KK - KN - KH - VAL - HIF - HTÅ - HH - TRK - RO - VY - BO - KY - RG - GZ - NÆ]
IC,4152,[ABL - LIH - ABV - AB - OG - SØ - AD - HB - FP - RD - LG - HA - HN - AR]
RØ,2543,[HG - SQ - GÆ - HUM - NI - OK - RU - VB - SÅ - KL - HL - HGL - KK - KN - KH - VAL - HIF - HTÅ - HH - TRK - RO - LJ - HV - TØ - PE - HK]
RV,4769,[OD - HP - TP - SC - AP - GD - EB - NA - KA - MD - SNO - FA]
RV,2751,[OD - HP - TP - SC - BD - AP - GD - EB - NA - KA - MD - SNO - FA]
RØ,1553,[KK - KN - KH - VAL - HTÅ - HH - RO - LJ - HK - RT - KS - MØ - JY - SE - VÆ - KBØ - KB]
RØ,1549,[KK - KN - KH - VAL - HTÅ - HH - RO - LJ - HK - RT - KS - MØ - JY - SE - VÆ - KBØ - KB]
M,9163,[RO - VY - NÆ]
M,9111,[NÆ - MOG - VO]
RØ,4557,[HG - SQ - GÆ - HUM - NI - OK - RU - VB - SÅ - KL - HL - HGL - KK - KN - KH - VAL - HIF - HTÅ - HH - TRK - RO - LJ - HV - TØ - PE - HK]
RØ,3563,[KK - KN - KH - VAL - HTÅ - HH - RO - LJ - HV - TØ - HK - RT - MØ - JY - SE - VÆ - KBØ - KB]
RØ,1521,[HGL - KK - KN - KH - VAL - HTÅ - HH - RO - LJ - HK - RT - KS - MØ - JY - SE - VÆ - KBØ - KB]
RØ,2476,[NÆ - NÆN - OL - HZ - TH - HF - KJ - ØLB - KJN - JSF - NEL - GB - KH - KN - KK - HGL]
RØ,3473,[HG - SQ - GÆ - HUM - NI - OK - RU - HL - HGL - KK - KN - KH]
L,762,[STR - HM - HO - TS - UU - ID - IB - GP - HR - KE - BB - TY - GW - GG - JL - GES - VJS - VJ - BET - FA]
RØ,1276,[NF - TN - EK - NV - OH - VO - LU - MOG - NÆ - GZ - RG - ADA - KJN - JSF - NEL - GB - KH]
L,51,[CPH - TÅT - KH - GB - OD - HP - FA - BK - VJ - HED - HS - HÅ - SD - HX - AR]
RØ,1569,[KK - KN - KH - VAL - HTÅ - HH - RO - LJ - HK - RT - KS - MØ - JY - SE - VÆ - KBØ - KB]
RV,2945,[FA - BK - BET - VJ - HED - HS - HÅ - SD - HX - VI - KGV - AR]
RØ,2523,[HGL - KK - KN - KH - VAL - HIF - HTÅ - HH - TRK - RO - LJ - HV - TØ - PE - HK]
RØ,1245,[KH - GB - NEL - IG - RG - GZ - NÆ - MOG - VO - MN - NF]
RØ,1561,[KK - KN - KH - VAL - HTÅ - HH - RO - LJ - HK - RT - KS - MØ - JY - SE - VÆ - KBØ - KB]
RV,4169,[AB - ABV - LIH - ABL]
RØ,200,[RO - TRK - HH - HTÅ - GL - NEL - KLV - ØRE - TÅT - CPH]
RØ,4250,[NÆ - GZ - RG - KY - BO - VY - RO - TRK - HH - HTÅ - GL - VAL - KH - KN - KK - HGL - HL - KL - SÅ - VB - RU - OK - NI - HUM - GÆ - SQ - HG]
L,31,[CPH - TÅT - KH - GB - OD - HP - FA - BK - VJ - HED - HS - HÅ - SD - HX - AR]
IC,879,[HGL - KK - KN - KH - GB - NEL - IG - KJN - LEL - RG - FJ - SO - SG - FO - KØ - SPR - NG - JU - OD]
RØ,4540,[HK - PE - TØ - HV - LJ - RO - TRK - HH - HTÅ - GL - VAL - KH - KN - KK - HGL - HL - KL - SÅ - VB - RU - OK - NI - HUM - GÆ - SQ - HG]
L,4023,[AR - BR - RD - FP - HB - AD - AB - ABV - LIH - ABL]
L,958,[SDB - GST - KW - TE - RQ - OJ - SST - VM - LK - KD - TL - FA]
RØ,2408,[NÆ - NÆN - OL - HZ - TH - HF - KJ - ØLB - KJN - JSF - NEL - GB - KH]
RØ,4246,[NÆ - GZ - RG - KY - BO - VY - RO - TRK - HH - HTÅ - GL - VAL - KH - KN - KK - HGL - HL - KL - SÅ - VB - RU - OK - NI - HUM - GÆ - SQ - HG]
RV,2980,[AR - KGV - VI - HC - SD - HÅ - HS - HED - VJ - BET - BK - FA]
IC,815,[OD - HP - MD - SNO - KD - LK - VN - BP - HQ - GØ - BM - TB - ES]
IC,2360,[FA - TL - KD - LK - VN - BP - HQ - GØ - BM - TB - ES]
M,9303,[KH - BAN - CPH]
L,71,[CPH - TÅT - KH - GB - OD - HP - FA - BK - VJ - HED - HS - HÅ - SD - HX - AR]
IC,413,[FA - BK - VJ - HED - HS - HÅ - SD - HX - AR]
RØ,3437,[HG - SQ - GÆ - HUM - NI - OK - RU - HL - HGL - KK - KN - KH]
L,4059,[AR - BR - RD - FP - HB - AD - AB]
IC,2364,[FA - TL - KD - LK - VN - BP - HQ - GØ - BM - TB - ES]
RØ,2518,[HK - PE - TØ - HV - LJ - RO - TRK - HH - HTÅ - GL - VAL - KH - KN - KK - HGL - HL - KL - SÅ - VB - RU - OK - NI - HUM - GÆ - SQ - HG]
IC,4101,[AR - BR - HA - LG - RD - FP - HB - AD - SØ - SR - AB - ABV - LIH - ABL]
L,4015,[AR - BR - RD - FP - HB - AD - AB - ABV - LIH - ABL]
IC,4132,[ABL - LIH - ABV - AB - OG - SØ - AD - HB - FP - RD - LG - HA - HN - AR]
L,608,[OD - MV - NG - SPR - SG - SO - KH]
RØ,3433,[HG - SQ - GÆ - HUM - NI - OK - RU - HL - HGL - KK - KN - KH]
IC,851,[HGL - KK - KN - KH - GB - NEL - IG - KJN - LEL - RG - FJ - SO - SG - FO - KØ - SPR - NG - JU - OD - HP - MD - SNO - KD - LK - VN - BP - BM - TB - ES]
IC,444,[AR - KGV - SD - HÅ - HS - HED - VJ - BET - FA]
RØ,1524,[KB - KBØ - VÆ - SE - JY - MØ - KS - RT - HK - PE - RO - TRK - HTÅ - GL - KH - KN - KK]
RØ,4853,[NÆ - MOG - LU - VO - MN - NV - EK - TN - NF]
RØ,4406,[NÆ - NÆN - OL - HZ - TH - HF - KJ - ØLB - KJN - JSF - NEL - GB - KH]
IC,2324,[FA - TL - KD - LK - VN - BP - HQ - GØ - BM - TB - ES]
RV,2937,[FA - BK - BET - VJ - HED - HS - HÅ - SD - HX - VI - KGV - AR]
IC,4160,[ABL - LIH - ABV - AB - OG - SØ - AD - HB - FP - RD - LG - HA - HN - AR]
RØ,4442,[NÆ - NÆN - OL - HZ - TH - HF - KJ - ØLB - KJN - JSF - NEL - GB - KH]
M,9017,[HGL - KK - KH - VAL - RO]
IC,250,[OD - MV - NG - SPR - SG - SO - FJ - RG - KY - RO - TRK - HH - HTÅ - GL - NEL - KLV - ØRE - TÅT - CPH]
RØ,2216,[NÆ - GZ - RG - KY - BO - VY - RO - TRK - HH - HTÅ - GL - VAL - KH - KN - KK - HGL - HL - KL - SÅ - VB - RU - OK - NI - HUM - GÆ - SQ - HG]
IC,4171,[AR - BR - HA - LG - RD - FP - HB - AD - SØ - SR - AB]
RØ,4270,[KH - KN - KK - HGL - HL - KL - SÅ - VB - RU - OK - NI - HUM - GÆ - SQ - HG]
RØ,4848,[NF - TN - EK - NV - OH - VO - LU - MOG - NÆ]
IC,424,[AR - KGV - SD - HÅ - HS - HED - VJ - BET - FA]
RØ,4469,[KH - GB - NEL - IG - KJN - ØLB - KJ - HF - TH - HZ - OL - NÆN - NÆ]
L,975,[FA - TL - KD - LK - VM - FZ - OJ - RQ - TE - KW - GST - SDB]
RØ,2212,[NÆ - GZ - RG - KY - BO - VY - RO - TRK - HH - HTÅ - GL - VAL - KH - KN - KK - HGL - HL - KL - SÅ - VB - RU - OK - NI - HUM - GÆ - SQ - HG]
RV,2944,[AR - KGV - VI - HC - SD - HÅ - HS - HED - VJ - BET - BK - FA]
L,4030,[ABL - LIH - ABV - AB - OG - HB - FP - RD - LG - AR]
IC,2313,[ES - JNE - BM - GØ - HQ - BP - VN - LK - KD - TL - FA]
IC,437,[FA - BK - VJ - HED - HS - HÅ - SD - HX - AR]
RØ,283,[CPH - TÅT - ØRE - KLV - NEL - IG - HTÅ - HH - TRK - RO]
RV,4003,[AB - ABV - LIH - ABL]
IC,806,[ES - JNE - BM - GØ - VN - LK - KD - TL - MD - KA - OD - MV - NG - SPR - KØ - FO - SG - SO - FJ - RG - ADA - KJN - JSF - NEL - GB - KH - KN - KK - HGL]
IC,445,[FA - BK - VJ - HED - HS - HÅ - SD - HX - AR]
RV,2968,[AR - KGV - VI - HC - SD - HÅ - HS - HED - VJ - BET - BK - FA]
IC,440,[AR - KGV - SD - HÅ - HS - HED - VJ - BET - FA]
IC,5766,[FLB - AHAL - PA - VK - TE - RQ - OJ - SST - VM - LK - KD - TL - FA]
IC,4157,[AR - BR - HA - LG - RD - FP - HB - AD - SØ - SR - AB - ABV - LIH - ABL]
RØ,4210,[NÆ - GZ - RG - KY - BO - VY - RO - TRK - HH - HTÅ - GL - VAL - KH - KN - KK - HGL - HL - KL - SÅ - VB - RU - OK - NI - HUM - GÆ - SQ - HG]
