TripId,TrainCategory,TrainId,FromStation,ToStation,Departure,Arrival,Demand,Electrified,GGVId,Composition,UnitSpecificId
2204,IC,80108,FA/86,HGL/86,356,505,445,true,-1,1xEB15Talgo,EB15Talgo_1
2264,IC,835,HGL/86,OD/86,556,660,114,true,-1,1xEB15Talgo,EB15Talgo_1
2265,IC,835,OD/86,ES/86,669,746,74,true,-1,1xEB15Talgo,EB15Talgo_1
2276,IC,842,ES/86,OD/86,812,892,152,true,242_842,1xEB15Talgo,EB15Talgo_1
2277,IC,842,OD/86,HGL/86,900,1003,242,true,242_842,1xEB15Talgo,EB15Talgo_1
2328,IC,867,HGL/86,OD/86,1036,1140,372,true,-1,1xEB15Talgo,EB15Talgo_1
2329,IC,867,OD/86,ES/86,1149,1226,114,true,-1,1xEB15Talgo,EB15Talgo_1
736,IC,2387,ES/86,FA/86,1421,1485,3,true,-1,1xEB15Talgo,EB15Talgo_1
518,IC,223,CPH/86,OD/86,365,468,188,true,-1,1xEB15Talgo,EB15Talgo_2
1018,RV,2727,OD/86,FA/86,526,588,10,true,-1,1xEB15Talgo,EB15Talgo_2
2064,IC,5757,FA/86,FLB/80,630,713,17,true,-1,1xEB15Talgo,EB15Talgo_2
2061,IC,5756,FLB/80,FA/86,723,810,38,true,-1,1xEB15Talgo,EB15Talgo_2
1943,RV,4740,FA/86,OD/86,810,856,37,true,-1,1xEB15Talgo,EB15Talgo_2
767,IC,242,OD/86,CPH/86,909,1014,179,true,242_842,1xEB15Talgo,EB15Talgo_2
1039,RØ,275,CPH/86,SG/86,1145,1215,44,true,-1,1xEB15Talgo,EB15Talgo_2
993,RØ,262,SG/86,CPH/86,1244,1314,27,true,-1,1xEB15Talgo,EB15Talgo_2
2464,M,9702,CPH/86,HGL/86,369,397,0,true,-1,1xEB15Talgo,EB15Talgo_3
2248,IC,827,HGL/86,OD/86,436,540,259,true,227_827,1xEB15Talgo,EB15Talgo_3
2249,IC,827,OD/86,ES/86,549,626,107,true,227_827,1xEB15Talgo,EB15Talgo_3
2268,IC,838,ES/86,OD/86,752,832,106,true,238_838,1xEB15Talgo,EB15Talgo_3
2269,IC,838,OD/86,HGL/86,840,943,175,true,238_838,1xEB15Talgo,EB15Talgo_3
119,M,12399,HGL/86,KH/86,949,962,0,true,-1,1xEB15Talgo,EB15Talgo_3
1360,EX,399,KH/86,HMB/80,982,1264,201,true,-1,1xEB15Talgo,EB15Talgo_3
27,EX,1198,HMB/80,PA/86,410,534,0,true,-1,1xEB15Talgo,EB15Talgo_4
28,EX,1198,PA/86,KH/86,543,698,68,true,-1,1xEB15Talgo,EB15Talgo_4
1354,EX,397,KH/86,HMB/80,862,1144,149,true,-1,1xEB15Talgo,EB15Talgo_4
588,IC,227,CPH/86,OD/86,425,530,208,true,227_827,1xEB15Talgo,EB15Talgo_5
1934,RV,4729,OD/86,FA/86,580,626,10,true,-1,1xEB15Talgo,EB15Talgo_5
1021,RV,2728,FA/86,OD/86,635,694,11,true,-1,1xEB15Talgo,EB15Talgo_5
1940,RV,4737,OD/86,FA/86,704,750,15,true,-1,1xEB15Talgo,EB15Talgo_5
1027,RV,2736,FA/86,OD/86,750,801,15,true,-1,1xEB15Talgo,EB15Talgo_5
733,IC,238,OD/86,CPH/86,849,954,218,true,238_838,1xEB15Talgo,EB15Talgo_5
1002,RØ,267,CPH/86,SG/86,1025,1095,87,true,-1,1xEB15Talgo,EB15Talgo_5
921,RØ,254,SG/86,CPH/86,1124,1194,44,true,-1,1xEB15Talgo,EB15Talgo_5
1075,RØ,287,CPH/86,RO/86,1325,1359,24,true,-1,1xEB15Talgo,EB15Talgo_5
1005,RØ,270,RO/86,CPH/86,1400,1434,10,true,-1,1xEB15Talgo,EB15Talgo_5
1351,EX,396,HMB/80,KH/86,653,938,274,true,-1,1xEB15Talgo,EB15Talgo_6
1787,RØ,4461,KH/86,NÆ/86,947,1012,209,true,-1,1xEB15Talgo,EB15Talgo_6
1644,RØ,4250,NÆ/86,HG/86,1048,1172,110,true,-1,1xEB15Talgo,EB15Talgo_6
981,RØ,2583,HG/86,RO/86,1213,1298,86,true,-1,1xEB15Talgo,EB15Talgo_6
999,RØ,266,RO/86,CPH/86,1340,1374,12,true,-1,1xEB15Talgo,EB15Talgo_6
23,EX,1196,HMB/80,PA/86,712,833,0,true,-1,1xEB15Talgo,EB15Talgo_7
24,EX,1196,PA/86,KH/86,843,998,149,true,-1,1xEB15Talgo,EB15Talgo_7
31,EX,1199,KH/86,PA/86,1102,1257,158,true,-1,1xEB15Talgo,EB15Talgo_7
32,EX,1199,PA/86,HMB/80,1262,1384,0,true,-1,1xEB15Talgo,EB15Talgo_7
2398,M,9301,KH/86,CPH/86,75,88,0,true,-1,1xEB4DD,EB4DD_1
2395,M,9300,CPH/86,KH/86,192,205,0,true,-1,1xEB4DD,EB4DD_1
2347,M,9000,KH/86,HG/86,300,332,0,true,-1,1xEB4DD,EB4DD_1
1818,RØ,4525,HG/86,HK/86,343,457,108,true,-1,1xEB4DD,EB4DD_1
879,RØ,2510,HK/86,HG/86,473,587,424,true,-1,1xEB4DD,EB4DD_1
927,RØ,2543,HG/86,HK/86,613,727,104,true,-1,1xEB4DD,EB4DD_1
1821,RØ,4528,HK/86,HG/86,743,857,147,true,-1,1xEB4DD,EB4DD_1
1876,RØ,4561,HG/86,HK/86,883,997,340,true,-1,1xEB4DD,EB4DD_1
930,RØ,2546,HK/86,HG/86,1013,1127,170,true,-1,1xEB4DD,EB4DD_1
601,RØ,2277,HG/86,NÆ/86,1138,1262,95,true,-1,1xEB4DD,EB4DD_1
755,RØ,2408,NÆ/86,KH/86,396,463,300,true,-1,1xEB4DD,EB4DD_10
1216,RR,3408,KH/86,HG/86,466,516,109,true,-1,1xEB4DD,EB4DD_10
918,RØ,2539,HG/86,HK/86,553,667,198,true,-1,1xEB4DD,EB4DD_10
1815,RØ,4524,HK/86,HG/86,683,797,135,true,-1,1xEB4DD,EB4DD_10
1653,RØ,4255,HG/86,NÆ/86,808,932,306,true,-1,1xEB4DD,EB4DD_10
802,RØ,2444_3444,NÆ/86,KH/86,936,1003,107,true,-1,1xEB4DD,EB4DD_10
803,RØ,2444_3444,KH/86,HG/86,1006,1056,177,true,-1,1xEB4DD,EB4DD_10
1885,RØ,4573,HG/86,HK/86,1063,1177,156,true,-1,1xEB4DD,EB4DD_10
951,RØ,2558,HK/86,HG/86,1193,1307,135,true,-1,1xEB4DD,EB4DD_10
463,RØ,2093,HG/86,KH/86,1378,1433,20,true,-1,1xEB4DD,EB4DD_10
1721,RØ,4410,NÆ/86,KH/86,426,493,307,true,-1,1xEB4DD,EB4DD_11
1328,EX,393,KH/86,HMB/80,502,786,229,true,-1,1xEB4DD,EB4DD_11
1321,EX,392,HMB/80,KH/86,1130,1417,25,true,-1,1xEB4DD,EB4DD_11
248,IC,1476,KH/86,CPH/86,79,92,22,true,-1,1xEB4DD,EB4DD_2
2401,M,9302,CPH/86,KH/86,222,235,0,true,-1,1xEB4DD,EB4DD_2
888,RØ,2519,KH/86,HK/86,312,367,18,true,-1,1xEB4DD,EB4DD_2
1797,RØ,4504,HK/86,HG/86,383,497,314,true,-1,1xEB4DD,EB4DD_2
1623,RØ,4235,HG/86,NÆ/86,508,632,296,true,-1,1xEB4DD,EB4DD_2
776,RØ,2424,NÆ/86,KH/86,636,703,51,true,-1,1xEB4DD,EB4DD_2
1334,EX,395,KH/86,HMB/80,742,1024,282,true,-1,1xEB4DD,EB4DD_2
2428,M,940397,HMB/80,AA/80,1164,1177,0,true,-1,1xEB4DD,EB4DD_2
1580,RØ,4202,NÆ/86,HG/86,265,392,106,true,-1,1xEB4DD,EB4DD_3
906,RØ,2531,HG/86,HK/86,433,547,421,true,-1,1xEB4DD,EB4DD_3
1806,RØ,4516,HK/86,HG/86,563,677,144,true,-1,1xEB4DD,EB4DD_3
1641,RØ,4247,HG/86,NÆ/86,688,812,150,true,-1,1xEB4DD,EB4DD_3
788,RØ,2436_3436,NÆ/86,KH/86,816,883,84,true,-1,1xEB4DD,EB4DD_3
789,RØ,2436_3436,KH/86,HG/86,886,936,159,true,-1,1xEB4DD,EB4DD_3
1879,RØ,4565,HG/86,HK/86,943,1057,352,true,-1,1xEB4DD,EB4DD_3
939,RØ,2550,HK/86,HG/86,1073,1187,107,true,-1,1xEB4DD,EB4DD_3
604,RØ,2281,HG/86,NÆ/86,1198,1322,87,true,-1,1xEB4DD,EB4DD_3
2425,M,940387,AA/80,HMB/80,285,294,0,true,-1,1xEB4DD,EB4DD_4
1357,EX,398,HMB/80,KH/86,535,818,243,true,-1,1xEB4DD,EB4DD_4
116,M,12398,KH/86,HGL/86,823,835,0,true,-1,1xEB4DD,EB4DD_4
2304,IC,855,HGL/86,OD/86,856,960,314,true,255_855,1xEB4DD,EB4DD_4
2305,IC,855,OD/86,ES/86,969,1046,171,true,255_855,1xEB4DD,EB4DD_4
2308,IC,858,ES/86,OD/86,1052,1132,70,true,-1,1xEB4DD,EB4DD_4
2309,IC,858,OD/86,HGL/86,1140,1243,99,true,-1,1xEB4DD,EB4DD_4
2483,M,9783,HGL/86,KH/86,1267,1277,0,true,-1,1xEB4DD,EB4DD_4
1714,RØ,4402,NÆ/86,KH/86,306,373,81,true,3402_4402_4500,1xEB4DD,EB4DD_5
1213,RØ,3402,KH/86,HG/86,376,426,38,true,3402_4402_4500,1xEB4DD,EB4DD_5
1227,RØ,3431_2431,HG/86,KH/86,444,494,302,true,-1,1xEB4DD,EB4DD_5
1228,RØ,3431_2431,KH/86,NÆ/86,497,562,63,true,-1,1xEB4DD,EB4DD_5
1592,RØ,4218,NÆ/86,HG/86,568,692,128,true,-1,1xEB4DD,EB4DD_5
1858,RØ,4549,HG/86,HK/86,703,817,138,true,-1,1xEB4DD,EB4DD_5
909,RØ,2534,HK/86,HG/86,833,947,211,true,-1,1xEB4DD,EB4DD_5
1671,RØ,4267,HG/86,NÆ/86,988,1112,349,true,-1,1xEB4DD,EB4DD_5
822,RØ,2456,NÆ/86,KK/86,1116,1192,33,true,-1,1xEB4DD,EB4DD_5
849,RØ,2479,KK/86,NÆ/86,1208,1282,75,true,-1,1xEB4DD,EB4DD_5
19,EX,1191,KH/86,PA/86,322,477,58,true,-1,1xEB4DD,EB4DD_6
20,EX,1191,PA/86,HMB/80,482,604,0,true,-1,1xEB4DD,EB4DD_6
1331,EX,394,HMB/80,KH/86,893,1178,232,true,-1,1xEB4DD,EB4DD_6
751,RØ,2404_3404,NÆ/86,KH/86,336,403,122,true,-1,1xEB4DD,EB4DD_7
752,RØ,2404_3404,KH/86,HG/86,406,456,50,true,-1,1xEB4DD,EB4DD_7
912,RØ,2535,HG/86,HK/86,493,607,259,true,-1,1xEB4DD,EB4DD_7
1809,RØ,4520,HK/86,HG/86,623,737,126,true,-1,1xEB4DD,EB4DD_7
1647,RØ,4251,HG/86,NÆ/86,748,872,181,true,-1,1xEB4DD,EB4DD_7
795,RØ,2440_3440,NÆ/86,KH/86,876,943,90,true,-1,1xEB4DD,EB4DD_7
796,RØ,2440_3440,KH/86,HG/86,946,996,177,true,-1,1xEB4DD,EB4DD_7
1882,RØ,4569,HG/86,HK/86,1003,1117,287,true,-1,1xEB4DD,EB4DD_7
945,RØ,2554,HK/86,HG/86,1133,1247,80,true,-1,1xEB4DD,EB4DD_7
607,RØ,2287,HG/86,NÆ/86,1273,1396,184,true,-1,1xEB4DD,EB4DD_7
1794,RØ,4500,KH/86,HG/86,382,437,26,true,3402_4402_4500,1xEB4DD,EB4DD_8
1617,RØ,4231,HG/86,NÆ/86,448,572,413,true,-1,1xEB4DD,EB4DD_8
770,RØ,2420,NÆ/86,KK/86,576,652,64,true,-1,1xEB4DD,EB4DD_8
2117,M,6322,KK/86,HGL/86,670,672,0,true,-1,1xEB4DD,EB4DD_8
2280,IC,843,HGL/86,OD/86,676,780,157,true,-1,1xEB4DD,EB4DD_8
2281,IC,843,OD/86,ES/86,789,866,116,true,-1,1xEB4DD,EB4DD_8
2284,IC,846,ES/86,OD/86,872,952,177,true,246_846,1xEB4DD,EB4DD_8
2285,IC,846,OD/86,HGL/86,960,1063,232,true,246_846,1xEB4DD,EB4DD_8
65,M,12199,HGL/86,KH/86,1085,1097,0,true,-1,1xEB4DD,EB4DD_8
858,RØ,2491,KH/86,NÆ/86,1397,1462,49,true,-1,1xEB4DD,EB4DD_8
2407,M,9323,KH/86,CPH/86,382,396,0,true,-1,1xEB4DD,EB4DD_9
628,RØ,231,CPH/86,SG/86,485,555,109,true,-1,1xEB4DD,EB4DD_9
469,RØ,218,SG/86,CPH/86,584,654,70,true,-1,1xEB4DD,EB4DD_9
782,RØ,243,CPH/86,SG/86,665,735,42,true,-1,1xEB4DD,EB4DD_9
619,RØ,230,SG/86,CPH/86,764,834,74,true,-1,1xEB4DD,EB4DD_9
936,IC,255,CPH/86,OD/86,845,950,217,true,255_855,1xEB4DD,EB4DD_9
828,IC,246,OD/86,CPH/86,969,1074,97,true,246_846,1xEB4DD,EB4DD_9
1008,RØ,271,CPH/86,SG/86,1085,1155,69,true,-1,1xEB4DD,EB4DD_9
978,RØ,258,SG/86,CPH/86,1184,1254,63,true,-1,1xEB4DD,EB4DD_9
1072,RØ,283,CPH/86,RO/86,1265,1299,73,true,-1,1xEB4DD,EB4DD_9
1668,RØ,4266,RO/86,HG/86,1327,1412,137,true,-1,1xEB4DD,EB4DD_9
613,RØ,2297,HG/86,KH/86,1438,1493,2,true,-1,1xEB4DD,EB4DD_9
245,IC,1472,KH/86,CPH/86,19,32,3,true,-1,1xEB5DD,EB5DD_1
2486,M,9784,CPH/86,HGL/86,170,192,0,true,-1,1xEB5DD,EB5DD_1
894,RØ,2523,HGL/86,HK/86,356,427,55,true,-1,1xEB5DD,EB5DD_1
1800,RØ,4508,HK/86,HG/86,443,557,507,true,-1,1xEB5DD,EB5DD_1
1846,RØ,4541,HG/86,HK/86,583,697,119,true,-1,1xEB5DD,EB5DD_1
897,RØ,2526,HK/86,HG/86,713,827,163,true,-1,1xEB5DD,EB5DD_1
954,RØ,2559,HG/86,HK/86,853,967,354,true,-1,1xEB5DD,EB5DD_1
1849,RØ,4544,HK/86,HG/86,983,1097,194,true,-1,1xEB5DD,EB5DD_1
1267,RØ,3475_2475,HG/86,KH/86,1104,1154,41,true,-1,1xEB5DD,EB5DD_1
1268,RØ,3475_2475,KH/86,NÆ/86,1157,1222,71,true,-1,1xEB5DD,EB5DD_1
1589,RØ,4214,NÆ/86,HG/86,508,632,265,true,-1,1xEB5DD,EB5DD_10
2356,M,9043,HG/86,KK/86,633,684,0,true,-1,1xEB5DD,EB5DD_10
1767,RØ,4449,KK/86,NÆ/86,758,832,59,true,-1,1xEB5DD,EB5DD_10
1632,RØ,4242,NÆ/86,HG/86,928,1052,411,true,-1,1xEB5DD,EB5DD_10
1263,RØ,3473_4473,HG/86,KH/86,1074,1124,60,true,-1,1xEB5DD,EB5DD_10
1264,RØ,3473_4473,KH/86,NÆ/86,1127,1192,59,true,-1,1xEB5DD,EB5DD_10
2455,M,9676,KH/86,KK/86,64,70,0,true,-1,1xEB5DD,EB5DD_2
1812,RØ,4521,KK/86,HK/86,332,397,50,true,-1,1xEB5DD,EB5DD_2
873,RØ,2506,HK/86,HG/86,413,527,523,true,-1,1xEB5DD,EB5DD_2
1239,RØ,3437_4437,HG/86,KH/86,534,584,212,true,-1,1xEB5DD,EB5DD_2
1240,RØ,3437_4437,KH/86,NÆ/86,587,652,32,true,-1,1xEB5DD,EB5DD_2
1614,RØ,4230,NÆ/86,HG/86,748,872,137,true,-1,1xEB5DD,EB5DD_2
960,RØ,2563,HG/86,HK/86,913,1027,431,true,-1,1xEB5DD,EB5DD_2
1855,RØ,4548,HK/86,HG/86,1043,1157,121,true,-1,1xEB5DD,EB5DD_2
1683,RØ,4279,HG/86,RO/86,1168,1253,163,true,-1,1xEB5DD,EB5DD_2
1662,RØ,4262,RO/86,HG/86,1267,1352,92,true,-1,1xEB5DD,EB5DD_2
748,RØ,2400,NÆ/86,KH/86,276,343,55,true,2400_2500_3400,1xEB5DD,EB5DD_3
1210,RØ,3400,KH/86,HG/86,346,396,24,true,2400_2500_3400,1xEB5DD,EB5DD_3
1824,RØ,4529,HG/86,HK/86,403,517,324,true,-1,1xEB5DD,EB5DD_3
882,RØ,2514,HK/86,HG/86,533,647,279,true,-1,1xEB5DD,EB5DD_3
933,RØ,2547,HG/86,HK/86,673,787,122,true,-1,1xEB5DD,EB5DD_3
1827,RØ,4532,HK/86,HG/86,803,917,169,true,-1,1xEB5DD,EB5DD_3
1247,RØ,3465_4465,HG/86,KH/86,954,1004,180,true,-1,1xEB5DD,EB5DD_3
1248,RØ,3465_4465,KH/86,NÆ/86,1007,1072,237,true,-1,1xEB5DD,EB5DD_3
834,RØ,2464,NÆ/86,KH/86,1236,1303,46,true,-1,1xEB5DD,EB5DD_3
2371,M,9115,NÆ/86,VO/86,341,355,0,true,-1,1xEB5DD,EB5DD_4
1583,RØ,4206,VO/86,HG/86,370,512,463,true,-1,1xEB5DD,EB5DD_4
1836,RØ,4537,HG/86,HK/86,523,637,148,true,-1,1xEB5DD,EB5DD_4
891,RØ,2522,HK/86,HG/86,653,767,148,true,-1,1xEB5DD,EB5DD_4
948,RØ,2555,HG/86,HK/86,793,907,233,true,-1,1xEB5DD,EB5DD_4
1843,RØ,4540,HK/86,HG/86,923,1037,316,true,-1,1xEB5DD,EB5DD_4
1674,RØ,4271,HG/86,RO/86,1048,1133,135,true,-1,1xEB5DD,EB5DD_4
1650,RØ,4254,RO/86,HG/86,1147,1232,83,true,-1,1xEB5DD,EB5DD_4
1689,RØ,4287,HG/86,KH/86,1288,1343,26,true,-1,1xEB5DD,EB5DD_4
867,RØ,2500,KH/86,HG/86,352,407,13,true,2400_2500_3400,1xEB5DD,EB5DD_5
1223,RØ,3429_4429,HG/86,KH/86,414,464,292,true,-1,1xEB5DD,EB5DD_5
1224,RØ,3429_4429,KH/86,NÆ/86,467,532,66,true,-1,1xEB5DD,EB5DD_5
1608,RØ,4226,NÆ/86,HG/86,688,812,154,true,-1,1xEB5DD,EB5DD_5
1870,RØ,4557,HG/86,HK/86,823,937,216,true,-1,1xEB5DD,EB5DD_5
924,RØ,2542,HK/86,HG/86,953,1067,315,true,-1,1xEB5DD,EB5DD_5
972,RØ,2575,HG/86,HK/86,1093,1207,106,true,-1,1xEB5DD,EB5DD_5
1873,RØ,4560,HK/86,HG/86,1223,1337,95,true,-1,1xEB5DD,EB5DD_5
475,RØ,2202,KH/86,HG/86,367,422,19,true,-1,1xEB5DD,EB5DD_6
1830,RØ,4533,HG/86,HK/86,463,577,475,true,-1,1xEB5DD,EB5DD_6
885,RØ,2518,HK/86,HG/86,593,707,131,true,-1,1xEB5DD,EB5DD_6
942,RØ,2551,HG/86,HK/86,733,847,144,true,-1,1xEB5DD,EB5DD_6
1833,RØ,4536,HK/86,HG/86,863,977,267,true,-1,1xEB5DD,EB5DD_6
1251,RØ,3467_2467,HG/86,KH/86,984,1034,86,true,-1,1xEB5DD,EB5DD_6
1252,RØ,3467_2467,KH/86,NÆ/86,1037,1102,176,true,-1,1xEB5DD,EB5DD_6
837,RØ,2468,NÆ/86,KH/86,1296,1363,24,true,-1,1xEB5DD,EB5DD_6
900,RØ,2527,HG/86,HK/86,373,487,360,true,-1,1xEB5DD,EB5DD_7
1803,RØ,4512,HK/86,HG/86,503,617,259,true,-1,1xEB5DD,EB5DD_7
1635,RØ,4243,HG/86,NÆ/86,628,752,165,true,-1,1xEB5DD,EB5DD_7
1626,RØ,4238,NÆ/86,HG/86,868,992,352,true,-1,1xEB5DD,EB5DD_7
1255,RØ,3469_4469,HG/86,KH/86,1014,1064,78,true,-1,1xEB5DD,EB5DD_7
1256,RØ,3469_4469,KH/86,NÆ/86,1067,1132,93,true,-1,1xEB5DD,EB5DD_7
2458,M,9700,KH/86,HGL/86,373,382,0,true,-1,1xEB5DD,EB5DD_8
2256,IC,831,HGL/86,OD/86,496,600,155,true,-1,1xEB5DD,EB5DD_8
2257,IC,831,OD/86,ES/86,609,686,84,true,-1,1xEB5DD,EB5DD_8
2260,IC,834,ES/86,OD/86,692,772,102,true,-1,1xEB5DD,EB5DD_8
2261,IC,834,OD/86,HGL/86,780,883,205,true,-1,1xEB5DD,EB5DD_8
1207,RØ,3363,HGL/86,RO/86,965,1003,177,true,-1,1xEB5DD,EB5DD_8
2374,M,9163,RO/86,NÆ/86,1008,1040,0,true,-1,1xEB5DD,EB5DD_8
831,RØ,2460,NÆ/86,KH/86,1176,1243,52,true,-1,1xEB5DD,EB5DD_8
1611,RØ,4227,HG/86,NÆ/86,388,512,473,true,-1,1xEB5DD,EB5DD_9
1602,RØ,4222,NÆ/86,HG/86,628,752,133,true,-1,1xEB5DD,EB5DD_9
1864,RØ,4553,HG/86,HK/86,763,877,182,true,-1,1xEB5DD,EB5DD_9
915,RØ,2538,HK/86,HG/86,893,1007,354,true,-1,1xEB5DD,EB5DD_9
969,RØ,2571,HG/86,HK/86,1033,1147,161,true,-1,1xEB5DD,EB5DD_9
1867,RØ,4556,HK/86,HG/86,1163,1277,118,true,-1,1xEB5DD,EB5DD_9
1897,RØ,4589,HG/86,KH/86,1303,1358,65,true,-1,1xEB5DD,EB5DD_9
1137,RØ,295,CPH/86,RO/86,5,39,9,true,-1,"1xERF, 4xICA",ERF_1
444,RØ,200,RO/86,CPH/86,320,354,60,true,-1,"1xERF, 2xICA",ERF_1
742,L,23_4023,CPH/86,FA/86,386,514,414,true,23_4023_723,"1xERF, 2xICA",ERF_1
1390,L,4022_22,FA/86,CPH/86,567,692,337,true,4022_22_722,"1xERF, 2xICA",ERF_1
2111,M,6314,CPH/86,KH/86,695,709,0,true,-1,"1xICA, 3xERF",ERF_1
1750,RØ,4438_3438,KH/86,HG/86,916,966,187,true,2236_4438_3438_4836,"1xERF, 1xICA",ERF_1
966,RØ,2567,HG/86,HK/86,973,1087,354,true,-1,2xERF,ERF_1
1861,RØ,4552,HK/86,HG/86,1103,1217,100,true,-1,1xERF,ERF_1
10,IC,104,FA/86,KK/86,296,439,319,true,-1,"1xERF, 1xICA",ERF_10
1201,RØ,3327,KK/86,RO/86,446,478,187,true,-1,1xERF,ERF_10
1198,RØ,3310,RO/86,KK/86,497,529,164,true,-1,1xERF,ERF_10
2272,IC,839,KK/86,OD/86,623,720,157,true,-1,1xERF,ERF_10
2273,IC,839,OD/86,ES/86,729,806,104,true,-1,1xERF,ERF_10
2292,IC,850,ES/86,OD/86,932,1012,174,true,250_850,1xERF,ERF_10
2293,IC,850,OD/86,HGL/86,1020,1123,165,true,250_850,1xERF,ERF_10
2336,IC,875_2383,HGL/86,OD/86,1156,1260,174,true,-1,1xERF,ERF_10
2337,IC,875_2383,OD/86,ES/86,1269,1346,80,true,-1,1xERF,ERF_10
2338,IC,875_2383,ES/86,FA/86,1361,1425,26,true,-1,1xERF,ERF_10
491,RØ,2219,HG/86,KH/86,298,353,57,true,1221_2219_2221_4821,"1xERF, 1xICA",ERF_11
773,RØ,2423,KH/86,NÆ/86,377,442,43,true,-1,"1xICA, 2xERF",ERF_11
1586,RØ,4210,NÆ/86,HG/86,448,572,520,true,1533_2412_3810_4210,"1xICA, 2xERF",ERF_11
1659,RØ,4259,HG/86,NÆ/86,868,992,435,true,1536_2459_3859_4259,"1xICA, 2xERF",ERF_11
816,RØ,2452,NÆ/86,KH/86,1056,1123,44,true,-1,4xERF,ERF_11
2210,IC,802,OD/86,HGL/86,300,403,246,true,-1,2xERF,ERF_12
101,M,12393,HGL/86,KH/86,471,485,0,true,-1,4xERF,ERF_12
62,M,12198,KH/86,HGL/86,703,715,0,true,-1,1xERF,ERF_12
2296,IC,851,HGL/86,OD/86,796,900,189,true,251_851,1xERF,ERF_12
2297,IC,851,OD/86,ES/86,909,986,148,true,251_851,1xERF,ERF_12
2316,IC,862,ES/86,OD/86,1112,1192,32,true,-1,1xERF,ERF_12
2317,IC,862,OD/86,KK/86,1200,1297,93,true,-1,1xERF,ERF_12
2210,IC,802,OD/86,HGL/86,300,403,246,true,-1,2xERF,ERF_13
101,M,12393,HGL/86,KH/86,471,485,0,true,-1,4xERF,ERF_13
2144,L,649,KH/86,FA/86,802,907,50,true,-1,1xERF,ERF_13
1426,L,4046_46,FA/86,CPH/86,927,1052,409,true,4046_46_746,"1xERF, 2xICA",ERF_13
2199,L,79,CPH/86,FA/86,1226,1354,308,true,-1,"1xERF, 1xICA",ERF_13
447,IC,202,OD/86,CPH/86,307,414,162,true,-1,1xERF,ERF_14
1066,L,27_4027,CPH/86,FA/86,446,574,482,true,27_4027_927,"1xERF, 2xICA",ERF_14
1937,RV,4732,FA/86,OD/86,690,736,8,true,-1,1xERF,ERF_14
1042,RV,2751,OD/86,FA/86,885,948,52,true,-1,1xERF,ERF_14
251,IC,148,FA/86,KK/86,956,1099,187,true,148_2348_4148_448,"1xERF, 1xICA",ERF_14
2232,IC,819,HGL/86,OD/86,316,420,109,true,-1,4xERF,ERF_15
453,IC,208,OD/86,CPH/86,429,534,238,true,208_810,2xERF,ERF_15
1363,L,39_4039,CPH/86,FA/86,626,754,322,true,-1,"1xERF, 2xICA",ERF_15
1420,L,4042_42,FA/86,CPH/86,867,992,419,true,4042_42_942,"1xERF, 2xICA",ERF_15
2150,L,67_4067,CPH/86,FA/86,1047,1174,380,true,67_4067_967,"1xERF, 2xICA",ERF_15
1968,RV,4772,FA/86,OD/86,1290,1336,9,true,-1,3xERF,ERF_15
2232,IC,819,HGL/86,OD/86,316,420,109,true,-1,4xERF,ERF_16
453,IC,208,OD/86,CPH/86,429,534,238,true,208_810,2xERF,ERF_16
739,RØ,239,CPH/86,SG/86,605,675,46,true,-1,1xERF,ERF_16
567,RØ,226,SG/86,CPH/86,704,774,87,true,-1,1xERF,ERF_16
876,IC,251,CPH/86,OD/86,785,890,138,true,251_851,1xERF,ERF_16
1953,RV,4753,OD/86,FA/86,943,989,72,true,-1,1xERF,ERF_16
2082,IC,5763,FA/86,FLB/80,990,1073,74,true,-1,1xERF,ERF_16
2079,IC,5762,FLB/80,FA/86,1085,1170,15,true,-1,1xERF,ERF_16
1968,RV,4772,FA/86,OD/86,1290,1336,9,true,-1,3xERF,ERF_16
438,L,19_4019,CPH/86,FA/86,326,454,332,true,19_4019_919,"1xERF, 2xICA",ERF_17
16,IC,116,FA/86,HGL/86,476,625,169,true,116_2316_4116_416,"1xERF, 1xICA",ERF_17
2141,M,6459,HGL/86,KK/86,754,757,0,true,-1,3xERF,ERF_17
825,RØ,2459,KK/86,NÆ/86,908,982,235,true,1536_2459_3859_4259,"1xERF, 1xICA",ERF_17
1638,RØ,4246,NÆ/86,HG/86,988,1112,208,true,-1,1xERF,ERF_17
1605,RØ,4223,HG/86,NÆ/86,328,452,106,true,-1,1xERF,ERF_18
758,RØ,2412,NÆ/86,KK/86,456,532,231,true,1533_2412_3810_4210,"1xERF, 1xICA",ERF_18
1760,RØ,4445,KK/86,NÆ/86,698,772,46,true,-1,1xERF,ERF_18
535,RØ,2240,NÆ/86,HG/86,898,1022,415,true,2240_4442_3442_4840,"1xICA, 2xERF",ERF_18
1680,RØ,4275,HG/86,RO/86,1108,1193,84,true,-1,1xERF,ERF_18
1656,RØ,4258,RO/86,HG/86,1207,1292,133,true,-1,1xERF,ERF_18
2217,IC,810,ES/86,OD/86,332,412,141,true,208_810,1xERF,ERF_19
2218,IC,810,OD/86,HGL/86,420,523,558,true,208_810,3xERF,ERF_19
2135,M,6431,HGL/86,CPH/86,669,695,0,true,-1,2xERF,ERF_19
2111,M,6314,CPH/86,KH/86,695,709,0,true,-1,"1xICA, 3xERF",ERF_19
2147,L,659,KH/86,FA/86,922,1027,176,true,-1,1xERF,ERF_19
2088,IC,5765,FA/86,FLB/80,1110,1193,38,true,-1,1xERF,ERF_19
2085,IC,5764,FLB/80,FA/86,1205,1290,34,true,-1,1xERF,ERF_19
1174,RV,2974,FA/86,KD/86,1348,1359,3,true,-1,1xERF,ERF_19
1183,RV,2981,KD/86,FA/86,1369,1381,2,true,-1,1xERF,ERF_19
990,RØ,2599,HG/86,KH/86,28,83,16,true,-1,2xERF,ERF_2
2404,M,9303,KH/86,CPH/86,85,97,0,true,-1,1xERF,ERF_2
2480,M,9782,CPH/86,HGL/86,152,179,0,true,-1,"1xICA, 2xERF",ERF_2
2232,IC,819,HGL/86,OD/86,316,420,109,true,-1,4xERF,ERF_2
2218,IC,810,OD/86,HGL/86,420,523,558,true,208_810,3xERF,ERF_2
2288,IC,847,HGL/86,OD/86,736,840,139,true,-1,1xERF,ERF_2
2289,IC,847,OD/86,ES/86,849,926,91,true,-1,1xERF,ERF_2
2300,IC,854,ES/86,OD/86,992,1072,105,true,-1,1xERF,ERF_2
2301,IC,854,OD/86,HGL/86,1080,1183,119,true,-1,1xERF,ERF_2
2341,IC,879,HGL/86,OD/86,1216,1320,191,true,-1,1xERF,ERF_2
870,RØ,2502,HK/86,HG/86,353,467,206,true,-1,1xERF,ERF_20
1231,RØ,3433_4433,HG/86,KH/86,474,524,332,true,-1,"1xERF, 1xICA",ERF_20
1746,RØ,4434_3434,KH/86,HG/86,856,906,194,true,2232_4434_3434_4832,"1xERF, 1xICA",ERF_20
1665,RØ,4263,HG/86,NÆ/86,928,1052,484,true,3463_2463_3863_4263,"1xICA, 2xERF",ERF_20
574,RØ,2264,NÆ/86,HG/86,1258,1382,125,true,-1,1xERF,ERF_20
2214,IC,806,OD/86,HGL/86,360,463,529,true,206_806,"1xICA, 2xERF",ERF_21
101,M,12393,HGL/86,KH/86,471,485,0,true,-1,4xERF,ERF_21
2470,M,9730,KH/86,HGL/86,820,830,0,true,-1,1xERF,ERF_21
408,IC,161,HGL/86,FA/86,934,1082,519,true,161_2361_461_4161,"1xICA, 2xERF",ERF_21
1959,RV,4764,FA/86,OD/86,1170,1216,14,true,-1,1xERF,ERF_21
1057,RV,2777,OD/86,FA/86,1296,1350,37,true,-1,1xERF,ERF_21
2501,RR,983,FA/86,SDB/86,1436,1527,8,true,-1,1xERF,ERF_21
2214,IC,806,OD/86,HGL/86,360,463,529,true,206_806,"1xICA, 2xERF",ERF_22
101,M,12393,HGL/86,KH/86,471,485,0,true,-1,4xERF,ERF_22
2353,M,9024,KH/86,HG/86,748,801,0,true,-1,1xERF,ERF_22
570,RØ,2261_4861,HG/86,NÆ/86,898,1022,437,true,-1,"1xICA, 2xERF",ERF_22
816,RØ,2452,NÆ/86,KH/86,1056,1123,44,true,-1,4xERF,ERF_22
104,M,12394,KH/86,HGL/86,1183,1193,0,true,-1,3xERF,ERF_22
450,IC,206,OD/86,CPH/86,369,474,249,true,206_806,"1xERF, 1xICA",ERF_23
1186,L,31_4031,CPH/86,FA/86,506,634,350,true,31_4031_731,"1xERF, 2xICA",ERF_23
1408,L,4034_34,FA/86,CPH/86,747,872,348,true,4034_34_934,"1xERF, 2xICA",ERF_23
2097,L,59_4059,CPH/86,FA/86,926,1054,653,true,59_4059_959,"1xERF, 3xICA",ERF_23
2446,L,959,FA/86,SDB/86,1061,1152,109,true,59_4059_959,"1xERF, 1xICA",ERF_23
2473,RR,974_2776,SDB/86,FA/86,1244,1337,17,true,-1,1xERF,ERF_23
2474,RR,974_2776,FA/86,OD/86,1347,1401,15,true,-1,1xERF,ERF_23
2225,IC,815,OD/86,ES/86,369,456,88,true,-1,1xERF,ERF_24
2236,IC,822,ES/86,OD/86,511,592,74,true,-1,1xERF,ERF_24
2237,IC,822,OD/86,KK/86,600,697,158,true,-1,1xERF,ERF_24
1774,RØ,4453,KK/86,NÆ/86,818,892,93,true,-1,1xERF,ERF_24
535,RØ,2240,NÆ/86,HG/86,898,1022,415,true,2240_4442_3442_4840,"1xICA, 2xERF",ERF_24
1888,RØ,4577,HG/86,HK/86,1123,1237,122,true,-1,1xERF,ERF_24
963,RØ,2566,HK/86,HGL/86,1313,1384,40,true,-1,1xERF,ERF_24
1011,RV,2710,FA/86,OD/86,371,436,29,true,-1,1xERF,ERF_25
466,IC,214,OD/86,CPH/86,490,594,143,true,214_814,1xERF,ERF_25
1708,L,43_4043,CPH/86,FA/86,686,814,324,true,43_4043_943,"1xERF, 2xICA",ERF_25
239,IC,144,FA/86,HGL/86,896,1049,262,true,144_2344_4144_444,"1xERF, 1xICA",ERF_25
2332,IC,871,HGL/86,OD/86,1096,1200,158,true,-1,1xERF,ERF_25
2333,IC,871,OD/86,ES/86,1209,1286,75,true,-1,1xERF,ERF_25
773,RØ,2423,KH/86,NÆ/86,377,442,43,true,-1,"1xICA, 2xERF",ERF_26
1586,RØ,4210,NÆ/86,HG/86,448,572,520,true,1533_2412_3810_4210,"1xICA, 2xERF",ERF_26
563,RØ,2257_4857,HG/86,NÆ/86,838,962,305,true,-1,"1xERF, 1xICA",ERF_26
1763,RØ,4446_3446,NÆ/86,KH/86,966,1033,79,true,2244_4446_3446_4844,"1xERF, 1xICA",ERF_26
1764,RØ,4446_3446,KH/86,HG/86,1036,1086,153,true,2244_4446_3446_4844,"1xERF, 1xICA",ERF_26
2108,L,608,OD/86,KH/86,379,458,368,true,-1,"1xERF, 1xICA",ERF_27
2123,M,6348,KH/86,HGL/86,580,590,0,true,-1,1xERF,ERF_27
2141,M,6459,HGL/86,KK/86,754,757,0,true,-1,3xERF,ERF_27
309,IC,153,KK/86,FA/86,821,962,241,true,153_2353_453_4153,"1xERF, 1xICA",ERF_27
1432,L,4050_50,FA/86,CPH/86,987,1112,494,true,4050_50_950,"1xERF, 3xICA",ERF_27
2419,M,9362,CPH/86,KH/86,1239,1252,0,true,-1,1xERF,ERF_27
2240,IC,823,KK/86,OD/86,383,480,186,true,-1,1xERF,ERF_28
2241,IC,823,OD/86,ES/86,489,566,137,true,-1,1xERF,ERF_28
2252,IC,830,ES/86,OD/86,632,712,98,true,-1,1xERF,ERF_28
2253,IC,830,OD/86,HGL/86,720,823,155,true,-1,1xERF,ERF_28
2312,IC,859,HGL/86,OD/86,916,1020,561,true,259_859,"1xICA, 2xERF",ERF_28
2313,IC,859,OD/86,ES/86,1029,1106,205,true,259_859,1xERF,ERF_28
2324,IC,866,ES/86,OD/86,1172,1252,46,true,-1,1xERF,ERF_28
2325,IC,866,OD/86,KK/86,1260,1360,61,true,-1,1xERF,ERF_28
1219,RØ,3427_2427,HG/86,KH/86,384,434,140,true,-1,1xERF,ERF_29
1220,RØ,3427_2427,KH/86,NÆ/86,437,502,85,true,-1,"1xERF, 1xICA",ERF_29
484,RØ,2216,NÆ/86,HG/86,538,662,199,true,2216_4418_4816,"1xERF, 1xICA",ERF_29
570,RØ,2261_4861,HG/86,NÆ/86,898,1022,437,true,-1,"1xICA, 2xERF",ERF_29
816,RØ,2452,NÆ/86,KH/86,1056,1123,44,true,-1,4xERF,ERF_29
104,M,12394,KH/86,HGL/86,1183,1193,0,true,-1,3xERF,ERF_29
2344,IC,883,HGL/86,OD/86,1276,1380,123,true,-1,1xERF,ERF_29
990,RØ,2599,HG/86,KH/86,28,83,16,true,-1,2xERF,ERF_3
254,IC,1482,KH/86,CPH/86,163,177,38,true,-1,1xERF,ERF_3
230,IC,1417_117,CPH/86,KH/86,266,279,263,true,1417_117_2317_417_4117,"1xICA, 2xERF",ERF_3
1730,RØ,4421,KH/86,NÆ/86,347,412,28,true,-1,1xERF,ERF_3
1981,RØ,4808_2208,NÆ/86,HG/86,418,542,481,true,-1,"1xICA, 2xERF",ERF_3
559,RØ,2253_4853,HG/86,NÆ/86,778,902,197,true,-1,"1xERF, 1xICA",ERF_3
1756,RØ,4442_3442,NÆ/86,KH/86,906,973,90,true,2240_4442_3442_4840,"1xERF, 1xICA",ERF_3
1757,RØ,4442_3442,KH/86,HG/86,976,1026,214,true,2240_4442_3442_4840,"1xERF, 1xICA",ERF_3
1891,RØ,4581,HG/86,HK/86,1183,1297,184,true,-1,1xERF,ERF_3
2052,IC,5753,FA/86,FLB/80,390,473,17,true,-1,1xERF,ERF_30
2049,IC,5752,FLB/80,FA/86,485,570,30,true,-1,1xERF,ERF_30
1402,L,4030_30,FA/86,CPH/86,687,812,333,true,-1,"1xERF, 2xICA",ERF_30
984,IC,259,CPH/86,OD/86,905,1010,347,true,259_859,"1xERF, 1xICA",ERF_30
864,IC,250,OD/86,CPH/86,1029,1134,70,true,250_850,1xERF,ERF_30
257,IC,1485_185,CPH/86,KH/86,1286,1300,46,true,-1,1xERF,ERF_30
258,IC,1485_185,KH/86,OD/86,1310,1408,163,true,-1,1xERF,ERF_30
2221,IC,814,ES/86,OD/86,392,472,191,true,214_814,1xERF,ERF_31
2222,IC,814,OD/86,HGL/86,480,583,305,true,214_814,"1xERF, 1xICA",ERF_31
2141,M,6459,HGL/86,KK/86,754,757,0,true,-1,3xERF,ERF_31
1780,RØ,4457,KK/86,NÆ/86,878,952,169,true,-1,1xERF,ERF_31
542,RØ,2244,NÆ/86,HG/86,958,1082,319,true,2244_4446_3446_4844,"1xERF, 1xICA",ERF_31
987,RØ,2595,HG/86,HK/86,1408,1525,33,true,-1,1xERF,ERF_31
1736,RØ,4425,KK/86,NÆ/86,398,472,74,true,3502_4425,"1xERF, 1xICA",ERF_32
481,RØ,2212,NÆ/86,HG/86,478,602,203,true,2212_4414_4812,"1xERF, 1xICA",ERF_32
1659,RØ,4259,HG/86,NÆ/86,868,992,435,true,1536_2459_3859_4259,"1xICA, 2xERF",ERF_32
809,RØ,2448_3448,NÆ/86,KH/86,996,1063,56,true,-1,1xERF,ERF_32
810,RØ,2448_3448,KH/86,HG/86,1066,1116,100,true,-1,1xERF,ERF_32
155,IC,125_4125,KK/86,FA/86,401,542,305,true,-1,"1xERF, 1xICA",ERF_33
1396,L,4026_26,FA/86,CPH/86,627,752,373,true,4026_26_926,"1xERF, 2xICA",ERF_33
2114,M,6320,CPH/86,HGL/86,768,799,0,true,-1,1xERF,ERF_33
2312,IC,859,HGL/86,OD/86,916,1020,561,true,259_859,"1xICA, 2xERF",ERF_33
1956,RV,4761,OD/86,FA/86,1063,1109,24,true,-1,1xERF,ERF_33
1456,L,4066_66,FA/86,CPH/86,1227,1352,182,true,4066_66_966,"1xERF, 1xICA",ERF_33
2233,IC,819,OD/86,ES/86,429,506,145,true,-1,1xERF,ERF_34
2244,IC,826,ES/86,OD/86,572,652,54,true,-1,1xERF,ERF_34
2245,IC,826,OD/86,HGL/86,660,763,140,true,-1,1xERF,ERF_34
385,IC,157_4157,HGL/86,FA/86,874,1022,465,true,-1,"1xERF, 2xICA",ERF_34
1444,L,4058_58,FA/86,CPH/86,1107,1232,309,true,4058_58_958,"1xERF, 2xICA",ERF_34
269,IC,1493_193,CPH/86,KH/86,1406,1420,59,true,-1,1xERF,ERF_34
270,IC,1493_193,KH/86,OD/86,1430,1528,213,true,-1,1xERF,ERF_34
199,IC,129,KK/86,FA/86,461,602,252,true,129_2329_429_4129,"1xERF, 1xICA",ERF_35
202,IC,132,FA/86,HGL/86,716,869,165,true,132_2332_4132_432,"1xERF, 1xICA",ERF_35
408,IC,161,HGL/86,FA/86,934,1082,519,true,161_2361_461_4161,"1xICA, 2xERF",ERF_35
1450,L,4062_62,FA/86,CPH/86,1167,1292,205,true,4062_62_762,"1xERF, 1xICA",ERF_35
524,RØ,2233_4833,HG/86,NÆ/86,478,602,377,true,-1,"1xERF, 1xICA",ERF_36
1620,RØ,4234,NÆ/86,HG/86,808,932,192,true,-1,1xERF,ERF_36
577,RØ,2265_4865,HG/86,NÆ/86,958,1082,340,true,-1,"1xERF, 1xICA",ERF_36
843,RØ,2474,NÆ/86,KK/86,1356,1440,25,true,-1,1xERF,ERF_36
903,RØ,2530,HK/86,HG/86,773,887,161,true,-1,2xERF,ERF_37
1665,RØ,4263,HG/86,NÆ/86,928,1052,484,true,3463_2463_3863_4263,"1xICA, 2xERF",ERF_37
581,RØ,2268,NÆ/86,HG/86,1318,1442,94,true,-1,1xERF,ERF_37
2495,M,9797,HGL/86,CPH/86,39,64,0,true,-1,1xERF,ERF_4
2480,M,9782,CPH/86,HGL/86,152,179,0,true,-1,"1xICA, 2xERF",ERF_4
2232,IC,819,HGL/86,OD/86,316,420,109,true,-1,4xERF,ERF_4
2218,IC,810,OD/86,HGL/86,420,523,558,true,208_810,3xERF,ERF_4
2135,M,6431,HGL/86,CPH/86,669,695,0,true,-1,2xERF,ERF_4
2111,M,6314,CPH/86,KH/86,695,709,0,true,-1,"1xICA, 3xERF",ERF_4
110,M,12396,KH/86,HGL/86,943,953,0,true,-1,1xERF,ERF_4
2320,IC,863,HGL/86,OD/86,976,1080,583,true,263_863,"1xICA, 2xERF",ERF_4
1962,RV,4769,OD/86,FA/86,1180,1226,40,true,-1,1xERF,ERF_4
1968,RV,4772,FA/86,OD/86,1290,1336,9,true,-1,3xERF,ERF_4
616,RØ,2299,KH/86,NÆ/86,70,134,28,true,-1,1xERF,ERF_5
478,RØ,2204,NÆ/86,HG/86,358,482,229,true,2204_4406_3406_4804,"1xERF, 1xICA",ERF_5
1235,RØ,3435_2435,HG/86,KH/86,504,554,198,true,-1,1xERF,ERF_5
1236,RØ,3435_2435,KH/86,NÆ/86,557,622,45,true,-1,1xERF,ERF_5
528,RØ,2236,NÆ/86,HG/86,838,962,323,true,2236_4438_3438_4836,"1xERF, 1xICA",ERF_5
966,RØ,2567,HG/86,HK/86,973,1087,354,true,-1,2xERF,ERF_5
957,RØ,2562,HK/86,HGL/86,1253,1324,52,true,-1,1xERF,ERF_5
2461,M,9701,HGL/86,CPH/86,76,101,0,true,-1,1xERF,ERF_6
230,IC,1417_117,CPH/86,KH/86,266,279,263,true,1417_117_2317_417_4117,"1xICA, 2xERF",ERF_6
764,RØ,2419,KH/86,NÆ/86,317,382,19,true,-1,1xERF,ERF_6
1981,RØ,4808_2208,NÆ/86,HG/86,418,542,481,true,-1,"1xICA, 2xERF",ERF_6
1852,RØ,4545,HG/86,HK/86,643,757,137,true,-1,1xERF,ERF_6
903,RØ,2530,HK/86,HG/86,773,887,161,true,-1,2xERF,ERF_6
1243,RØ,3463_2463,HG/86,KH/86,924,974,191,true,3463_2463_3863_4263,"1xERF, 1xICA",ERF_6
1244,RØ,3463_2463,KH/86,NÆ/86,977,1042,386,true,3463_2463_3863_4263,"1xERF, 2xICA",ERF_6
816,RØ,2452,NÆ/86,KH/86,1056,1123,44,true,-1,4xERF,ERF_6
104,M,12394,KH/86,HGL/86,1183,1193,0,true,-1,3xERF,ERF_6
1595,RØ,4219,HG/86,KH/86,268,323,60,true,-1,1xERF,ERF_7
47,IC,121,KH/86,FA/86,350,482,212,true,121_2321_421_4121,"1xERF, 1xICA",ERF_7
2058,IC,5755,FA/86,FLB/80,510,593,65,true,-1,1xERF,ERF_7
2055,IC,5754,FLB/80,FA/86,605,690,16,true,-1,1xERF,ERF_7
1414,L,4038_38,FA/86,CPH/86,807,932,388,true,4038_38_738,"1xERF, 2xICA",ERF_7
2129,L,63_4063,CPH/86,FA/86,986,1114,589,true,63_4063_763,"1xERF, 3xICA",ERF_7
1054,RV,2768,FA/86,OD/86,1230,1284,58,true,-1,1xERF,ERF_7
2046,IC,5751,FA/86,FLB/80,270,353,9,true,-1,1xERF,ERF_8
2043,IC,5750,FLB/80,FA/86,365,450,31,true,-1,1xERF,ERF_8
1924,RV,4716,FA/86,OD/86,450,496,45,true,-1,1xERF,ERF_8
1024,RV,2733,OD/86,FA/86,639,689,8,true,-1,1xERF,ERF_8
1499,IC,4136_136,FA/86,HGL/86,776,929,250,true,-1,"1xERF, 1xICA",ERF_8
2320,IC,863,HGL/86,OD/86,976,1080,583,true,263_863,"1xICA, 2xERF",ERF_8
2321,IC,863,OD/86,ES/86,1089,1166,155,true,263_863,1xERF,ERF_8
2359,L,910,SDB/86,FA/86,284,377,67,true,10_910,"1xERF, 1xICA",ERF_9
4,L,10,FA/86,CPH/86,387,512,614,true,10_910,"1xERF, 3xICA",ERF_9
690,RØ,235,CPH/86,SG/86,545,615,72,true,-1,1xERF,ERF_9
494,RØ,222,SG/86,CPH/86,644,714,74,true,-1,1xERF,ERF_9
840,RØ,247,CPH/86,SG/86,725,795,42,true,-1,1xERF,ERF_9
668,RØ,234,SG/86,CPH/86,824,894,134,true,-1,1xERF,ERF_9
996,IC,263,CPH/86,OD/86,965,1070,248,true,263_863,"1xERF, 1xICA",ERF_9
1051,RV,2765,OD/86,FA/86,1116,1170,19,true,-1,1xERF,ERF_9
2094,IC,5767,FA/86,FLB/80,1230,1313,46,true,-1,1xERF,ERF_9
2091,IC,5766,FLB/80,FA/86,1325,1410,5,true,-1,1xERF,ERF_9
1137,RØ,295,CPH/86,RO/86,5,39,9,true,-1,"1xERF, 4xICA",ICA_1
444,RØ,200,RO/86,CPH/86,320,354,60,true,-1,"1xERF, 2xICA",ICA_1
742,L,23_4023,CPH/86,FA/86,386,514,414,true,23_4023_723,"1xERF, 2xICA",ICA_1
743,L,23_4023,FA/86,VJ/86,518,531,253,false,23_4023_723,2xICA,ICA_1
744,L,23_4023,VJ/86,AR/86,533,578,226,false,23_4023_723,2xICA,ICA_1
745,L,23_4023,AR/86,ABL/86,585,668,49,false,23_4023_723,1xICA,ICA_1
1506,IC,4140_440,ABL/86,AR/86,668,763,103,false,140_2340_4140_440,1xICA,ICA_1
1507,IC,4140_440,AR/86,FA/86,770,829,113,false,140_2340_4140_440,1xICA,ICA_1
671,IC,2340,FA/86,ES/86,831,894,108,true,140_2340_4140_440,1xICA,ICA_1
693,IC,2353,ES/86,FA/86,903,967,147,true,153_2353_453_4153,1xICA,ICA_1
1839,IC,453_4153,FA/86,AR/86,969,1028,231,false,153_2353_453_4153,2xICA,ICA_1
1840,IC,453_4153,AR/86,ABL/86,1035,1124,161,false,153_2353_453_4153,2xICA,ICA_1
1557,IC,4178_4180_182,ABL/86,AB/86,1268,1280,10,false,-1,3xICA,ICA_1
1558,IC,4178_4180_182,AB/86,AR/86,1285,1363,30,false,-1,1xICA,ICA_1
1559,IC,4178_4180_182,AR/86,FA/86,1370,1431,53,false,-1,1xICA,ICA_1
1560,IC,4178_4180_182,FA/86,KH/86,1436,1585,84,true,-1,1xICA,ICA_1
433,IC,190_1490,AR/86,FA/86,40,111,35,false,-1,1xICA,ICA_10
434,IC,190_1490,FA/86,KH/86,116,265,151,true,-1,1xICA,ICA_10
435,IC,190_1490,KH/86,CPH/86,279,292,132,true,-1,1xICA,ICA_10
438,L,19_4019,CPH/86,FA/86,326,454,332,true,19_4019_919,"1xERF, 2xICA",ICA_10
439,L,19_4019,FA/86,VJ/86,458,471,300,false,19_4019_919,2xICA,ICA_10
440,L,19_4019,VJ/86,AR/86,473,518,232,false,19_4019_919,2xICA,ICA_10
1103,RV,2928,AR/86,FA/86,578,646,101,false,-1,1xICA,ICA_10
2413,L,935,FA/86,SDB/86,701,792,63,true,35_4035_935,1xICA,ICA_10
2437,L,950,SDB/86,FA/86,884,977,78,true,4050_50_950,1xICA,ICA_10
700,RV,2357_2957,FA/86,AR/86,1034,1103,243,false,-1,2xICA,ICA_10
1177,RV,2976,AR/86,FA/86,1298,1366,45,false,-1,1xICA,ICA_10
2159,M,7087,KD/86,FA/86,83,102,0,true,-1,1xICA,ICA_11
10,IC,104,FA/86,KK/86,296,439,319,true,-1,"1xERF, 1xICA",ICA_11
199,IC,129,KK/86,FA/86,461,602,252,true,129_2329_429_4129,"1xERF, 1xICA",ICA_11
190,IC,128,FA/86,KK/86,656,799,125,true,128_2328_4128_428,1xICA,ICA_11
1289,RØ,3555,KK/86,KB/86,866,960,206,false,-1,2xICA,ICA_11
336,RØ,1548,KB/86,KK/86,997,1087,144,false,-1,1xICA,ICA_11
423,IC,173,KK/86,FA/86,1121,1262,130,true,173_2371_471,1xICA,ICA_11
1914,IC,471,FA/86,AR/86,1269,1328,49,false,173_2371_471,1xICA,ICA_11
220,IC,1407_107_4107,CPH/86,KH/86,132,145,15,true,1407_107_4107_2304,1xICA,ICA_12
221,IC,1407_107_4107,KH/86,FA/86,155,295,53,true,1407_107_4107_2304,1xICA,ICA_12
222,IC,1407_107_4107,FA/86,AR/86,305,365,96,false,1407_107_4107_2304,1xICA,ICA_12
223,IC,1407_107_4107,AR/86,ABL/86,372,464,143,false,1407_107_4107_2304,1xICA,ICA_12
1393,L,4026_26,ABL/86,AR/86,466,553,141,false,4026_26_926,1xICA,ICA_12
1394,L,4026_26,AR/86,VJ/86,560,604,226,false,4026_26_926,2xICA,ICA_12
1395,L,4026_26,VJ/86,FA/86,606,621,257,false,4026_26_926,2xICA,ICA_12
1396,L,4026_26,FA/86,CPH/86,627,752,373,true,4026_26_926,"1xERF, 2xICA",ICA_12
2037,L,55_4055,CPH/86,FA/86,866,994,441,true,-1,3xICA,ICA_12
2038,L,55_4055,FA/86,VJ/86,998,1011,379,false,-1,3xICA,ICA_12
2039,L,55_4055,VJ/86,AR/86,1013,1058,330,false,-1,3xICA,ICA_12
1156,RV,2964,AR/86,FA/86,1118,1186,112,false,-1,1xICA,ICA_12
1171,RV,2973,FA/86,AR/86,1274,1343,14,false,-1,1xICA,ICA_12
2480,M,9782,CPH/86,HGL/86,152,179,0,true,-1,"1xICA, 2xERF",ICA_13
2350,M,9017,HGL/86,RO/86,264,299,0,true,-1,1xICA,ICA_13
444,RØ,200,RO/86,CPH/86,320,354,60,true,-1,"1xERF, 2xICA",ICA_13
742,L,23_4023,CPH/86,FA/86,386,514,414,true,23_4023_723,"1xERF, 2xICA",ICA_13
743,L,23_4023,FA/86,VJ/86,518,531,253,false,23_4023_723,2xICA,ICA_13
744,L,23_4023,VJ/86,AR/86,533,578,226,false,23_4023_723,2xICA,ICA_13
1406,L,4034_34,AR/86,VJ/86,680,724,226,false,4034_34_934,2xICA,ICA_13
1407,L,4034_34,VJ/86,FA/86,726,741,248,false,4034_34_934,2xICA,ICA_13
1408,L,4034_34,FA/86,CPH/86,747,872,348,true,4034_34_934,"1xERF, 2xICA",ICA_13
996,IC,263,CPH/86,OD/86,965,1070,248,true,263_863,"1xERF, 1xICA",ICA_13
226,IC,1413_113,CPH/86,KH/86,206,219,4,true,1413_113_2308_2313_413_4113,1xICA,ICA_14
227,IC,1413_113,KH/86,FA/86,230,362,49,true,1413_113_2308_2313_413_4113,1xICA,ICA_14
625,IC,2308,FA/86,ES/86,367,430,44,true,1413_113_2308_2313_413_4113,1xICA,ICA_14
2228,IC,818,ES/86,OD/86,451,532,112,true,-1,1xICA,ICA_14
2229,IC,818,OD/86,HGL/86,540,643,143,true,-1,1xICA,ICA_14
2312,IC,859,HGL/86,OD/86,916,1020,561,true,259_859,"1xICA, 2xERF",ICA_14
7,IC,100,OD/86,KK/86,249,361,141,true,-1,1xICA,ICA_15
300,RØ,1525,KK/86,KB/86,413,505,219,false,-1,2xICA,ICA_15
291,RØ,1520,KB/86,KK/86,577,667,99,false,1520_2443,1xICA,ICA_15
799,RØ,2443,KK/86,NÆ/86,668,742,42,true,1520_2443,1xICA,ICA_15
1745,RØ,4434_3434,NÆ/86,KH/86,786,853,58,true,2232_4434_3434_4832,1xICA,ICA_15
1746,RØ,4434_3434,KH/86,HG/86,856,906,194,true,2232_4434_3434_4832,"1xERF, 1xICA",ICA_15
577,RØ,2265_4865,HG/86,NÆ/86,958,1082,340,true,-1,"1xERF, 1xICA",ICA_15
578,RØ,2265_4865,NÆ/86,NF/86,1093,1132,20,false,-1,1xICA,ICA_15
230,IC,1417_117,CPH/86,KH/86,266,279,263,true,1417_117_2317_417_4117,"1xICA, 2xERF",ICA_16
231,IC,1417_117,KH/86,FA/86,290,422,107,true,1417_117_2317_417_4117,1xICA,ICA_16
1566,IC,417_4117,FA/86,AR/86,429,488,213,false,1417_117_2317_417_4117,2xICA,ICA_16
1567,IC,417_4117,AR/86,ABL/86,495,584,88,false,1417_117_2317_417_4117,1xICA,ICA_16
1405,L,4034_34,ABL/86,AR/86,586,673,125,false,4034_34_934,1xICA,ICA_16
1406,L,4034_34,AR/86,VJ/86,680,724,226,false,4034_34_934,2xICA,ICA_16
1407,L,4034_34,VJ/86,FA/86,726,741,248,false,4034_34_934,2xICA,ICA_16
1408,L,4034_34,FA/86,CPH/86,747,872,348,true,4034_34_934,"1xERF, 2xICA",ICA_16
2129,L,63_4063,CPH/86,FA/86,986,1114,589,true,63_4063_763,"1xERF, 3xICA",ICA_16
2130,L,63_4063,FA/86,VJ/86,1118,1131,364,false,63_4063_763,3xICA,ICA_16
2131,L,63_4063,VJ/86,AR/86,1133,1178,337,false,63_4063_763,3xICA,ICA_16
273,RØ,1500,KB/86,KK/86,270,376,115,false,-1,1xICA,ICA_17
300,RØ,1525,KK/86,KB/86,413,505,219,false,-1,2xICA,ICA_17
297,RØ,1524,KB/86,KK/86,637,727,129,false,1524_2447,1xICA,ICA_17
806,RØ,2447,KK/86,NÆ/86,728,802,55,true,1524_2447,1xICA,ICA_17
1749,RØ,4438_3438,NÆ/86,KH/86,846,913,63,true,2236_4438_3438_4836,1xICA,ICA_17
1750,RØ,4438_3438,KH/86,HG/86,916,966,187,true,2236_4438_3438_4836,"1xERF, 1xICA",ICA_17
584,RØ,2269_4869,HG/86,NÆ/86,1018,1142,155,true,-1,2xICA,ICA_17
585,RØ,2269_4869,NÆ/86,NF/86,1153,1192,24,false,-1,2xICA,ICA_17
2213,IC,806,ES/86,OD/86,272,352,35,true,206_806,1xICA,ICA_18
2214,IC,806,OD/86,HGL/86,360,463,529,true,206_806,"1xICA, 2xERF",ICA_18
205,IC,133,HGL/86,FA/86,515,662,151,true,133_2333_433_4133,1xICA,ICA_18
202,IC,132,FA/86,HGL/86,716,869,165,true,132_2332_4132_432,"1xERF, 1xICA",ICA_18
2320,IC,863,HGL/86,OD/86,976,1080,583,true,263_863,"1xICA, 2xERF",ICA_18
1304,RØ,3802_4204,NF/86,VO/86,283,304,8,false,-1,2xICA,ICA_19
1305,RØ,3802_4204,VO/86,HG/86,310,452,222,true,-1,2xICA,ICA_19
1231,RØ,3433_4433,HG/86,KH/86,474,524,332,true,-1,"1xERF, 1xICA",ICA_19
1232,RØ,3433_4433,KH/86,NÆ/86,527,592,39,true,-1,1xICA,ICA_19
1739,RØ,4426,NÆ/86,KK/86,666,742,54,true,2224_4426_4824,1xICA,ICA_19
309,IC,153,KK/86,FA/86,821,962,241,true,153_2353_453_4153,"1xERF, 1xICA",ICA_19
1839,IC,453_4153,FA/86,AR/86,969,1028,231,false,153_2353_453_4153,2xICA,ICA_19
1840,IC,453_4153,AR/86,ABL/86,1035,1124,161,false,153_2353_453_4153,2xICA,ICA_19
1557,IC,4178_4180_182,ABL/86,AB/86,1268,1280,10,false,-1,3xICA,ICA_19
1137,RØ,295,CPH/86,RO/86,5,39,9,true,-1,"1xERF, 4xICA",ICA_2
2377,M,9176,RO/86,KK/86,60,92,0,true,-1,3xICA,ICA_2
288,RØ,1517,KK/86,KB/86,293,385,51,false,-1,2xICA,ICA_2
282,RØ,1512,KB/86,KK/86,457,547,242,false,-1,2xICA,ICA_2
1753,RØ,4441,KK/86,NÆ/86,638,712,35,true,-1,1xICA,ICA_2
1742,RØ,4430,NÆ/86,KK/86,726,802,44,true,2228_4430_4828,1xICA,ICA_2
1289,RØ,3555,KK/86,KB/86,866,960,206,false,-1,2xICA,ICA_2
1286,RØ,3546,KB/86,KK/86,967,1054,142,false,-1,1xICA,ICA_2
369,RØ,1569,KK/86,KB/86,1073,1165,132,false,-1,1xICA,ICA_2
372,RØ,1570_4270,KB/86,KH/86,1310,1410,36,false,-1,1xICA,ICA_2
373,RØ,1570_4270,KH/86,HG/86,1417,1472,137,true,-1,1xICA,ICA_2
1304,RØ,3802_4204,NF/86,VO/86,283,304,8,false,-1,2xICA,ICA_20
1305,RØ,3802_4204,VO/86,HG/86,310,452,222,true,-1,2xICA,ICA_20
524,RØ,2233_4833,HG/86,NÆ/86,478,602,377,true,-1,"1xERF, 1xICA",ICA_20
525,RØ,2233_4833,NÆ/86,NF/86,613,652,15,false,-1,1xICA,ICA_20
1996,RØ,4828,NF/86,NÆ/86,667,706,14,false,2228_4430_4828,1xICA,ICA_20
511,RØ,2228,NÆ/86,HG/86,718,842,113,true,2228_4430_4828,1xICA,ICA_20
1243,RØ,3463_2463,HG/86,KH/86,924,974,191,true,3463_2463_3863_4263,"1xERF, 1xICA",ICA_20
1244,RØ,3463_2463,KH/86,NÆ/86,977,1042,386,true,3463_2463_3863_4263,"1xERF, 2xICA",ICA_20
1777,RØ,4454,NÆ/86,KK/86,1086,1162,34,true,2252_4454_4852,1xICA,ICA_20
390,RØ,1581,KK/86,KB/86,1253,1346,123,false,-1,1xICA,ICA_20
2359,L,910,SDB/86,FA/86,284,377,67,true,10_910,"1xERF, 1xICA",ICA_21
4,L,10,FA/86,CPH/86,387,512,614,true,10_910,"1xERF, 3xICA",ICA_21
1363,L,39_4039,CPH/86,FA/86,626,754,322,true,-1,"1xERF, 2xICA",ICA_21
1364,L,39_4039,FA/86,VJ/86,758,771,295,false,-1,2xICA,ICA_21
1365,L,39_4039,VJ/86,AR/86,773,818,263,false,-1,2xICA,ICA_21
1131,RV,2948,AR/86,FA/86,878,946,230,false,-1,2xICA,ICA_21
1144,RV,2953,FA/86,AR/86,974,1043,102,false,-1,1xICA,ICA_21
1150,RV,2960,AR/86,FA/86,1058,1126,94,false,-1,1xICA,ICA_21
405,IC,160,FA/86,KH/86,1136,1270,80,true,160_2360_4160_460,1xICA,ICA_21
2422,M,9387,KH/86,CPH/86,1321,1334,0,true,-1,5xICA,ICA_21
35,L,11_4011,OD/86,FA/86,303,334,10,true,11_4011_911,1xICA,ICA_22
1911,RR,4708,FA/86,OD/86,334,376,57,true,-1,1xICA,ICA_22
2108,L,608,OD/86,KH/86,379,458,368,true,-1,"1xERF, 1xICA",ICA_22
234,IC,141_4141,KH/86,FA/86,650,782,121,true,-1,1xICA,ICA_22
235,IC,141_4141,FA/86,AR/86,789,848,111,false,-1,1xICA,ICA_22
236,IC,141_4141,AR/86,ABL/86,855,944,150,false,-1,1xICA,ICA_22
1441,L,4058_58,ABL/86,AR/86,946,1033,160,false,4058_58_958,2xICA,ICA_22
1442,L,4058_58,AR/86,VJ/86,1040,1084,251,false,4058_58_958,2xICA,ICA_22
1443,L,4058_58,VJ/86,FA/86,1086,1101,280,false,4058_58_958,2xICA,ICA_22
1444,L,4058_58,FA/86,CPH/86,1107,1232,309,true,4058_58_958,"1xERF, 2xICA",ICA_22
634,IC,2313,ES/86,FA/86,303,367,49,true,1413_113_2308_2313_413_4113,2xICA,ICA_23
1502,IC,413_4113,FA/86,AR/86,369,428,167,false,1413_113_2308_2313_413_4113,2xICA,ICA_23
1503,IC,413_4113,AR/86,ABL/86,435,524,178,false,1413_113_2308_2313_413_4113,2xICA,ICA_23
1399,L,4030_30,ABL/86,AR/86,526,613,119,false,-1,1xICA,ICA_23
1400,L,4030_30,AR/86,VJ/86,620,664,253,false,-1,2xICA,ICA_23
1401,L,4030_30,VJ/86,FA/86,666,681,278,false,-1,2xICA,ICA_23
1402,L,4030_30,FA/86,CPH/86,687,812,333,true,-1,"1xERF, 2xICA",ICA_23
2097,L,59_4059,CPH/86,FA/86,926,1054,653,true,59_4059_959,"1xERF, 3xICA",ICA_23
2098,L,59_4059,FA/86,VJ/86,1058,1071,407,false,59_4059_959,3xICA,ICA_23
2099,L,59_4059,VJ/86,AR/86,1073,1118,355,false,59_4059_959,3xICA,ICA_23
1542,IC,4171,AR/86,AB/86,1305,1379,49,false,-1,1xICA,ICA_23
634,IC,2313,ES/86,FA/86,303,367,49,true,1413_113_2308_2313_413_4113,2xICA,ICA_24
1502,IC,413_4113,FA/86,AR/86,369,428,167,false,1413_113_2308_2313_413_4113,2xICA,ICA_24
1503,IC,413_4113,AR/86,ABL/86,435,524,178,false,1413_113_2308_2313_413_4113,2xICA,ICA_24
1493,IC,4132_432,ABL/86,AR/86,548,643,92,false,132_2332_4132_432,1xICA,ICA_24
1494,IC,4132_432,AR/86,FA/86,650,709,96,false,132_2332_4132_432,1xICA,ICA_24
659,IC,2332,FA/86,ES/86,711,774,82,true,132_2332_4132_432,1xICA,ICA_24
681,IC,2345,ES/86,FA/86,783,847,82,true,145_2345_445_4145,1xICA,ICA_24
1783,IC,445_4145,FA/86,AR/86,849,908,217,false,145_2345_445_4145,2xICA,ICA_24
1784,IC,445_4145,AR/86,ABL/86,915,1004,279,false,145_2345_445_4145,2xICA,ICA_24
1531,IC,4164_464,ABL/86,AR/86,1028,1123,94,false,164_2364_4164_464,1xICA,ICA_24
1532,IC,4164_464,AR/86,FA/86,1130,1189,100,false,164_2364_4164_464,1xICA,ICA_24
709,IC,2364,FA/86,ES/86,1191,1254,73,true,164_2364_4164_464,1xICA,ICA_24
1271,RØ,3502,KB/86,KK/86,303,391,133,false,3502_4425,1xICA,ICA_25
1736,RØ,4425,KK/86,NÆ/86,398,472,74,true,3502_4425,"1xERF, 1xICA",ICA_25
1724,RØ,4414,NÆ/86,KK/86,486,562,124,true,2212_4414_4812,1xICA,ICA_25
242,IC,145,KK/86,FA/86,701,842,123,true,145_2345_445_4145,1xICA,ICA_25
1783,IC,445_4145,FA/86,AR/86,849,908,217,false,145_2345_445_4145,2xICA,ICA_25
1784,IC,445_4145,AR/86,ABL/86,915,1004,279,false,145_2345_445_4145,2xICA,ICA_25
1453,L,4066_66,ABL/86,AR/86,1066,1153,56,false,4066_66_966,1xICA,ICA_25
1454,L,4066_66,AR/86,VJ/86,1160,1204,106,false,4066_66_966,1xICA,ICA_25
1455,L,4066_66,VJ/86,FA/86,1206,1221,119,false,4066_66_966,1xICA,ICA_25
1456,L,4066_66,FA/86,CPH/86,1227,1352,182,true,4066_66_966,"1xERF, 1xICA",ICA_25
1375,L,4014_14,AB/86,AR/86,303,372,74,false,-1,1xICA,ICA_26
1376,L,4014_14,AR/86,VJ/86,380,424,413,false,-1,4xICA,ICA_26
1377,L,4014_14,VJ/86,FA/86,426,441,462,false,-1,4xICA,ICA_26
1378,L,4014_14,FA/86,CPH/86,447,572,663,true,-1,5xICA,ICA_26
1971,L,47_4047,CPH/86,FA/86,746,874,365,true,47_4047_747,3xICA,ICA_26
1972,L,47_4047,FA/86,VJ/86,878,891,383,false,47_4047_747,3xICA,ICA_26
1973,L,47_4047,VJ/86,AR/86,893,938,305,false,47_4047_747,3xICA,ICA_26
1140,RV,2952_2352,AR/86,FA/86,938,1006,157,false,-1,2xICA,ICA_26
1141,RV,2952_2352,FA/86,ES/86,1011,1074,55,true,-1,2xICA,ICA_26
712,IC,2365,ES/86,FA/86,1083,1147,46,true,165_2365_465_4165,1xICA,ICA_26
1165,RV,2969,FA/86,AR/86,1214,1283,55,false,-1,1xICA,ICA_26
472,RØ,2200,KH/86,HG/86,307,362,29,true,-1,2xICA,ICA_27
514,RØ,2229_4829,HG/86,NÆ/86,418,542,398,true,-1,3xICA,ICA_27
1733,RØ,4422,NÆ/86,KK/86,606,682,61,true,2220_4422_4820,1xICA,ICA_27
266,IC,149,KK/86,FA/86,761,902,141,true,149_2349_449_4149,1xICA,ICA_27
1790,IC,449_4149,FA/86,AR/86,909,968,286,false,149_2349_449_4149,2xICA,ICA_27
1791,IC,449_4149,AR/86,ABL/86,975,1064,302,false,149_2349_449_4149,2xICA,ICA_27
1545,IC,4172_474,ABL/86,AR/86,1148,1243,31,false,172_2374_4172_474,1xICA,ICA_27
1546,IC,4172_474,AR/86,FA/86,1250,1309,95,false,172_2374_4172_474,1xICA,ICA_27
724,IC,2374,FA/86,ES/86,1311,1374,35,true,172_2374_4172_474,1xICA,ICA_27
472,RØ,2200,KH/86,HG/86,307,362,29,true,-1,2xICA,ICA_28
514,RØ,2229_4829,HG/86,NÆ/86,418,542,398,true,-1,3xICA,ICA_28
1727,RØ,4418,NÆ/86,KK/86,546,622,85,true,2216_4418_4816,1xICA,ICA_28
333,RØ,1545,KK/86,KB/86,713,805,80,false,-1,2xICA,ICA_28
1283,RØ,3542,KB/86,KK/86,907,994,212,false,-1,2xICA,ICA_28
366,RØ,1565,KK/86,KB/86,1013,1105,212,false,-1,2xICA,ICA_28
357,RØ,1560,KB/86,KK/86,1177,1266,100,false,1560_2483,1xICA,ICA_28
852,RØ,2483,KK/86,NÆ/86,1268,1342,71,true,1560_2483,1xICA,ICA_28
591,RØ,2270,NÆ/86,KH/86,1365,1430,20,true,-1,1xICA,ICA_28
1977,RØ,4804,NF/86,NÆ/86,307,346,18,false,2204_4406_3406_4804,2xICA,ICA_29
1717,RØ,4406_3406,NÆ/86,KH/86,366,433,253,true,2204_4406_3406_4804,2xICA,ICA_29
1718,RØ,4406_3406,KH/86,HG/86,436,486,134,true,2204_4406_3406_4804,2xICA,ICA_29
538,RØ,2241_4841,HG/86,NÆ/86,598,722,106,true,-1,1xICA,ICA_29
539,RØ,2241_4841,NÆ/86,NF/86,733,772,18,false,-1,1xICA,ICA_29
2002,RØ,4836,NF/86,NÆ/86,787,826,29,false,2236_4438_3438_4836,1xICA,ICA_29
528,RØ,2236,NÆ/86,HG/86,838,962,323,true,2236_4438_3438_4836,"1xERF, 1xICA",ICA_29
584,RØ,2269_4869,HG/86,NÆ/86,1018,1142,155,true,-1,2xICA,ICA_29
585,RØ,2269_4869,NÆ/86,NF/86,1153,1192,24,false,-1,2xICA,ICA_29
1137,RØ,295,CPH/86,RO/86,5,39,9,true,-1,"1xERF, 4xICA",ICA_3
2377,M,9176,RO/86,KK/86,60,92,0,true,-1,3xICA,ICA_3
288,RØ,1517,KK/86,KB/86,293,385,51,false,-1,2xICA,ICA_3
282,RØ,1512,KB/86,KK/86,457,547,242,false,-1,2xICA,ICA_3
2467,M,9720,KK/86,HGL/86,692,696,0,true,-1,1xICA,ICA_3
408,IC,161,HGL/86,FA/86,934,1082,519,true,161_2361_461_4161,"1xICA, 2xERF",ICA_3
1153,RV,2961,FA/86,AR/86,1094,1163,30,false,-1,1xICA,ICA_3
1563,IC,4179,AR/86,AB/86,1425,1499,11,false,-1,1xICA,ICA_3
1977,RØ,4804,NF/86,NÆ/86,307,346,18,false,2204_4406_3406_4804,2xICA,ICA_30
478,RØ,2204,NÆ/86,HG/86,358,482,229,true,2204_4406_3406_4804,"1xERF, 1xICA",ICA_30
531,RØ,2237_4837,HG/86,NÆ/86,538,662,99,true,-1,1xICA,ICA_30
532,RØ,2237_4837,NÆ/86,NF/86,673,712,15,false,-1,1xICA,ICA_30
1999,RØ,4832,NF/86,NÆ/86,727,766,23,false,2232_4434_3434_4832,1xICA,ICA_30
521,RØ,2232,NÆ/86,HG/86,778,902,143,true,2232_4434_3434_4832,1xICA,ICA_30
1665,RØ,4263,HG/86,NÆ/86,928,1052,484,true,3463_2463_3863_4263,"1xICA, 2xERF",ICA_30
1314,RØ,3863,NÆ/86,NF/86,1058,1097,49,false,3463_2463_3863_4263,2xICA,ICA_30
1470,IC,4105,AR/86,ABL/86,312,404,21,false,-1,2xICA,ICA_31
1387,L,4022_22,ABL/86,AR/86,406,493,234,false,4022_22_722,2xICA,ICA_31
1388,L,4022_22,AR/86,VJ/86,500,544,280,false,4022_22_722,2xICA,ICA_31
1389,L,4022_22,VJ/86,FA/86,546,561,268,false,4022_22_722,2xICA,ICA_31
1390,L,4022_22,FA/86,CPH/86,567,692,337,true,4022_22_722,"1xERF, 2xICA",ICA_31
2037,L,55_4055,CPH/86,FA/86,866,994,441,true,-1,3xICA,ICA_31
2038,L,55_4055,FA/86,VJ/86,998,1011,379,false,-1,3xICA,ICA_31
2039,L,55_4055,VJ/86,AR/86,1013,1058,330,false,-1,3xICA,ICA_31
1162,RV,2968,AR/86,FA/86,1178,1246,38,false,-1,1xICA,ICA_31
2156,M,7085,FA/86,AR/86,1315,1395,0,false,-1,2xICA,ICA_31
1470,IC,4105,AR/86,ABL/86,312,404,21,false,-1,2xICA,ICA_32
1387,L,4022_22,ABL/86,AR/86,406,493,234,false,4022_22_722,2xICA,ICA_32
1388,L,4022_22,AR/86,VJ/86,500,544,280,false,4022_22_722,2xICA,ICA_32
1389,L,4022_22,VJ/86,FA/86,546,561,268,false,4022_22_722,2xICA,ICA_32
1390,L,4022_22,FA/86,CPH/86,567,692,337,true,4022_22_722,"1xERF, 2xICA",ICA_32
2037,L,55_4055,CPH/86,FA/86,866,994,441,true,-1,3xICA,ICA_32
2038,L,55_4055,FA/86,VJ/86,998,1011,379,false,-1,3xICA,ICA_32
2039,L,55_4055,VJ/86,AR/86,1013,1058,330,false,-1,3xICA,ICA_32
2040,L,55_4055,AR/86,AB/86,1065,1133,111,false,-1,1xICA,ICA_32
1465,L,4074_74,AB/86,AR/86,1203,1273,28,false,-1,1xICA,ICA_32
1466,L,4074_74,AR/86,VJ/86,1280,1324,38,false,-1,1xICA,ICA_32
1467,L,4074_74,VJ/86,FA/86,1326,1341,15,false,-1,3xICA,ICA_32
2,L,10,AR/86,VJ/86,320,364,153,false,10_910,2xICA,ICA_33
3,L,10,VJ/86,FA/86,366,381,203,false,10_910,2xICA,ICA_33
4,L,10,FA/86,CPH/86,387,512,614,true,10_910,"1xERF, 3xICA",ICA_33
1363,L,39_4039,CPH/86,FA/86,626,754,322,true,-1,"1xERF, 2xICA",ICA_33
1364,L,39_4039,FA/86,VJ/86,758,771,295,false,-1,2xICA,ICA_33
1365,L,39_4039,VJ/86,AR/86,773,818,263,false,-1,2xICA,ICA_33
1366,L,39_4039,AR/86,ABL/86,825,908,141,false,-1,1xICA,ICA_33
1441,L,4058_58,ABL/86,AR/86,946,1033,160,false,4058_58_958,2xICA,ICA_33
1442,L,4058_58,AR/86,VJ/86,1040,1084,251,false,4058_58_958,2xICA,ICA_33
1443,L,4058_58,VJ/86,FA/86,1086,1101,280,false,4058_58_958,2xICA,ICA_33
1444,L,4058_58,FA/86,CPH/86,1107,1232,309,true,4058_58_958,"1xERF, 2xICA",ICA_33
2,L,10,AR/86,VJ/86,320,364,153,false,10_910,2xICA,ICA_34
3,L,10,VJ/86,FA/86,366,381,203,false,10_910,2xICA,ICA_34
4,L,10,FA/86,CPH/86,387,512,614,true,10_910,"1xERF, 3xICA",ICA_34
1298,L,35_4035,CPH/86,FA/86,566,694,237,true,35_4035_935,2xICA,ICA_34
1299,L,35_4035,FA/86,VJ/86,698,711,160,false,35_4035_935,2xICA,ICA_34
2185,L,747,VJ/86,STR/86,899,1008,76,false,47_4047_747,1xICA,ICA_34
2193,L,762,STR/86,FA/86,1024,1154,52,false,4062_62_762,1xICA,ICA_34
417,IC,168,FA/86,KH/86,1256,1390,58,true,168_2368_4168_468,1xICA,ICA_34
1473,IC,4116_416,AB/86,AR/86,325,403,137,false,116_2316_4116_416,1xICA,ICA_35
38,L,11_4011,AR/86,ABL/86,405,488,125,false,11_4011_911,1xICA,ICA_35
1489,IC,4128_428,ABL/86,AR/86,488,583,110,false,128_2328_4128_428,1xICA,ICA_35
1490,IC,4128_428,AR/86,FA/86,590,649,69,false,128_2328_4128_428,1xICA,ICA_35
653,IC,2328,FA/86,ES/86,651,714,37,true,128_2328_4128_428,1xICA,ICA_35
674,RV,2341_2941,ES/86,FA/86,724,789,26,true,-1,1xICA,ICA_35
675,RV,2341_2941,FA/86,AR/86,794,863,43,false,-1,1xICA,ICA_35
1430,L,4050_50,AR/86,VJ/86,920,964,306,false,4050_50_950,3xICA,ICA_35
1431,L,4050_50,VJ/86,FA/86,966,981,360,false,4050_50_950,3xICA,ICA_35
1432,L,4050_50,FA/86,CPH/86,987,1112,494,true,4050_50_950,"1xERF, 3xICA",ICA_35
2188,L,75,CPH/86,FA/86,1166,1294,248,true,75_975,2xICA,ICA_35
2189,L,75,FA/86,VJ/86,1298,1311,161,false,75_975,2xICA,ICA_35
2190,L,75,VJ/86,AR/86,1313,1358,131,false,75_975,1xICA,ICA_35
438,L,19_4019,CPH/86,FA/86,326,454,332,true,19_4019_919,"1xERF, 2xICA",ICA_36
439,L,19_4019,FA/86,VJ/86,458,471,300,false,19_4019_919,2xICA,ICA_36
440,L,19_4019,VJ/86,AR/86,473,518,232,false,19_4019_919,2xICA,ICA_36
441,L,19_4019,AR/86,ABL/86,525,608,63,false,19_4019_919,1xICA,ICA_36
1497,IC,4136_136,ABL/86,AR/86,608,703,105,false,-1,1xICA,ICA_36
1498,IC,4136_136,AR/86,FA/86,710,771,103,false,-1,1xICA,ICA_36
1499,IC,4136_136,FA/86,HGL/86,776,929,250,true,-1,"1xERF, 1xICA",ICA_36
426,IC,177,HGL/86,FA/86,1174,1322,125,true,177_2377_477,1xICA,ICA_36
1965,IC,477,FA/86,AR/86,1329,1400,48,false,177_2377_477,1xICA,ICA_36
2105,L,6,FA/86,CPH/86,327,452,246,true,-1,2xICA,ICA_37
1186,L,31_4031,CPH/86,FA/86,506,634,350,true,31_4031_731,"1xERF, 2xICA",ICA_37
1187,L,31_4031,FA/86,VJ/86,638,651,227,false,31_4031_731,2xICA,ICA_37
1188,L,31_4031,VJ/86,AR/86,653,698,218,false,31_4031_731,2xICA,ICA_37
1189,L,31_4031,AR/86,ABL/86,705,788,80,false,31_4031_731,1xICA,ICA_37
1514,IC,4148_448,ABL/86,AR/86,788,883,112,false,148_2348_4148_448,1xICA,ICA_37
1515,IC,4148_448,AR/86,FA/86,890,949,127,false,148_2348_4148_448,1xICA,ICA_37
684,IC,2348,FA/86,ES/86,951,1014,109,true,148_2348_4148_448,1xICA,ICA_37
706,IC,2361,ES/86,FA/86,1023,1087,72,true,161_2361_461_4161,1xICA,ICA_37
1900,IC,461_4161,FA/86,AR/86,1089,1148,128,false,161_2361_461_4161,1xICA,ICA_37
1901,IC,461_4161,AR/86,ABL/86,1155,1244,55,false,161_2361_461_4161,1xICA,ICA_37
1574,IC,4190,ABL/86,AR/86,1378,1473,20,false,-1,2xICA,ICA_37
36,L,11_4011,FA/86,VJ/86,338,351,15,false,11_4011_911,1xICA,ICA_38
37,L,11_4011,VJ/86,AR/86,353,398,69,false,11_4011_911,1xICA,ICA_38
1090,RV,2916,AR/86,FA/86,398,466,117,false,-1,1xICA,ICA_38
2173,L,723,FA/86,STR/86,523,648,67,false,23_4023_723,1xICA,ICA_38
2179,L,738,STR/86,FA/86,664,794,82,false,4038_38_738,1xICA,ICA_38
211,IC,140,FA/86,KK/86,836,979,236,true,140_2340_4140_440,2xICA,ICA_38
414,IC,165,KK/86,FA/86,1001,1142,395,true,165_2365_465_4165,3xICA,ICA_38
411,IC,164,FA/86,KH/86,1196,1330,92,true,164_2364_4164_464,1xICA,ICA_38
610,RØ,2291,KH/86,NÆ/86,1390,1454,102,true,1289_2089_2291,1xICA,ICA_38
41,RØ,1204,NF/86,KH/86,338,415,224,false,-1,2xICA,ICA_39
1220,RØ,3427_2427,KH/86,NÆ/86,437,502,85,true,-1,"1xERF, 1xICA",ICA_39
761,RØ,2416,NÆ/86,KK/86,516,592,123,true,1537_2416,1xICA,ICA_39
321,RØ,1537,KK/86,KB/86,593,685,71,false,1537_2416,1xICA,ICA_39
312,RØ,1532,KB/86,KK/86,757,847,142,false,1532_2455,1xICA,ICA_39
819,RØ,2455,KK/86,NÆ/86,848,922,132,true,1532_2455,1xICA,ICA_39
1763,RØ,4446_3446,NÆ/86,KH/86,966,1033,79,true,2244_4446_3446_4844,"1xERF, 1xICA",ICA_39
1764,RØ,4446_3446,KH/86,HG/86,1036,1086,153,true,2244_4446_3446_4844,"1xERF, 1xICA",ICA_39
975,RØ,2579,HG/86,KH/86,1153,1208,52,true,-1,2xICA,ICA_39
429,IC,181,KH/86,FA/86,1250,1382,166,true,181_2376,2xICA,ICA_39
727,IC,2376,FA/86,ES/86,1392,1455,55,true,181_2376,1xICA,ICA_39
1137,RØ,295,CPH/86,RO/86,5,39,9,true,-1,"1xERF, 4xICA",ICA_4
2377,M,9176,RO/86,KK/86,60,92,0,true,-1,3xICA,ICA_4
155,IC,125_4125,KK/86,FA/86,401,542,305,true,-1,"1xERF, 1xICA",ICA_4
156,IC,125_4125,FA/86,AR/86,549,608,115,false,-1,1xICA,ICA_4
157,IC,125_4125,AR/86,ABL/86,615,704,77,false,-1,1xICA,ICA_4
1417,L,4042_42,ABL/86,AR/86,706,793,109,false,4042_42_942,1xICA,ICA_4
1418,L,4042_42,AR/86,VJ/86,800,844,267,false,4042_42_942,2xICA,ICA_4
1419,L,4042_42,VJ/86,FA/86,846,861,298,false,4042_42_942,2xICA,ICA_4
1420,L,4042_42,FA/86,CPH/86,867,992,419,true,4042_42_942,"1xERF, 2xICA",ICA_4
2150,L,67_4067,CPH/86,FA/86,1047,1174,380,true,67_4067_967,"1xERF, 2xICA",ICA_4
2151,L,67_4067,FA/86,VJ/86,1178,1191,270,false,67_4067_967,2xICA,ICA_4
2152,L,67_4067,VJ/86,AR/86,1193,1238,233,false,67_4067_967,2xICA,ICA_4
41,RØ,1204,NF/86,KH/86,338,415,224,false,-1,2xICA,ICA_40
83,RØ,1229,KH/86,NF/86,488,563,128,false,-1,1xICA,ICA_40
68,RØ,1220,NF/86,KH/86,578,655,100,false,1220_1541,1xICA,ICA_40
327,RØ,1541,KH/86,KB/86,662,745,44,false,1220_1541,1xICA,ICA_40
318,RØ,1536,KB/86,KK/86,817,907,181,false,1536_2459_3859_4259,2xICA,ICA_40
414,IC,165,KK/86,FA/86,1001,1142,395,true,165_2365_465_4165,3xICA,ICA_40
2452,L,967,FA/86,SDB/86,1181,1272,65,true,67_4067_967,1xICA,ICA_40
1084,RV,2912,AR/86,FA/86,338,406,85,false,-1,1xICA,ICA_41
1921,RR,4714,FA/86,OD/86,422,468,70,true,-1,1xICA,ICA_41
2222,IC,814,OD/86,HGL/86,480,583,305,true,214_814,"1xERF, 1xICA",ICA_41
385,IC,157_4157,HGL/86,FA/86,874,1022,465,true,-1,"1xERF, 2xICA",ICA_41
386,IC,157_4157,FA/86,AR/86,1029,1088,151,false,-1,1xICA,ICA_41
387,IC,157_4157,AR/86,ABL/86,1095,1184,61,false,-1,1xICA,ICA_41
1570,IC,4184_484,ABL/86,AR/86,1328,1423,16,false,-1,1xICA,ICA_41
1571,IC,4184_484,AR/86,KD/86,1430,1513,27,false,-1,1xICA,ICA_41
2362,L,911,FA/86,SDB/86,341,432,13,true,11_4011_911,1xICA,ICA_42
2389,L,926,SDB/86,FA/86,524,617,87,true,4026_26_926,1xICA,ICA_42
1112,RV,2933,FA/86,AR/86,674,743,30,false,-1,1xICA,ICA_42
1424,L,4046_46,AR/86,VJ/86,860,904,247,false,4046_46_746,2xICA,ICA_42
1425,L,4046_46,VJ/86,FA/86,906,921,264,false,4046_46_746,2xICA,ICA_42
1426,L,4046_46,FA/86,CPH/86,927,1052,409,true,4046_46_746,"1xERF, 2xICA",ICA_42
2165,L,71,CPH/86,FA/86,1106,1234,232,true,-1,2xICA,ICA_42
2166,L,71,FA/86,VJ/86,1238,1251,208,false,-1,2xICA,ICA_42
2167,L,71,VJ/86,AR/86,1253,1298,205,false,-1,2xICA,ICA_42
1372,L,4007,AR/86,ABL/86,345,428,48,false,-1,1xICA,ICA_43
1485,IC,4124_424,ABL/86,AR/86,428,523,233,false,124_2324_4124_424,2xICA,ICA_43
1400,L,4030_30,AR/86,VJ/86,620,664,253,false,-1,2xICA,ICA_43
1401,L,4030_30,VJ/86,FA/86,666,681,278,false,-1,2xICA,ICA_43
1402,L,4030_30,FA/86,CPH/86,687,812,333,true,-1,"1xERF, 2xICA",ICA_43
2097,L,59_4059,CPH/86,FA/86,926,1054,653,true,59_4059_959,"1xERF, 3xICA",ICA_43
2098,L,59_4059,FA/86,VJ/86,1058,1071,407,false,59_4059_959,3xICA,ICA_43
2099,L,59_4059,VJ/86,AR/86,1073,1118,355,false,59_4059_959,3xICA,ICA_43
2100,L,59_4059,AR/86,AB/86,1125,1193,90,false,59_4059_959,1xICA,ICA_43
1539,RV,4169,AB/86,ABL/86,1354,1364,1,false,-1,1xICA,ICA_43
47,IC,121,KH/86,FA/86,350,482,212,true,121_2321_421_4121,"1xERF, 1xICA",ICA_44
2392,L,927,FA/86,SDB/86,581,672,64,true,27_4027_927,1xICA,ICA_44
2431,L,942,SDB/86,FA/86,764,857,67,true,4042_42_942,1xICA,ICA_44
2076,IC,5761,FA/86,FLB/80,870,953,49,true,-1,1xICA,ICA_44
2073,IC,5760,FLB/80,FA/86,965,1050,21,true,-1,1xICA,ICA_44
354,IC,156,FA/86,KK/86,1076,1219,85,true,156_2356_4156_456,1xICA,ICA_44
2126,M,6370,KK/86,KH/86,1311,1317,0,true,-1,1xICA,ICA_44
457,RØ,2085_1285,KH/86,NF/86,1327,1415,87,false,-1,1xICA,ICA_44
1369,RV,4003,AB/86,ABL/86,358,368,3,false,-1,2xICA,ICA_45
1480,IC,4120_120,ABL/86,AR/86,368,463,377,false,-1,3xICA,ICA_45
1481,IC,4120_120,AR/86,FA/86,470,531,254,false,-1,2xICA,ICA_45
1106,RV,2929,FA/86,AR/86,614,683,34,false,-1,1xICA,ICA_45
1418,L,4042_42,AR/86,VJ/86,800,844,267,false,4042_42_942,2xICA,ICA_45
1419,L,4042_42,VJ/86,FA/86,846,861,298,false,4042_42_942,2xICA,ICA_45
1420,L,4042_42,FA/86,CPH/86,867,992,419,true,4042_42_942,"1xERF, 2xICA",ICA_45
2150,L,67_4067,CPH/86,FA/86,1047,1174,380,true,67_4067_967,"1xERF, 2xICA",ICA_45
2151,L,67_4067,FA/86,VJ/86,1178,1191,270,false,67_4067_967,2xICA,ICA_45
2152,L,67_4067,VJ/86,AR/86,1193,1238,233,false,67_4067_967,2xICA,ICA_45
2153,L,67_4067,AR/86,AB/86,1245,1313,87,false,67_4067_967,1xICA,ICA_45
1369,RV,4003,AB/86,ABL/86,358,368,3,false,-1,2xICA,ICA_46
1480,IC,4120_120,ABL/86,AR/86,368,463,377,false,-1,3xICA,ICA_46
1324,RV,3922_4724,AR/86,FA/86,489,567,64,false,-1,1xICA,ICA_46
1325,RV,3922_4724,FA/86,OD/86,570,616,16,true,-1,1xICA,ICA_46
1033,RV,2741,OD/86,FA/86,758,811,19,true,-1,1xICA,ICA_46
1128,RV,2945,FA/86,AR/86,854,923,51,false,-1,1xICA,ICA_46
1140,RV,2952_2352,AR/86,FA/86,938,1006,157,false,-1,2xICA,ICA_46
1141,RV,2952_2352,FA/86,ES/86,1011,1074,55,true,-1,2xICA,ICA_46
721,IC,2371,ES/86,FA/86,1203,1267,78,true,173_2371_471,1xICA,ICA_46
2156,M,7085,FA/86,AR/86,1315,1395,0,false,-1,2xICA,ICA_46
640,IC,2317,ES/86,FA/86,362,427,86,true,1417_117_2317_417_4117,1xICA,ICA_47
1566,IC,417_4117,FA/86,AR/86,429,488,213,false,1417_117_2317_417_4117,2xICA,ICA_47
1394,L,4026_26,AR/86,VJ/86,560,604,226,false,4026_26_926,2xICA,ICA_47
1395,L,4026_26,VJ/86,FA/86,606,621,257,false,4026_26_926,2xICA,ICA_47
1396,L,4026_26,FA/86,CPH/86,627,752,373,true,4026_26_926,"1xERF, 2xICA",ICA_47
984,IC,259,CPH/86,OD/86,905,1010,347,true,259_859,"1xERF, 1xICA",ICA_47
1192,RØ,3206,NF/86,KH/86,363,437,173,false,-1,2xICA,ICA_48
95,RØ,1237,KH/86,NF/86,608,683,71,false,-1,1xICA,ICA_48
80,RØ,1228,NF/86,KH/86,698,775,98,false,-1,1xICA,ICA_48
163,RØ,1261,KH/86,NF/86,968,1043,417,false,-1,3xICA,ICA_48
2024,RØ,4860_2260,NF/86,NÆ/86,1147,1186,9,false,-1,1xICA,ICA_48
2025,RØ,4860_2260,NÆ/86,HG/86,1198,1322,88,true,-1,1xICA,ICA_48
1692,RØ,4291_1591,HG/86,KH/86,1348,1403,36,true,-1,1xICA,ICA_48
1693,RØ,4291_1591,KH/86,KB/86,1410,1510,102,false,-1,1xICA,ICA_48
1192,RØ,3206,NF/86,KH/86,363,437,173,false,-1,2xICA,ICA_49
208,IC,137,KH/86,FA/86,590,722,85,true,137_2337_437_4137,1xICA,ICA_49
1704,IC,437_4137,FA/86,AR/86,729,788,135,false,137_2337_437_4137,1xICA,ICA_49
1705,IC,437_4137,AR/86,ABL/86,795,884,127,false,137_2337_437_4137,1xICA,ICA_49
1523,IC,4156_456,ABL/86,AR/86,908,1003,142,false,156_2356_4156_456,1xICA,ICA_49
1524,IC,4156_456,AR/86,FA/86,1010,1069,151,false,156_2356_4156_456,1xICA,ICA_49
696,IC,2356,FA/86,ES/86,1071,1134,82,true,156_2356_4156_456,1xICA,ICA_49
730,IC,2377,ES/86,FA/86,1263,1327,48,true,177_2377_477,1xICA,ICA_49
594,RØ,2272,KH/86,HG/86,7,62,29,true,-1,1xICA,ICA_5
491,RØ,2219,HG/86,KH/86,298,353,57,true,1221_2219_2221_4821,"1xERF, 1xICA",ICA_5
500,RØ,2221_4821,KH/86,NÆ/86,356,422,55,true,1221_2219_2221_4821,1xICA,ICA_5
501,RØ,2221_4821,NÆ/86,NF/86,433,472,32,false,1221_2219_2221_4821,1xICA,ICA_5
1990,RØ,4820,NF/86,NÆ/86,547,586,19,false,2220_4422_4820,1xICA,ICA_5
497,RØ,2220,NÆ/86,HG/86,598,722,82,true,2220_4422_4820,1xICA,ICA_5
1659,RØ,4259,HG/86,NÆ/86,868,992,435,true,1536_2459_3859_4259,"1xICA, 2xERF",ICA_5
1311,RØ,3859,NÆ/86,NF/86,998,1037,50,false,1536_2459_3859_4259,1xICA,ICA_5
143,RØ,1252,NF/86,KH/86,1058,1135,64,false,-1,1xICA,ICA_5
181,RØ,1273,KH/86,NF/86,1148,1223,88,false,-1,1xICA,ICA_5
1381,L,4018_18,AB/86,AR/86,363,433,197,false,4018_18_918,2xICA,ICA_50
1382,L,4018_18,AR/86,VJ/86,440,484,485,false,4018_18_918,4xICA,ICA_50
1383,L,4018_18,VJ/86,FA/86,486,501,467,false,4018_18_918,4xICA,ICA_50
1384,L,4018_18,FA/86,CPH/86,507,632,492,true,4018_18_918,4xICA,ICA_50
2031,L,51_4051,CPH/86,FA/86,806,934,386,true,51_4051_951,3xICA,ICA_50
2032,L,51_4051,FA/86,VJ/86,938,951,322,false,51_4051_951,3xICA,ICA_50
2033,L,51_4051,VJ/86,AR/86,953,998,298,false,51_4051_951,2xICA,ICA_50
2034,L,51_4051,AR/86,ABL/86,1005,1088,156,false,51_4051_951,2xICA,ICA_50
1552,IC,4176_176,ABL/86,AR/86,1208,1303,63,false,-1,1xICA,ICA_50
1553,IC,4176_176,AR/86,FA/86,1310,1371,82,false,-1,1xICA,ICA_50
1554,IC,4176_176,FA/86,KH/86,1376,1510,68,true,-1,1xICA,ICA_50
1381,L,4018_18,AB/86,AR/86,363,433,197,false,4018_18_918,2xICA,ICA_51
1382,L,4018_18,AR/86,VJ/86,440,484,485,false,4018_18_918,4xICA,ICA_51
1383,L,4018_18,VJ/86,FA/86,486,501,467,false,4018_18_918,4xICA,ICA_51
1384,L,4018_18,FA/86,CPH/86,507,632,492,true,4018_18_918,4xICA,ICA_51
2031,L,51_4051,CPH/86,FA/86,806,934,386,true,51_4051_951,3xICA,ICA_51
2032,L,51_4051,FA/86,VJ/86,938,951,322,false,51_4051_951,3xICA,ICA_51
1467,L,4074_74,VJ/86,FA/86,1326,1341,15,false,-1,3xICA,ICA_51
71,RØ,1221,KH/86,NF/86,364,449,79,false,1221_2219_2221_4821,1xICA,ICA_52
1987,RØ,4816,NF/86,NÆ/86,487,526,25,false,2216_4418_4816,1xICA,ICA_52
484,RØ,2216,NÆ/86,HG/86,538,662,199,true,2216_4418_4816,"1xERF, 1xICA",ICA_52
563,RØ,2257_4857,HG/86,NÆ/86,838,962,305,true,-1,"1xERF, 1xICA",ICA_52
564,RØ,2257_4857,NÆ/86,NF/86,973,1012,48,false,-1,1xICA,ICA_52
2017,RØ,4852,NF/86,NÆ/86,1027,1066,21,false,2252_4454_4852,1xICA,ICA_52
556,RØ,2252,NÆ/86,HG/86,1078,1202,89,true,2252_4454_4852,1xICA,ICA_52
456,RØ,2085_1285,HG/86,KH/86,1258,1313,48,true,-1,1xICA,ICA_52
2422,M,9387,KH/86,CPH/86,1321,1334,0,true,-1,5xICA,ICA_52
1980,RØ,4808_2208,NF/86,NÆ/86,366,405,16,false,-1,1xICA,ICA_53
1981,RØ,4808_2208,NÆ/86,HG/86,418,542,481,true,-1,"1xICA, 2xERF",ICA_53
545,RØ,2245_4845,HG/86,NÆ/86,658,782,110,true,-1,1xICA,ICA_53
546,RØ,2245_4845,NÆ/86,NF/86,793,832,22,false,-1,1xICA,ICA_53
2005,RØ,4840,NF/86,NÆ/86,847,886,42,false,2240_4442_3442_4840,1xICA,ICA_53
535,RØ,2240,NÆ/86,HG/86,898,1022,415,true,2240_4442_3442_4840,"1xICA, 2xERF",ICA_53
1259,RØ,3471_2471,HG/86,KH/86,1044,1094,62,true,-1,1xICA,ICA_53
1260,RØ,3471_2471,KH/86,NÆ/86,1097,1162,88,true,-1,1xICA,ICA_53
598,RØ,2273_4873,NÆ/86,NF/86,1213,1252,29,false,-1,2xICA,ICA_53
450,IC,206,OD/86,CPH/86,369,474,249,true,206_806,"1xERF, 1xICA",ICA_54
1298,L,35_4035,CPH/86,FA/86,566,694,237,true,35_4035_935,2xICA,ICA_54
1299,L,35_4035,FA/86,VJ/86,698,711,160,false,35_4035_935,2xICA,ICA_54
1300,L,35_4035,VJ/86,AR/86,713,758,146,false,35_4035_935,1xICA,ICA_54
1301,L,35_4035,AR/86,ABL/86,765,848,72,false,35_4035_935,1xICA,ICA_54
1518,IC,4152_152,ABL/86,AR/86,848,943,108,false,-1,1xICA,ICA_54
1519,IC,4152_152,AR/86,FA/86,950,1011,149,false,-1,1xICA,ICA_54
1520,IC,4152_152,FA/86,KH/86,1016,1150,145,true,-1,1xICA,ICA_54
187,RØ,1277,KH/86,NF/86,1207,1291,94,false,-1,1xICA,ICA_54
488,RØ,2217_4817,NÆ/86,NF/86,373,412,41,false,-1,1xICA,ICA_55
1984,RØ,4812,NF/86,NÆ/86,427,466,29,false,2212_4414_4812,1xICA,ICA_55
481,RØ,2212,NÆ/86,HG/86,478,602,203,true,2212_4414_4812,"1xERF, 1xICA",ICA_55
559,RØ,2253_4853,HG/86,NÆ/86,778,902,197,true,-1,"1xERF, 1xICA",ICA_55
560,RØ,2253_4853,NÆ/86,NF/86,913,952,53,false,-1,1xICA,ICA_55
137,RØ,1248,NF/86,KH/86,998,1075,104,false,-1,1xICA,ICA_55
175,RØ,1269,KH/86,NF/86,1088,1163,138,false,-1,1xICA,ICA_55
773,RØ,2423,KH/86,NÆ/86,377,442,43,true,-1,"1xICA, 2xERF",ICA_56
758,RØ,2412,NÆ/86,KK/86,456,532,231,true,1533_2412_3810_4210,"1xERF, 1xICA",ICA_56
315,RØ,1533,KK/86,KB/86,533,625,95,false,1533_2412_3810_4210,1xICA,ICA_56
303,RØ,1528,KB/86,KK/86,697,787,102,false,1528_2451,1xICA,ICA_56
813,RØ,2451,KK/86,NÆ/86,788,862,78,true,1528_2451,1xICA,ICA_56
1756,RØ,4442_3442,NÆ/86,KH/86,906,973,90,true,2240_4442_3442_4840,"1xERF, 1xICA",ICA_56
1757,RØ,4442_3442,KH/86,HG/86,976,1026,214,true,2240_4442_3442_4840,"1xERF, 1xICA",ICA_56
597,RØ,2273_4873,HG/86,NÆ/86,1078,1202,98,true,-1,1xICA,ICA_56
598,RØ,2273_4873,NÆ/86,NF/86,1213,1252,29,false,-1,2xICA,ICA_56
1376,L,4014_14,AR/86,VJ/86,380,424,413,false,-1,4xICA,ICA_57
1377,L,4014_14,VJ/86,FA/86,426,441,462,false,-1,4xICA,ICA_57
1378,L,4014_14,FA/86,CPH/86,447,572,663,true,-1,5xICA,ICA_57
1971,L,47_4047,CPH/86,FA/86,746,874,365,true,47_4047_747,3xICA,ICA_57
1972,L,47_4047,FA/86,VJ/86,878,891,383,false,47_4047_747,3xICA,ICA_57
1973,L,47_4047,VJ/86,AR/86,893,938,305,false,47_4047_747,3xICA,ICA_57
1974,L,47_4047,AR/86,ABL/86,945,1028,249,false,47_4047_747,2xICA,ICA_57
1535,IC,4168_468,ABL/86,AR/86,1088,1183,26,false,168_2368_4168_468,1xICA,ICA_57
1536,IC,4168_468,AR/86,FA/86,1190,1249,52,false,168_2368_4168_468,1xICA,ICA_57
715,IC,2368,FA/86,ES/86,1251,1314,55,true,168_2368_4168_468,1xICA,ICA_57
1376,L,4014_14,AR/86,VJ/86,380,424,413,false,-1,4xICA,ICA_58
1377,L,4014_14,VJ/86,FA/86,426,441,462,false,-1,4xICA,ICA_58
1378,L,4014_14,FA/86,CPH/86,447,572,663,true,-1,5xICA,ICA_58
2111,M,6314,CPH/86,KH/86,695,709,0,true,-1,"1xICA, 3xERF",ICA_58
2138,M,6432,KH/86,CPH/86,815,828,0,true,-1,1xICA,ICA_58
2097,L,59_4059,CPH/86,FA/86,926,1054,653,true,59_4059_959,"1xERF, 3xICA",ICA_58
2098,L,59_4059,FA/86,VJ/86,1058,1071,407,false,59_4059_959,3xICA,ICA_58
2099,L,59_4059,VJ/86,AR/86,1073,1118,355,false,59_4059_959,3xICA,ICA_58
1549,IC,4175,AR/86,AB/86,1365,1439,25,false,-1,1xICA,ICA_58
1376,L,4014_14,AR/86,VJ/86,380,424,413,false,-1,4xICA,ICA_59
1377,L,4014_14,VJ/86,FA/86,426,441,462,false,-1,4xICA,ICA_59
1378,L,4014_14,FA/86,CPH/86,447,572,663,true,-1,5xICA,ICA_59
1708,L,43_4043,CPH/86,FA/86,686,814,324,true,43_4043_943,"1xERF, 2xICA",ICA_59
1709,L,43_4043,FA/86,VJ/86,818,831,278,false,43_4043_943,2xICA,ICA_59
1710,L,43_4043,VJ/86,AR/86,833,878,261,false,43_4043_943,2xICA,ICA_59
1711,L,43_4043,AR/86,ABL/86,885,968,169,false,43_4043_943,2xICA,ICA_59
1447,L,4062_62,ABL/86,AR/86,1006,1093,90,false,4062_62_762,1xICA,ICA_59
1448,L,4062_62,AR/86,VJ/86,1100,1144,147,false,4062_62_762,1xICA,ICA_59
1449,L,4062_62,VJ/86,FA/86,1146,1161,139,false,4062_62_762,1xICA,ICA_59
1450,L,4062_62,FA/86,CPH/86,1167,1292,205,true,4062_62_762,"1xERF, 1xICA",ICA_59
2014,IC,485,FA/86,AR/86,9,80,7,false,-1,1xICA,ICA_6
2162,M,7098,AR/86,FA/86,145,225,0,false,-1,1xICA,ICA_6
622,IC,2304,FA/86,ES/86,307,370,19,true,1407_107_4107_2304,1xICA,ICA_6
643,IC,2321,ES/86,FA/86,422,487,67,true,121_2321_421_4121,1xICA,ICA_6
1598,IC,421_4121,FA/86,AR/86,489,548,138,false,121_2321_421_4121,1xICA,ICA_6
1599,IC,421_4121,AR/86,ABL/86,555,644,47,false,121_2321_421_4121,1xICA,ICA_6
1411,L,4038_38,ABL/86,AR/86,646,733,106,false,4038_38_738,1xICA,ICA_6
1412,L,4038_38,AR/86,VJ/86,740,784,221,false,4038_38_738,2xICA,ICA_6
1413,L,4038_38,VJ/86,FA/86,786,801,229,false,4038_38_738,2xICA,ICA_6
1414,L,4038_38,FA/86,CPH/86,807,932,388,true,4038_38_738,"1xERF, 2xICA",ICA_6
2129,L,63_4063,CPH/86,FA/86,986,1114,589,true,63_4063_763,"1xERF, 3xICA",ICA_6
2130,L,63_4063,FA/86,VJ/86,1118,1131,364,false,63_4063_763,3xICA,ICA_6
2131,L,63_4063,VJ/86,AR/86,1133,1178,337,false,63_4063_763,3xICA,ICA_6
44,RØ,1208,NF/86,KH/86,398,475,395,false,-1,3xICA,ICA_60
128,RØ,1241,KH/86,NF/86,668,743,67,false,-1,1xICA,ICA_60
86,RØ,1232,NF/86,KH/86,758,835,99,false,-1,1xICA,ICA_60
163,RØ,1261,KH/86,NF/86,968,1043,417,false,-1,3xICA,ICA_60
166,RØ,1264,NF/86,KH/86,1229,1315,77,false,-1,1xICA,ICA_60
2422,M,9387,KH/86,CPH/86,1321,1334,0,true,-1,5xICA,ICA_60
44,RØ,1208,NF/86,KH/86,398,475,395,false,-1,3xICA,ICA_61
134,RØ,1245,KH/86,NF/86,728,803,76,false,-1,1xICA,ICA_61
92,RØ,1236,NF/86,KH/86,818,895,120,false,-1,1xICA,ICA_61
1244,RØ,3463_2463,KH/86,NÆ/86,977,1042,386,true,3463_2463_3863_4263,"1xERF, 2xICA",ICA_61
1314,RØ,3863,NÆ/86,NF/86,1058,1097,49,false,3463_2463_3863_4263,2xICA,ICA_61
44,RØ,1208,NF/86,KH/86,398,475,395,false,-1,3xICA,ICA_62
140,RØ,1249,KH/86,NF/86,788,863,99,false,-1,1xICA,ICA_62
2008,RØ,4844,NF/86,NÆ/86,907,946,53,false,2244_4446_3446_4844,1xICA,ICA_62
542,RØ,2244,NÆ/86,HG/86,958,1082,319,true,2244_4446_3446_4844,"1xERF, 1xICA",ICA_62
975,RØ,2579,HG/86,KH/86,1153,1208,52,true,-1,2xICA,ICA_62
429,IC,181,KH/86,FA/86,1250,1382,166,true,181_2376,2xICA,ICA_62
430,IC,181,FA/86,AR/86,1388,1458,31,false,181_2376,1xICA,ICA_62
1308,RØ,3810,NF/86,NÆ/86,403,442,47,false,1533_2412_3810_4210,1xICA,ICA_63
1586,RØ,4210,NÆ/86,HG/86,448,572,520,true,1533_2412_3810_4210,"1xICA, 2xERF",ICA_63
552,RØ,2249_4849,HG/86,NÆ/86,718,842,109,true,-1,1xICA,ICA_63
553,RØ,2249_4849,NÆ/86,NF/86,853,892,38,false,-1,1xICA,ICA_63
2011,RØ,4848,NF/86,NÆ/86,967,1006,34,false,2248_4450_3450_4848,1xICA,ICA_63
549,RØ,2248,NÆ/86,HG/86,1018,1142,109,true,2248_4450_3450_4848,1xICA,ICA_63
1686,RØ,4283,HG/86,KH/86,1228,1283,78,true,-1,1xICA,ICA_63
2422,M,9387,KH/86,CPH/86,1321,1334,0,true,-1,5xICA,ICA_63
2383,L,918,SDB/86,FA/86,404,497,87,true,4018_18_918,1xICA,ICA_64
122,IC,124,FA/86,KH/86,596,730,135,true,124_2324_4124_424,1xICA,ICA_64
163,RØ,1261,KH/86,NF/86,968,1043,417,false,-1,3xICA,ICA_64
2020,RØ,4856_2256,NF/86,NÆ/86,1087,1126,13,false,-1,1xICA,ICA_64
2021,RØ,4856_2256,NÆ/86,HG/86,1138,1262,104,true,-1,1xICA,ICA_64
460,RØ,2089,HG/86,KH/86,1318,1373,36,true,1289_2089_2291,1xICA,ICA_64
196,RØ,1289,KH/86,NF/86,1387,1475,117,false,1289_2089_2291,1xICA,ICA_64
1474,IC,4116_416,AR/86,FA/86,410,469,239,false,116_2316_4116_416,2xICA,ICA_65
637,IC,2316,FA/86,ES/86,471,534,132,true,116_2316_4116_416,1xICA,ICA_65
656,IC,2329,ES/86,FA/86,543,607,30,true,129_2329_429_4129,1xICA,ICA_65
1696,IC,429_4129,FA/86,AR/86,609,668,92,false,129_2329_429_4129,1xICA,ICA_65
1697,IC,429_4129,AR/86,ABL/86,675,764,70,false,129_2329_429_4129,1xICA,ICA_65
1423,L,4046_46,ABL/86,AR/86,766,853,111,false,4046_46_746,1xICA,ICA_65
1424,L,4046_46,AR/86,VJ/86,860,904,247,false,4046_46_746,2xICA,ICA_65
1425,L,4046_46,VJ/86,FA/86,906,921,264,false,4046_46_746,2xICA,ICA_65
1426,L,4046_46,FA/86,CPH/86,927,1052,409,true,4046_46_746,"1xERF, 2xICA",ICA_65
2165,L,71,CPH/86,FA/86,1106,1234,232,true,-1,2xICA,ICA_65
2166,L,71,FA/86,VJ/86,1238,1251,208,false,-1,2xICA,ICA_65
2167,L,71,VJ/86,AR/86,1253,1298,205,false,-1,2xICA,ICA_65
1474,IC,4116_416,AR/86,FA/86,410,469,239,false,116_2316_4116_416,2xICA,ICA_66
16,IC,116,FA/86,HGL/86,476,625,169,true,116_2316_4116_416,"1xERF, 1xICA",ICA_66
385,IC,157_4157,HGL/86,FA/86,874,1022,465,true,-1,"1xERF, 2xICA",ICA_66
2446,L,959,FA/86,SDB/86,1061,1152,109,true,59_4059_959,"1xERF, 1xICA",ICA_66
2498,RR,982,SDB/86,FA/86,1364,1457,2,true,-1,1xICA,ICA_66
514,RØ,2229_4829,HG/86,NÆ/86,418,542,398,true,-1,3xICA,ICA_67
515,RØ,2229_4829,NÆ/86,NF/86,553,592,33,false,-1,1xICA,ICA_67
1993,RØ,4824,NF/86,NÆ/86,607,646,15,false,2224_4426_4824,1xICA,ICA_67
504,RØ,2224,NÆ/86,HG/86,658,782,106,true,2224_4426_4824,1xICA,ICA_67
570,RØ,2261_4861,HG/86,NÆ/86,898,1022,437,true,-1,"1xICA, 2xERF",ICA_67
571,RØ,2261_4861,NÆ/86,NF/86,1033,1072,25,false,-1,1xICA,ICA_67
2170,L,722,STR/86,FA/86,424,554,75,false,4022_22_722,1xICA,ICA_68
2176,L,731,FA/86,STR/86,643,768,72,false,31_4031_731,1xICA,ICA_68
2182,L,746,STR/86,FA/86,784,914,124,false,4046_46_746,1xICA,ICA_68
2440,L,951,FA/86,SDB/86,941,1032,111,true,51_4051_951,1xICA,ICA_68
2449,L,966,SDB/86,FA/86,1124,1217,32,true,4066_66_966,1xICA,ICA_68
2477,L,975,FA/86,SDB/86,1301,1392,43,true,75_975,1xICA,ICA_68
1485,IC,4124_424,ABL/86,AR/86,428,523,233,false,124_2324_4124_424,2xICA,ICA_69
1486,IC,4124_424,AR/86,FA/86,530,589,151,false,124_2324_4124_424,1xICA,ICA_69
646,IC,2324,FA/86,ES/86,591,654,100,true,124_2324_4124_424,1xICA,ICA_69
665,IC,2337,ES/86,FA/86,663,727,69,true,137_2337_437_4137,1xICA,ICA_69
2434,L,943,FA/86,SDB/86,821,912,105,true,43_4043_943,1xICA,ICA_69
2443,L,958,SDB/86,FA/86,1004,1097,55,true,4058_58_958,1xICA,ICA_69
2196,L,763,FA/86,STR/86,1123,1248,97,false,63_4063_763,1xICA,ICA_69
214,IC,1401_101_4101,CPH/86,KH/86,12,25,74,true,-1,2xICA,ICA_7
487,RØ,2217_4817,KH/86,NÆ/86,296,362,36,true,-1,1xICA,ICA_7
1717,RØ,4406_3406,NÆ/86,KH/86,366,433,253,true,2204_4406_3406_4804,2xICA,ICA_7
1718,RØ,4406_3406,KH/86,HG/86,436,486,134,true,2204_4406_3406_4804,2xICA,ICA_7
1629,RØ,4239,HG/86,NÆ/86,568,692,139,true,-1,1xICA,ICA_7
779,RØ,2428,NÆ/86,KK/86,696,772,64,true,1549_2428,1xICA,ICA_7
339,RØ,1549,KK/86,KB/86,773,865,89,false,1549_2428,1xICA,ICA_7
1283,RØ,3542,KB/86,KK/86,907,994,212,false,-1,2xICA,ICA_7
366,RØ,1565,KK/86,KB/86,1013,1105,212,false,-1,2xICA,ICA_7
348,RØ,1556,KB/86,HGL/86,1117,1214,49,false,-1,1xICA,ICA_7
2489,M,9785,HGL/86,CPH/86,1297,1326,0,true,-1,2xICA,ICA_7
1927,RV,4719_2921,OD/86,FA/86,432,477,29,true,-1,1xICA,ICA_70
1928,RV,4719_2921,FA/86,AR/86,494,563,33,false,-1,1xICA,ICA_70
1109,RV,2932,AR/86,FA/86,638,706,99,false,-1,1xICA,ICA_70
1119,RV,2937,FA/86,AR/86,734,803,35,false,-1,1xICA,ICA_70
1131,RV,2948,AR/86,FA/86,878,946,230,false,-1,2xICA,ICA_70
251,IC,148,FA/86,KK/86,956,1099,187,true,148_2348_4148_448,"1xERF, 1xICA",ICA_70
376,RØ,1573,KK/86,KB/86,1133,1225,78,false,-1,1xICA,ICA_70
379,RØ,1574,KB/86,KH/86,1370,1470,21,false,-1,1xICA,ICA_70
1382,L,4018_18,AR/86,VJ/86,440,484,485,false,4018_18_918,4xICA,ICA_71
1383,L,4018_18,VJ/86,FA/86,486,501,467,false,4018_18_918,4xICA,ICA_71
1384,L,4018_18,FA/86,CPH/86,507,632,492,true,4018_18_918,4xICA,ICA_71
2031,L,51_4051,CPH/86,FA/86,806,934,386,true,51_4051_951,3xICA,ICA_71
2032,L,51_4051,FA/86,VJ/86,938,951,322,false,51_4051_951,3xICA,ICA_71
2033,L,51_4051,VJ/86,AR/86,953,998,298,false,51_4051_951,2xICA,ICA_71
2034,L,51_4051,AR/86,ABL/86,1005,1088,156,false,51_4051_951,2xICA,ICA_71
1557,IC,4178_4180_182,ABL/86,AB/86,1268,1280,10,false,-1,3xICA,ICA_71
1382,L,4018_18,AR/86,VJ/86,440,484,485,false,4018_18_918,4xICA,ICA_72
1383,L,4018_18,VJ/86,FA/86,486,501,467,false,4018_18_918,4xICA,ICA_72
1384,L,4018_18,FA/86,CPH/86,507,632,492,true,4018_18_918,4xICA,ICA_72
1971,L,47_4047,CPH/86,FA/86,746,874,365,true,47_4047_747,3xICA,ICA_72
1972,L,47_4047,FA/86,VJ/86,878,891,383,false,47_4047_747,3xICA,ICA_72
1973,L,47_4047,VJ/86,AR/86,893,938,305,false,47_4047_747,3xICA,ICA_72
1974,L,47_4047,AR/86,ABL/86,945,1028,249,false,47_4047_747,2xICA,ICA_72
1459,L,4070_70,ABL/86,AR/86,1126,1213,37,false,-1,2xICA,ICA_72
1460,L,4070_70,AR/86,VJ/86,1220,1264,183,false,-1,2xICA,ICA_72
1461,L,4070_70,VJ/86,FA/86,1266,1281,173,false,-1,2xICA,ICA_72
1462,L,4070_70,FA/86,CPH/86,1287,1412,170,true,-1,2xICA,ICA_72
1066,L,27_4027,CPH/86,FA/86,446,574,482,true,27_4027_927,"1xERF, 2xICA",ICA_73
1067,L,27_4027,FA/86,VJ/86,578,591,231,false,27_4027_927,2xICA,ICA_73
1068,L,27_4027,VJ/86,AR/86,593,638,195,false,27_4027_927,2xICA,ICA_73
1069,L,27_4027,AR/86,ABL/86,645,728,65,false,27_4027_927,1xICA,ICA_73
1510,IC,4144_444,ABL/86,AR/86,728,823,99,false,144_2344_4144_444,1xICA,ICA_73
1511,IC,4144_444,AR/86,FA/86,830,889,230,false,144_2344_4144_444,2xICA,ICA_73
678,IC,2344,FA/86,ES/86,891,954,124,true,144_2344_4144_444,1xICA,ICA_73
699,RV,2357_2957,ES/86,FA/86,964,1029,146,true,-1,1xICA,ICA_73
700,RV,2357_2957,FA/86,AR/86,1034,1103,243,false,-1,2xICA,ICA_73
1168,RV,2972,AR/86,FA/86,1238,1306,61,false,-1,1xICA,ICA_73
420,IC,172,FA/86,KH/86,1316,1450,61,true,172_2374_4172_474,1xICA,ICA_73
1066,L,27_4027,CPH/86,FA/86,446,574,482,true,27_4027_927,"1xERF, 2xICA",ICA_74
1067,L,27_4027,FA/86,VJ/86,578,591,231,false,27_4027_927,2xICA,ICA_74
1068,L,27_4027,VJ/86,AR/86,593,638,195,false,27_4027_927,2xICA,ICA_74
1412,L,4038_38,AR/86,VJ/86,740,784,221,false,4038_38_738,2xICA,ICA_74
1413,L,4038_38,VJ/86,FA/86,786,801,229,false,4038_38_738,2xICA,ICA_74
1414,L,4038_38,FA/86,CPH/86,807,932,388,true,4038_38_738,"1xERF, 2xICA",ICA_74
2129,L,63_4063,CPH/86,FA/86,986,1114,589,true,63_4063_763,"1xERF, 3xICA",ICA_74
2130,L,63_4063,FA/86,VJ/86,1118,1131,364,false,63_4063_763,3xICA,ICA_74
2131,L,63_4063,VJ/86,AR/86,1133,1178,337,false,63_4063_763,3xICA,ICA_74
2132,L,63_4063,AR/86,AB/86,1185,1253,78,false,63_4063_763,1xICA,ICA_74
1378,L,4014_14,FA/86,CPH/86,447,572,663,true,-1,5xICA,ICA_75
1708,L,43_4043,CPH/86,FA/86,686,814,324,true,43_4043_943,"1xERF, 2xICA",ICA_75
1709,L,43_4043,FA/86,VJ/86,818,831,278,false,43_4043_943,2xICA,ICA_75
1710,L,43_4043,VJ/86,AR/86,833,878,261,false,43_4043_943,2xICA,ICA_75
1711,L,43_4043,AR/86,ABL/86,885,968,169,false,43_4043_943,2xICA,ICA_75
1527,IC,4160_460,ABL/86,AR/86,968,1063,113,false,160_2360_4160_460,1xICA,ICA_75
1528,IC,4160_460,AR/86,FA/86,1070,1129,87,false,160_2360_4160_460,1xICA,ICA_75
703,IC,2360,FA/86,ES/86,1131,1194,44,true,160_2360_4160_460,1xICA,ICA_75
1096,RV,2920_2320,AR/86,FA/86,458,526,138,false,-1,1xICA,ICA_76
1097,RV,2920_2320,FA/86,ES/86,531,594,37,true,-1,1xICA,ICA_76
662,IC,2333,ES/86,FA/86,603,667,59,true,133_2333_433_4133,1xICA,ICA_76
1700,IC,433_4133,FA/86,AR/86,669,728,119,false,133_2333_433_4133,1xICA,ICA_76
1701,IC,433_4133,AR/86,ABL/86,735,824,106,false,133_2333_433_4133,1xICA,ICA_76
1429,L,4050_50,ABL/86,AR/86,826,913,123,false,4050_50_950,1xICA,ICA_76
1430,L,4050_50,AR/86,VJ/86,920,964,306,false,4050_50_950,3xICA,ICA_76
1431,L,4050_50,VJ/86,FA/86,966,981,360,false,4050_50_950,3xICA,ICA_76
1432,L,4050_50,FA/86,CPH/86,987,1112,494,true,4050_50_950,"1xERF, 3xICA",ICA_76
2188,L,75,CPH/86,FA/86,1166,1294,248,true,75_975,2xICA,ICA_76
2189,L,75,FA/86,VJ/86,1298,1311,161,false,75_975,2xICA,ICA_76
1467,L,4074_74,VJ/86,FA/86,1326,1341,15,false,-1,3xICA,ICA_76
2386,L,919,FA/86,SDB/86,461,552,64,true,19_4019_919,1xICA,ICA_77
2410,L,934,SDB/86,FA/86,644,737,73,true,4034_34_934,1xICA,ICA_77
211,IC,140,FA/86,KK/86,836,979,236,true,140_2340_4140_440,2xICA,ICA_77
414,IC,165,KK/86,FA/86,1001,1142,395,true,165_2365_465_4165,3xICA,ICA_77
1904,IC,465_4165,FA/86,AR/86,1149,1208,106,false,165_2365_465_4165,1xICA,ICA_77
1905,IC,465_4165,AR/86,ABL/86,1215,1304,55,false,165_2365_465_4165,1xICA,ICA_77
1574,IC,4190,ABL/86,AR/86,1378,1473,20,false,-1,2xICA,ICA_77
649,RV,2325_2925,ES/86,FA/86,484,549,54,true,-1,1xICA,ICA_78
650,RV,2325_2925,FA/86,AR/86,554,623,98,false,-1,1xICA,ICA_78
1115,RV,2936_2336,AR/86,FA/86,698,766,142,false,-1,1xICA,ICA_78
1116,RV,2936_2336,FA/86,ES/86,771,834,43,true,-1,1xICA,ICA_78
687,IC,2349,ES/86,FA/86,843,907,88,true,149_2349_449_4149,1xICA,ICA_78
1790,IC,449_4149,FA/86,AR/86,909,968,286,false,149_2349_449_4149,2xICA,ICA_78
1791,IC,449_4149,AR/86,ABL/86,975,1064,302,false,149_2349_449_4149,2xICA,ICA_78
1459,L,4070_70,ABL/86,AR/86,1126,1213,37,false,-1,2xICA,ICA_78
1460,L,4070_70,AR/86,VJ/86,1220,1264,183,false,-1,2xICA,ICA_78
1461,L,4070_70,VJ/86,FA/86,1266,1281,173,false,-1,2xICA,ICA_78
1462,L,4070_70,FA/86,CPH/86,1287,1412,170,true,-1,2xICA,ICA_78
1430,L,4050_50,AR/86,VJ/86,920,964,306,false,4050_50_950,3xICA,ICA_79
1431,L,4050_50,VJ/86,FA/86,966,981,360,false,4050_50_950,3xICA,ICA_79
1432,L,4050_50,FA/86,CPH/86,987,1112,494,true,4050_50_950,"1xERF, 3xICA",ICA_79
2199,L,79,CPH/86,FA/86,1226,1354,308,true,-1,"1xERF, 1xICA",ICA_79
2200,L,79,FA/86,VJ/86,1358,1371,116,false,-1,1xICA,ICA_79
2201,L,79,VJ/86,AR/86,1373,1418,115,false,-1,1xICA,ICA_79
214,IC,1401_101_4101,CPH/86,KH/86,12,25,74,true,-1,2xICA,ICA_8
215,IC,1401_101_4101,KH/86,FA/86,35,177,115,true,-1,1xICA,ICA_8
216,IC,1401_101_4101,FA/86,AR/86,183,248,69,false,-1,1xICA,ICA_8
217,IC,1401_101_4101,AR/86,ABL/86,255,344,69,false,-1,1xICA,ICA_8
1480,IC,4120_120,ABL/86,AR/86,368,463,377,false,-1,3xICA,ICA_8
1481,IC,4120_120,AR/86,FA/86,470,531,254,false,-1,2xICA,ICA_8
1482,IC,4120_120,FA/86,KK/86,536,679,146,true,-1,1xICA,ICA_8
333,RØ,1545,KK/86,KB/86,713,805,80,false,-1,2xICA,ICA_8
318,RØ,1536,KB/86,KK/86,817,907,181,false,1536_2459_3859_4259,2xICA,ICA_8
825,RØ,2459,KK/86,NÆ/86,908,982,235,true,1536_2459_3859_4259,"1xERF, 1xICA",ICA_8
1770,RØ,4450_3450,NÆ/86,KH/86,1026,1093,54,true,2248_4450_3450_4848,1xICA,ICA_8
1771,RØ,4450_3450,KH/86,HG/86,1096,1146,139,true,2248_4450_3450_4848,1xICA,ICA_8
1894,RØ,4585,HG/86,KH/86,1243,1298,87,true,-1,1xICA,ICA_8
2422,M,9387,KH/86,CPH/86,1321,1334,0,true,-1,5xICA,ICA_8
1577,IC,4192,AB/86,AR/86,25,103,4,false,-1,1xICA,ICA_9
2103,L,6,AR/86,VJ/86,254,304,54,false,-1,1xICA,ICA_9
2104,L,6,VJ/86,FA/86,306,321,58,false,-1,1xICA,ICA_9
2105,L,6,FA/86,CPH/86,327,452,246,true,-1,2xICA,ICA_9
1186,L,31_4031,CPH/86,FA/86,506,634,350,true,31_4031_731,"1xERF, 2xICA",ICA_9
1187,L,31_4031,FA/86,VJ/86,638,651,227,false,31_4031_731,2xICA,ICA_9
1188,L,31_4031,VJ/86,AR/86,653,698,218,false,31_4031_731,2xICA,ICA_9
1511,IC,4144_444,AR/86,FA/86,830,889,230,false,144_2344_4144_444,2xICA,ICA_9
239,IC,144,FA/86,HGL/86,896,1049,262,true,144_2344_4144_444,"1xERF, 1xICA",ICA_9
2489,M,9785,HGL/86,CPH/86,1297,1326,0,true,-1,2xICA,ICA_9
2028,RØ,4895,KH/86,NF/86,10,114,52,false,-1,1xICU,ICU_1
50,RØ,1212,NF/86,KH/86,458,535,258,false,-1,2xICU,ICU_1
89,RØ,1233,KH/86,NF/86,548,623,71,false,-1,1xICU,ICU_1
74,RØ,1224,NF/86,KH/86,638,715,103,false,-1,1xICU,ICU_1
169,RØ,1265,KH/86,NF/86,1028,1103,240,false,-1,2xICU,ICU_1
178,RØ,1272,NF/86,KH/86,1346,1434,21,false,-1,1xICU,ICU_1
861,RØ,2495,KH/86,NÆ/86,17,77,22,true,-1,1xICU,ICU_2
2365,M,9111,NÆ/86,VO/86,281,295,0,true,-1,1xICU,ICU_2
2368,M,9113,VO/86,NF/86,314,329,0,false,-1,1xICU,ICU_2
50,RØ,1212,NF/86,KH/86,458,535,258,false,-1,2xICU,ICU_2
169,RØ,1265,KH/86,NF/86,1028,1103,240,false,-1,2xICU,ICU_2
160,RØ,1260,NF/86,KH/86,1178,1255,69,false,-1,1xICU,ICU_2
193,RØ,1281,KH/86,NF/86,1267,1351,99,false,-1,1xICU,ICU_2
184,RØ,1276,NF/86,KH/86,1406,1494,10,false,-1,1xICU,ICU_2
1078,RV,2909,FA/86,AR/86,314,383,41,false,-1,1xICU,ICU_3
1100,RV,2924,AR/86,FA/86,518,586,139,false,-1,1xICU,ICU_3
2070,IC,5759,FA/86,FLB/80,750,833,30,true,-1,1xICU,ICU_3
2067,IC,5758,FLB/80,FA/86,845,930,37,true,-1,1xICU,ICU_3
1340,RV,3951,FA/86,AR/86,941,1009,98,false,-1,1xICU,ICU_3
1347,RV,3958_2760,AR/86,FA/86,1029,1097,75,false,-1,1xICU,ICU_3
1348,RV,3958_2760,FA/86,OD/86,1110,1164,16,true,-1,1xICU,ICU_3
1060,RV,2785,OD/86,FA/86,1416,1470,14,true,-1,1xICU,ICU_3
1093,RV,2917,FA/86,AR/86,432,500,104,false,-1,1xICU,ICU_4
1125,RV,2944,AR/86,FA/86,818,886,110,false,-1,1xICU,ICU_4
1950,RV,4748,FA/86,OD/86,930,976,31,true,-1,1xICU,ICU_4
1048,RV,2759,OD/86,FA/86,1005,1068,45,true,-1,1xICU,ICU_4
1159,RV,2965,FA/86,AR/86,1154,1223,19,false,-1,1xICU,ICU_4
1180,RV,2980,AR/86,FA/86,1358,1426,54,false,-1,1xICU,ICU_4
2492,M,9795,HGL/86,KH/86,9,20,0,true,-1,1xMGA,MGA_1
1677,RØ,4274,KH/86,HG/86,37,92,32,true,-1,1xMGA,MGA_1
507,RØ,2225_4825,HG/86,NÆ/86,358,482,192,true,-1,1xMGA,MGA_1
508,RØ,2225_4825,NÆ/86,NF/86,493,532,36,false,-1,1xMGA,MGA_1
125,RØ,1240,NF/86,KH/86,878,955,157,false,-1,1xMGA,MGA_1
59,M,12196,KH/86,HGL/86,1003,1015,0,true,-1,1xMGA,MGA_1
2207,IC,80169,HGL/86,FA/86,1055,1202,194,true,2369_469_80169,1xMGA,MGA_1
399,L,15_4015,OD/86,FA/86,366,394,92,true,-1,1xMGA,MGA_10
400,L,15_4015,FA/86,VJ/86,396,409,126,false,-1,1xMGA,MGA_10
401,L,15_4015,VJ/86,AR/86,411,455,182,false,-1,1xMGA,MGA_10
402,L,15_4015,AR/86,ABL/86,465,548,81,false,-1,1xMGA,MGA_10
1435,L,4054_54,ABL/86,AR/86,886,973,169,false,-1,1xMGA,MGA_10
1436,L,4054_54,AR/86,VJ/86,980,1024,340,false,-1,2xMGA,MGA_10
1437,L,4054_54,VJ/86,FA/86,1026,1041,385,false,-1,2xMGA,MGA_10
1438,L,4054_54,FA/86,CPH/86,1047,1172,393,true,-1,2xMGA,MGA_10
261,IC,1489_191,CPH/86,KH/86,1346,1360,53,true,-1,1xMGA,MGA_10
262,IC,1489_191,KH/86,FA/86,1370,1502,340,true,-1,2xMGA,MGA_10
263,IC,1489_191,FA/86,AR/86,1508,1578,170,false,-1,1xMGA,MGA_10
1087,RV,2913,FA/86,AR/86,376,446,54,false,-1,1xMGA,MGA_11
1122,RV,2940,AR/86,FA/86,758,826,164,false,-1,1xMGA,MGA_11
1134,RV,2949,FA/86,AR/86,914,983,100,false,-1,1xMGA,MGA_11
1147,RV,2956,AR/86,FA/86,998,1066,193,false,-1,1xMGA,MGA_11
1280,RØ,3523,KK/86,KB/86,386,474,108,false,-1,1xMGA,MGA_12
324,RØ,1540,KB/86,KK/86,877,967,282,false,-1,2xMGA,MGA_12
1295,RØ,3563,KK/86,KB/86,986,1080,361,false,-1,2xMGA,MGA_12
279,RØ,1508,KB/86,HGL/86,397,493,402,false,-1,2xMGA,MGA_13
107,M,12395,HGL/86,KH/86,725,737,0,true,-1,2xMGA,MGA_13
152,RØ,1257,KH/86,NF/86,908,983,320,false,-1,2xMGA,MGA_13
172,RØ,1268,NF/86,KH/86,1286,1374,44,false,-1,1xMGA,MGA_13
98,M,12392,KH/86,HGL/86,1421,1431,0,true,-1,2xMGA,MGA_13
279,RØ,1508,KB/86,HGL/86,397,493,402,false,-1,2xMGA,MGA_14
107,M,12395,HGL/86,KH/86,725,737,0,true,-1,2xMGA,MGA_14
146,RØ,1253,KH/86,NF/86,848,923,161,false,-1,1xMGA,MGA_14
131,RØ,1244,NF/86,KH/86,938,1015,179,false,-1,1xMGA,MGA_14
262,IC,1489_191,KH/86,FA/86,1370,1502,340,true,-1,2xMGA,MGA_14
1014,RV,2715_3919,OD/86,FA/86,400,450,29,true,-1,1xMGA,MGA_15
1015,RV,2715_3919,FA/86,AR/86,461,529,30,false,-1,1xMGA,MGA_15
1343,RV,3954_4756,AR/86,FA/86,969,1037,161,false,-1,1xMGA,MGA_15
1344,RV,3954_4756,FA/86,OD/86,1050,1096,31,true,-1,1xMGA,MGA_15
13,IC,112,FA/86,HGL/86,416,565,391,true,112_2312_412,2xMGA,MGA_16
1204,RØ,3359,HGL/86,RO/86,905,943,144,true,-1,1xMGA,MGA_16
13,IC,112,FA/86,HGL/86,416,565,391,true,112_2312_412,2xMGA,MGA_17
113,M,12397,HGL/86,KH/86,844,857,0,true,-1,1xMGA,MGA_17
152,RØ,1257,KH/86,NF/86,908,983,320,false,-1,2xMGA,MGA_17
149,RØ,1256,NF/86,KH/86,1118,1195,51,false,1256_1577,1xMGA,MGA_17
382,RØ,1577,KH/86,KB/86,1202,1285,75,false,1256_1577,1xMGA,MGA_17
1277,RØ,3510,KB/86,KK/86,419,511,370,false,-1,2xMGA,MGA_18
360,RØ,1561,KK/86,KB/86,953,1045,280,false,-1,2xMGA,MGA_18
1277,RØ,3510,KB/86,KK/86,419,511,370,false,-1,2xMGA,MGA_19
360,RØ,1561,KK/86,KB/86,953,1045,280,false,-1,2xMGA,MGA_19
1030,RØ,274,RO/86,CPH/86,20,54,13,true,-1,1xMGA,MGA_2
1063,RØ,279,CPH/86,SG/86,1205,1275,64,true,-1,1xMGA,MGA_2
2380,M,9179,SG/86,OD/86,1279,1312,0,true,-1,1xMGA,MGA_2
1317,RV,3918_2720,AR/86,FA/86,424,492,153,false,-1,1xMGA,MGA_20
1318,RV,3918_2720,FA/86,OD/86,510,564,27,true,-1,1xMGA,MGA_20
1946,RV,4745_3947,OD/86,FA/86,820,866,28,true,-1,1xMGA,MGA_20
1947,RV,4745_3947,FA/86,AR/86,881,949,165,false,-1,1xMGA,MGA_20
1436,L,4054_54,AR/86,VJ/86,980,1024,340,false,-1,2xMGA,MGA_20
1437,L,4054_54,VJ/86,FA/86,1026,1041,385,false,-1,2xMGA,MGA_20
1438,L,4054_54,FA/86,CPH/86,1047,1172,393,true,-1,2xMGA,MGA_20
1081,RØ,291,CPH/86,RO/86,1385,1419,35,true,-1,1xMGA,MGA_20
1195,RØ,3306,RO/86,KK/86,437,469,193,true,-1,1xMGA,MGA_21
1292,RØ,3559,KK/86,KB/86,926,1020,343,false,-1,2xMGA,MGA_21
1931,RV,4721,OD/86,FA/86,460,506,30,true,-1,1xMGA,MGA_22
1036,RV,2742,FA/86,OD/86,873,934,30,true,-1,1xMGA,MGA_22
330,RØ,1544,KB/86,KK/86,937,1027,220,false,-1,2xMGA,MGA_23
396,RØ,1587,KK/86,KB/86,1343,1453,171,false,-1,1xMGA,MGA_23
56,M,12191,HGL/86,KH/86,296,308,0,true,-1,1xMGA,MGA_3
77,RØ,1225,KH/86,NF/86,428,503,165,false,-1,1xMGA,MGA_3
53,RØ,1216,NF/86,KH/86,518,595,183,false,-1,1xMGA,MGA_3
2120,M,6343,KH/86,CPH/86,730,744,0,true,-1,1xMGA,MGA_3
2416,M,9360,CPH/86,KH/86,1243,1256,0,true,-1,1xMGA,MGA_3
98,M,12392,KH/86,HGL/86,1421,1431,0,true,-1,2xMGA,MGA_3
276,RØ,1504,KB/86,KK/86,337,427,182,false,-1,1xMGA,MGA_4
306,RØ,1529,KK/86,KB/86,473,565,166,false,-1,1xMGA,MGA_4
324,RØ,1540,KB/86,KK/86,877,967,282,false,-1,2xMGA,MGA_4
1295,RØ,3563,KK/86,KB/86,986,1080,361,false,-1,2xMGA,MGA_4
1917,RV,4713_3915,OD/86,FA/86,340,386,17,true,-1,1xMGA,MGA_5
1918,RV,4713_3915,FA/86,AR/86,401,469,85,false,-1,1xMGA,MGA_5
1337,RV,3950,AR/86,FA/86,909,977,118,false,-1,1xMGA,MGA_5
1045,RV,2754,FA/86,OD/86,1000,1067,12,true,-1,1xMGA,MGA_5
294,RØ,1521,HGL/86,KB/86,347,445,151,false,-1,1xMGA,MGA_6
285,RØ,1516,KB/86,KK/86,517,607,183,false,1516_2439,1xMGA,MGA_6
792,RØ,2439,KK/86,NÆ/86,608,682,33,true,1516_2439,1xMGA,MGA_6
785,RØ,2432,NÆ/86,KK/86,756,832,47,true,1553_2432,1xMGA,MGA_6
345,RØ,1553,KK/86,KB/86,833,925,126,false,1553_2432,1xMGA,MGA_6
330,RØ,1544,KB/86,KK/86,937,1027,220,false,-1,2xMGA,MGA_6
393,RØ,1583,KK/86,KB/86,1274,1393,176,false,-1,1xMGA,MGA_6
1477,IC,412,AR/86,FA/86,350,409,162,false,112_2312_412,1xMGA,MGA_7
631,IC,2312,FA/86,ES/86,411,474,81,true,112_2312_412,1xMGA,MGA_7
718,IC,2369,ES/86,FA/86,1143,1207,55,true,2369_469_80169,1xMGA,MGA_7
1908,IC,469,FA/86,AR/86,1209,1268,94,false,2369_469_80169,1xMGA,MGA_7
1274,RØ,3506,KB/86,KK/86,359,451,241,false,-1,2xMGA,MGA_8
1292,RØ,3559,KK/86,KB/86,926,1020,343,false,-1,2xMGA,MGA_8
363,RØ,1564,KB/86,KK/86,1237,1326,56,false,1564_2487,1xMGA,MGA_8
855,RØ,2487,KK/86,NÆ/86,1328,1402,66,true,1564_2487,1xMGA,MGA_8
846,RØ,2476,NÆ/86,HGL/86,1416,1506,1,true,-1,1xMGA,MGA_8
1274,RØ,3506,KB/86,KK/86,359,451,241,false,-1,2xMGA,MGA_9
351,RØ,1557,KK/86,KB/86,893,985,198,false,-1,1xMGA,MGA_9
342,RØ,1552,KB/86,KK/86,1057,1147,80,false,-1,1xMGA,MGA_9
