TrainCategory,TrainId,FromStation,DepartureFromStation,ToStation,ArrivalToStation,Demand,Distance_KM,Electrified,OriginTrainId
L,6,AR/86,254,VJ/86,304,54,82.8,false,6
L,6,VJ/86,306,FA/86,321,58,25.7,false,6
L,6,FA/86,327,CPH/86,452,246,230.2,true,6
L,910_10,FA/86,387,CPH/86,512,614,230.2,true,10
L,11,OD/86,303,FA/86,334,10,60.3,true,11
L,11,FA/86,338,VJ/86,351,15,25.7,false,11
L,11,VJ/86,353,AR/86,398,69,82.8,false,11
L,4014_14,AR/86,380,VJ/86,424,413,82.8,false,14
L,4014_14,VJ/86,426,FA/86,441,462,25.7,false,14
L,4014_14,FA/86,447,CPH/86,572,663,230.2,true,14
L,15_4015,OD/86,366,FA/86,394,92,60.3,true,15
L,15_4015,FA/86,396,VJ/86,409,126,25.7,false,15
L,15_4015,VJ/86,411,AR/86,455,182,82.8,false,15
L,18,AR/86,440,VJ/86,484,485,82.8,false,18
L,18,VJ/86,486,FA/86,501,467,25.7,false,18
L,18,FA/86,507,CPH/86,632,492,230.2,true,18
L,19,CPH/86,326,FA/86,454,332,230.2,true,19
L,19,FA/86,458,VJ/86,471,300,25.7,false,19
L,19,VJ/86,473,AR/86,518,232,82.8,false,19
L,22,AR/86,500,VJ/86,544,280,82.8,false,22
L,22,VJ/86,546,FA/86,561,268,25.7,false,22
L,22,FA/86,567,CPH/86,692,337,230.2,true,22
L,23,CPH/86,386,FA/86,514,414,230.2,true,23
L,23,FA/86,518,VJ/86,531,253,25.7,false,23
L,23,VJ/86,533,AR/86,578,226,82.8,false,23
L,26,AR/86,560,VJ/86,604,226,82.8,false,26
L,26,VJ/86,606,FA/86,621,257,25.7,false,26
L,26,FA/86,627,CPH/86,752,373,230.2,true,26
L,27,CPH/86,446,FA/86,574,482,230.2,true,27
L,27,FA/86,578,VJ/86,591,231,25.7,false,27
L,27,VJ/86,593,AR/86,638,195,82.8,false,27
L,4030_30,AR/86,620,VJ/86,664,253,82.8,false,30
L,4030_30,VJ/86,666,FA/86,681,278,25.7,false,30
L,4030_30,FA/86,687,CPH/86,812,333,230.2,true,30
L,31,CPH/86,506,FA/86,634,350,230.2,true,31
L,31,FA/86,638,VJ/86,651,227,25.7,false,31
L,31,VJ/86,653,AR/86,698,218,82.8,false,31
L,34,AR/86,680,VJ/86,724,226,82.8,false,34
L,34,VJ/86,726,FA/86,741,248,25.7,false,34
L,34,FA/86,747,CPH/86,872,348,230.2,true,34
L,35,CPH/86,566,FA/86,694,237,230.2,true,35
L,35,FA/86,698,VJ/86,711,160,25.7,false,35
L,35,VJ/86,713,AR/86,758,146,82.8,false,35
L,38,AR/86,740,VJ/86,784,221,82.8,false,38
L,38,VJ/86,786,FA/86,801,229,25.7,false,38
L,38,FA/86,807,CPH/86,932,388,230.2,true,38
L,39_4039,CPH/86,626,FA/86,754,322,230.2,true,39
L,39_4039,FA/86,758,VJ/86,771,295,25.7,false,39
L,39_4039,VJ/86,773,AR/86,818,263,82.8,false,39
L,42,AR/86,800,VJ/86,844,267,82.8,false,42
L,42,VJ/86,846,FA/86,861,298,25.7,false,42
L,42,FA/86,867,CPH/86,992,419,230.2,true,42
L,43,CPH/86,686,FA/86,814,324,230.2,true,43
L,43,FA/86,818,VJ/86,831,278,25.7,false,43
L,43,VJ/86,833,AR/86,878,261,82.8,false,43
L,46,AR/86,860,VJ/86,904,247,82.8,false,46
L,46,VJ/86,906,FA/86,921,264,25.7,false,46
L,46,FA/86,927,CPH/86,1052,409,230.2,true,46
L,47,CPH/86,746,FA/86,874,365,230.2,true,47
L,47,FA/86,878,VJ/86,891,383,25.7,false,47
L,47,VJ/86,893,AR/86,938,305,82.8,false,47
L,50,AR/86,920,VJ/86,964,306,82.8,false,50
L,50,VJ/86,966,FA/86,981,360,25.7,false,50
L,50,FA/86,987,CPH/86,1112,494,230.2,true,50
L,51,CPH/86,806,FA/86,934,386,230.2,true,51
L,51,FA/86,938,VJ/86,951,322,25.7,false,51
L,51,VJ/86,953,AR/86,998,298,82.8,false,51
L,4054_54,AR/86,980,VJ/86,1024,340,82.8,false,54
L,4054_54,VJ/86,1026,FA/86,1041,385,25.7,false,54
L,4054_54,FA/86,1047,CPH/86,1172,393,230.2,true,54
L,55_4055,CPH/86,866,FA/86,994,441,230.2,true,55
L,55_4055,FA/86,998,VJ/86,1011,379,25.7,false,55
L,55_4055,VJ/86,1013,AR/86,1058,330,82.8,false,55
L,58,AR/86,1040,VJ/86,1084,251,82.8,false,58
L,58,VJ/86,1086,FA/86,1101,280,25.7,false,58
L,58,FA/86,1107,CPH/86,1232,309,230.2,true,58
L,59,CPH/86,926,FA/86,1054,653,230.2,true,59
L,59,FA/86,1058,VJ/86,1071,407,25.7,false,59
L,59,VJ/86,1073,AR/86,1118,355,82.8,false,59
L,62,AR/86,1100,VJ/86,1144,147,82.8,false,62
L,62,VJ/86,1146,FA/86,1161,139,25.7,false,62
L,62,FA/86,1167,CPH/86,1292,205,230.2,true,62
L,63,CPH/86,986,FA/86,1114,589,230.2,true,63
L,63,FA/86,1118,VJ/86,1131,364,25.7,false,63
L,63,VJ/86,1133,AR/86,1178,337,82.8,false,63
L,66,AR/86,1160,VJ/86,1204,106,82.8,false,66
L,66,VJ/86,1206,FA/86,1221,119,25.7,false,66
L,66,FA/86,1227,CPH/86,1352,182,230.2,true,66
L,67,CPH/86,1047,FA/86,1174,380,230.2,true,67
L,67,FA/86,1178,VJ/86,1191,270,25.7,false,67
L,67,VJ/86,1193,AR/86,1238,233,82.8,false,67
L,4070_70,AR/86,1220,VJ/86,1264,183,82.8,false,70
L,4070_70,VJ/86,1266,FA/86,1281,173,25.7,false,70
L,4070_70,FA/86,1287,CPH/86,1412,170,230.2,true,70
L,71,CPH/86,1106,FA/86,1234,232,230.2,true,71
L,71,FA/86,1238,VJ/86,1251,208,25.7,false,71
L,71,VJ/86,1253,AR/86,1298,205,82.8,false,71
L,4074_74,AR/86,1280,VJ/86,1324,38,82.8,false,74
L,4074_74,VJ/86,1326,FA/86,1341,15,25.7,false,74
L,75_975,CPH/86,1166,FA/86,1294,248,230.2,true,75
L,79,CPH/86,1226,FA/86,1354,308,230.2,true,79
L,79,FA/86,1358,VJ/86,1371,116,25.7,false,79
L,79,VJ/86,1373,AR/86,1418,115,82.8,false,79
IC,100,OD/86,249,KK/86,361,141,163.4,true,100
IC,101,KH/86,35,FA/86,177,115,220.6,true,101
IC,101,FA/86,183,AR/86,248,69,108.5,false,101
IC,104,FA/86,296,KK/86,439,319,223.7,true,104
IC,107,KH/86,155,FA/86,295,53,220.6,true,107
IC,107,FA/86,305,AR/86,365,96,108.5,false,107
IC,412_112,FA/86,416,HGL/86,565,391,225.8,true,112
IC,113,KH/86,230,FA/86,362,49,220.6,true,113
IC,416_116,FA/86,476,HGL/86,625,169,225.8,true,116
IC,117,KH/86,290,FA/86,422,107,220.6,true,117
IC,4120_120,AR/86,470,FA/86,531,254,108.5,false,120
IC,4120_120,FA/86,536,KK/86,679,146,223.7,true,120
IC,121_421,KH/86,350,FA/86,482,212,220.6,true,121
IC,424_124,FA/86,596,KH/86,730,135,220.6,true,124
IC,125_4125,KK/86,401,FA/86,542,305,223.7,true,125
IC,125_4125,FA/86,549,AR/86,608,115,108.5,false,125
IC,428_128,FA/86,656,KK/86,799,125,223.7,true,128
IC,129_429,KK/86,461,FA/86,602,252,223.7,true,129
IC,432_132,FA/86,716,HGL/86,869,165,225.8,true,132
IC,133_433,HGL/86,515,FA/86,662,151,225.8,true,133
IC,4136_136,AR/86,710,FA/86,771,103,108.5,false,136
IC,4136_136,FA/86,776,HGL/86,929,250,225.8,true,136
IC,137_437,KH/86,590,FA/86,722,85,220.6,true,137
IC,440_140,FA/86,836,KK/86,979,236,223.7,true,140
IC,141_4141,KH/86,650,FA/86,782,121,220.6,true,141
IC,141_4141,FA/86,789,AR/86,848,111,108.5,false,141
IC,444_144,FA/86,896,HGL/86,1049,262,225.8,true,144
IC,145_445,KK/86,701,FA/86,842,123,223.7,true,145
IC,448_148,FA/86,956,KK/86,1099,187,223.7,true,148
IC,149_449,KK/86,761,FA/86,902,141,223.7,true,149
IC,4152_152,AR/86,950,FA/86,1011,149,108.5,false,152
IC,4152_152,FA/86,1016,KH/86,1150,145,220.6,true,152
IC,153_453,KK/86,821,FA/86,962,241,223.7,true,153
IC,456_156,FA/86,1076,KK/86,1219,85,223.7,true,156
IC,157_4157,HGL/86,874,FA/86,1022,465,225.8,true,157
IC,157_4157,FA/86,1029,AR/86,1088,151,108.5,false,157
IC,460_160,FA/86,1136,KH/86,1270,80,220.6,true,160
IC,161_461,HGL/86,934,FA/86,1082,519,225.8,true,161
IC,464_164,FA/86,1196,KH/86,1330,92,220.6,true,164
IC,165_465,KK/86,1001,FA/86,1142,395,223.7,true,165
IC,468_168,FA/86,1256,KH/86,1390,58,220.6,true,168
IC,474_172,FA/86,1316,KH/86,1450,61,220.6,true,172
IC,173_471,KK/86,1121,FA/86,1262,130,223.7,true,173
IC,4176_176,AR/86,1310,FA/86,1371,82,108.5,false,176
IC,4176_176,FA/86,1376,KH/86,1510,68,220.6,true,176
IC,177_477,HGL/86,1174,FA/86,1322,125,225.8,true,177
IC,181_2376,KH/86,1250,FA/86,1382,166,220.6,true,181
IC,4180_182,AR/86,1370,FA/86,1431,53,108.5,false,182
IC,4180_182,FA/86,1436,KH/86,1585,84,220.6,true,182
IC,1485_185,KH/86,1310,OD/86,1408,163,160.3,true,185
IC,190_1490,AR/86,40,FA/86,111,35,108.5,false,190
IC,190_1490,FA/86,116,KH/86,265,151,220.6,true,190
IC,1489_191,KH/86,1370,FA/86,1502,340,220.6,true,191
IC,1489_191,FA/86,1508,AR/86,1578,170,108.5,false,191
IC,1493_193,KH/86,1430,OD/86,1528,213,160.3,true,193
RØ,200,RO/86,320,CPH/86,354,60,37.9,true,200
IC,202,OD/86,307,CPH/86,414,162,166.9,true,202
IC,806_206,OD/86,369,CPH/86,474,249,166.9,true,206
IC,810_208,OD/86,429,CPH/86,534,238,166.9,true,208
IC,814_214,OD/86,490,CPH/86,594,143,166.9,true,214
RØ,218,SG/86,584,CPH/86,654,70,99.5,true,218
RØ,222,SG/86,644,CPH/86,714,74,99.5,true,222
IC,223,CPH/86,365,OD/86,468,188,166.9,true,223
RØ,226,SG/86,704,CPH/86,774,87,99.5,true,226
IC,227_827,CPH/86,425,OD/86,530,208,166.9,true,227
RØ,230,SG/86,764,CPH/86,834,74,99.5,true,230
RØ,231,CPH/86,485,SG/86,555,109,99.5,true,231
RØ,234,SG/86,824,CPH/86,894,134,99.5,true,234
RØ,235,CPH/86,545,SG/86,615,72,99.5,true,235
IC,838_238,OD/86,849,CPH/86,954,218,166.9,true,238
RØ,239,CPH/86,605,SG/86,675,46,99.5,true,239
IC,842_242,OD/86,909,CPH/86,1014,179,166.9,true,242
RØ,243,CPH/86,665,SG/86,735,42,99.5,true,243
IC,846_246,OD/86,969,CPH/86,1074,97,166.9,true,246
RØ,247,CPH/86,725,SG/86,795,42,99.5,true,247
IC,850_250,OD/86,1029,CPH/86,1134,70,166.9,true,250
IC,251_851,CPH/86,785,OD/86,890,138,166.9,true,251
RØ,254,SG/86,1124,CPH/86,1194,44,99.5,true,254
IC,255_855,CPH/86,845,OD/86,950,217,166.9,true,255
RØ,258,SG/86,1184,CPH/86,1254,63,99.5,true,258
IC,259_859,CPH/86,905,OD/86,1010,347,166.9,true,259
RØ,262,SG/86,1244,CPH/86,1314,27,99.5,true,262
IC,263_863,CPH/86,965,OD/86,1070,248,166.9,true,263
RØ,266,RO/86,1340,CPH/86,1374,12,37.9,true,266
RØ,267,CPH/86,1025,SG/86,1095,87,99.5,true,267
RØ,270,RO/86,1400,CPH/86,1434,10,37.9,true,270
RØ,271,CPH/86,1085,SG/86,1155,69,99.5,true,271
RØ,274,RO/86,20,CPH/86,54,13,37.9,true,274
RØ,275,CPH/86,1145,SG/86,1215,44,99.5,true,275
RØ,279,CPH/86,1205,SG/86,1275,64,99.5,true,279
RØ,283,CPH/86,1265,RO/86,1299,73,37.9,true,283
RØ,287,CPH/86,1325,RO/86,1359,24,37.9,true,287
RØ,291,CPH/86,1385,RO/86,1419,35,37.9,true,291
RØ,295,CPH/86,5,RO/86,39,9,37.9,true,295
EX,392,HMB/80,1130,KH/86,1417,25,506.1,true,392
EX,393,KH/86,502,HMB/80,786,229,506.1,true,393
EX,394,HMB/80,893,KH/86,1178,232,506.1,true,394
EX,395,KH/86,742,HMB/80,1024,282,506.1,true,395
EX,396,HMB/80,653,KH/86,938,274,506.1,true,396
EX,397,KH/86,862,HMB/80,1144,149,506.1,true,397
EX,398,HMB/80,535,KH/86,818,243,506.1,true,398
EX,399,KH/86,982,HMB/80,1264,201,506.1,true,399
IC,412,AR/86,350,FA/86,409,162,108.5,false,412
IC,413,FA/86,369,AR/86,428,167,108.5,false,413
IC,416,AR/86,410,FA/86,469,239,108.5,false,416
IC,417,FA/86,429,AR/86,488,213,108.5,false,417
IC,421,FA/86,489,AR/86,548,138,108.5,false,421
IC,424,AR/86,530,FA/86,589,151,108.5,false,424
IC,428,AR/86,590,FA/86,649,69,108.5,false,428
IC,429,FA/86,609,AR/86,668,92,108.5,false,429
IC,432,AR/86,650,FA/86,709,96,108.5,false,432
IC,433,FA/86,669,AR/86,728,119,108.5,false,433
IC,437,FA/86,729,AR/86,788,135,108.5,false,437
IC,440,AR/86,770,FA/86,829,113,108.5,false,440
IC,444,AR/86,830,FA/86,889,230,108.5,false,444
IC,445,FA/86,849,AR/86,908,217,108.5,false,445
IC,448,AR/86,890,FA/86,949,127,108.5,false,448
IC,449,FA/86,909,AR/86,968,286,108.5,false,449
IC,453,FA/86,969,AR/86,1028,231,108.5,false,453
IC,456,AR/86,1010,FA/86,1069,151,108.5,false,456
IC,460,AR/86,1070,FA/86,1129,87,108.5,false,460
IC,461,FA/86,1089,AR/86,1148,128,108.5,false,461
IC,464,AR/86,1130,FA/86,1189,100,108.5,false,464
IC,465,FA/86,1149,AR/86,1208,106,108.5,false,465
IC,468,AR/86,1190,FA/86,1249,52,108.5,false,468
IC,469,FA/86,1209,AR/86,1268,94,108.5,false,469
IC,471,FA/86,1269,AR/86,1328,49,108.5,false,471
IC,474,AR/86,1250,FA/86,1309,95,108.5,false,474
IC,477,FA/86,1329,AR/86,1400,48,108.5,false,477
IC,4184_484,AR/86,1430,KD/86,1513,27,128.4,false,484
IC,485,FA/86,9,AR/86,80,7,108.5,false,485
L,608,OD/86,379,KH/86,458,368,158.1,true,608
L,649,KH/86,802,FA/86,907,50,218.4,true,649
L,659,KH/86,922,FA/86,1027,176,218.4,true,659
L,722_22,STR/86,424,FA/86,554,75,155.4,false,722
L,23_723,FA/86,523,STR/86,648,67,155.4,false,723
L,31_731,FA/86,643,STR/86,768,72,155.4,false,731
L,738_38,STR/86,664,FA/86,794,82,155.4,false,738
L,746_46,STR/86,784,FA/86,914,124,155.4,false,746
L,47_747,VJ/86,899,STR/86,1008,76,129.7,false,747
L,762_62,STR/86,1024,FA/86,1154,52,155.4,false,762
L,63_763,FA/86,1123,STR/86,1248,97,155.4,false,763
IC,802,OD/86,300,HGL/86,403,246,163.3,true,802
IC,806_206,ES/86,272,OD/86,352,35,142.3,true,806
IC,810_208,ES/86,332,OD/86,412,141,142.3,true,810
IC,814_214,ES/86,392,OD/86,472,191,142.3,true,814
IC,815,OD/86,369,ES/86,456,88,142.3,true,815
IC,818,ES/86,451,OD/86,532,112,142.3,true,818
IC,818,OD/86,540,HGL/86,643,143,163.3,true,818
IC,819,HGL/86,316,OD/86,420,109,163.3,true,819
IC,819,OD/86,429,ES/86,506,145,142.3,true,819
IC,822,ES/86,511,OD/86,592,74,142.3,true,822
IC,822,OD/86,600,KK/86,697,158,161.2,true,822
IC,823,KK/86,383,OD/86,480,186,161.2,true,823
IC,823,OD/86,489,ES/86,566,137,142.3,true,823
IC,826,ES/86,572,OD/86,652,54,142.3,true,826
IC,826,OD/86,660,HGL/86,763,140,163.3,true,826
IC,227_827,OD/86,549,ES/86,626,107,142.3,true,827
IC,830,ES/86,632,OD/86,712,98,142.3,true,830
IC,830,OD/86,720,HGL/86,823,155,163.3,true,830
IC,831,HGL/86,496,OD/86,600,155,163.3,true,831
IC,831,OD/86,609,ES/86,686,84,142.3,true,831
IC,834,ES/86,692,OD/86,772,102,142.3,true,834
IC,834,OD/86,780,HGL/86,883,205,163.3,true,834
IC,835,HGL/86,556,OD/86,660,114,163.3,true,835
IC,835,OD/86,669,ES/86,746,74,142.3,true,835
IC,838_238,ES/86,752,OD/86,832,106,142.3,true,838
IC,839,KK/86,623,OD/86,720,157,161.2,true,839
IC,839,OD/86,729,ES/86,806,104,142.3,true,839
IC,842_242,ES/86,812,OD/86,892,152,142.3,true,842
IC,843,HGL/86,676,OD/86,780,157,163.3,true,843
IC,843,OD/86,789,ES/86,866,116,142.3,true,843
IC,846_246,ES/86,872,OD/86,952,177,142.3,true,846
IC,847,HGL/86,736,OD/86,840,139,163.3,true,847
IC,847,OD/86,849,ES/86,926,91,142.3,true,847
IC,850_250,ES/86,932,OD/86,1012,174,142.3,true,850
IC,251_851,OD/86,909,ES/86,986,148,142.3,true,851
IC,854,ES/86,992,OD/86,1072,105,142.3,true,854
IC,854,OD/86,1080,HGL/86,1183,119,163.3,true,854
IC,255_855,OD/86,969,ES/86,1046,171,142.3,true,855
IC,858,ES/86,1052,OD/86,1132,70,142.3,true,858
IC,858,OD/86,1140,HGL/86,1243,99,163.3,true,858
IC,259_859,OD/86,1029,ES/86,1106,205,142.3,true,859
IC,862,ES/86,1112,OD/86,1192,32,142.3,true,862
IC,862,OD/86,1200,KK/86,1297,93,161.2,true,862
IC,263_863,OD/86,1089,ES/86,1166,155,142.3,true,863
IC,866,ES/86,1172,OD/86,1252,46,142.3,true,866
IC,866,OD/86,1260,KK/86,1360,61,161.2,true,866
IC,867,HGL/86,1036,OD/86,1140,372,163.3,true,867
IC,867,OD/86,1149,ES/86,1226,114,142.3,true,867
IC,871,HGL/86,1096,OD/86,1200,158,163.3,true,871
IC,871,OD/86,1209,ES/86,1286,75,142.3,true,871
IC,875_2383,HGL/86,1156,OD/86,1260,174,163.3,true,875
IC,875_2383,OD/86,1269,ES/86,1346,80,142.3,true,875
IC,879,HGL/86,1216,OD/86,1320,191,163.3,true,879
IC,883,HGL/86,1276,OD/86,1380,123,163.3,true,883
L,910_10,SDB/86,284,FA/86,377,67,136.5,true,910
L,11_911,FA/86,341,SDB/86,432,13,136.5,true,911
L,918_18,SDB/86,404,FA/86,497,87,136.5,true,918
L,19_919,FA/86,461,SDB/86,552,64,136.5,true,919
L,926_26,SDB/86,524,FA/86,617,87,136.5,true,926
L,27_927,FA/86,581,SDB/86,672,64,136.5,true,927
L,934_34,SDB/86,644,FA/86,737,73,136.5,true,934
L,35_935,FA/86,701,SDB/86,792,63,136.5,true,935
L,942_42,SDB/86,764,FA/86,857,67,136.5,true,942
L,43_943,FA/86,821,SDB/86,912,105,136.5,true,943
L,950_50,SDB/86,884,FA/86,977,78,136.5,true,950
L,51_951,FA/86,941,SDB/86,1032,111,136.5,true,951
L,958_58,SDB/86,1004,FA/86,1097,55,136.5,true,958
L,59_959,FA/86,1061,SDB/86,1152,109,136.5,true,959
L,966_66,SDB/86,1124,FA/86,1217,32,136.5,true,966
L,67_967,FA/86,1181,SDB/86,1272,65,136.5,true,967
RR,974_2776,SDB/86,1244,FA/86,1337,17,136.5,true,974
L,75_975,FA/86,1301,SDB/86,1392,43,136.5,true,975
RR,982,SDB/86,1364,FA/86,1457,2,136.5,true,982
RR,983,FA/86,1436,SDB/86,1527,8,136.5,true,983
EX,1191,KH/86,322,PA/86,477,58,321.6,true,1191
EX,1191,PA/86,482,HMB/80,604,0,184.5,true,1191
EX,1196,HMB/80,712,PA/86,833,0,184.5,true,1196
EX,1196,PA/86,843,KH/86,998,149,321.6,true,1196
EX,1198,HMB/80,410,PA/86,534,0,184.5,true,1198
EX,1198,PA/86,543,KH/86,698,68,321.6,true,1198
EX,1199,KH/86,1102,PA/86,1257,158,321.6,true,1199
EX,1199,PA/86,1262,HMB/80,1384,0,184.5,true,1199
RØ,1204,NF/86,338,KH/86,415,224,144.7,false,1204
RØ,1208,NF/86,398,KH/86,475,395,144.7,false,1208
RØ,1212,NF/86,458,KH/86,535,258,144.7,false,1212
RØ,1216,NF/86,518,KH/86,595,183,144.7,false,1216
RØ,1220_1541,NF/86,578,KH/86,655,100,144.7,false,1220
RØ,2219_1221,KH/86,364,NF/86,449,79,144.7,false,1221
RØ,1224,NF/86,638,KH/86,715,103,144.7,false,1224
RØ,1225,KH/86,428,NF/86,503,165,144.7,false,1225
RØ,1228,NF/86,698,KH/86,775,98,144.7,false,1228
RØ,1229,KH/86,488,NF/86,563,128,144.7,false,1229
RØ,1232,NF/86,758,KH/86,835,99,144.7,false,1232
RØ,1233,KH/86,548,NF/86,623,71,144.7,false,1233
RØ,1236,NF/86,818,KH/86,895,120,144.7,false,1236
RØ,1237,KH/86,608,NF/86,683,71,144.7,false,1237
RØ,1240,NF/86,878,KH/86,955,157,144.7,false,1240
RØ,1241,KH/86,668,NF/86,743,67,144.7,false,1241
RØ,1244,NF/86,938,KH/86,1015,179,144.7,false,1244
RØ,1245,KH/86,728,NF/86,803,76,144.7,false,1245
RØ,1248,NF/86,998,KH/86,1075,104,144.7,false,1248
RØ,1249,KH/86,788,NF/86,863,99,144.7,false,1249
RØ,1252,NF/86,1058,KH/86,1135,64,144.7,false,1252
RØ,1253,KH/86,848,NF/86,923,161,144.7,false,1253
RØ,1256_1577,NF/86,1118,KH/86,1195,51,144.7,false,1256
RØ,1257,KH/86,908,NF/86,983,320,144.7,false,1257
RØ,1260,NF/86,1178,KH/86,1255,69,144.7,false,1260
RØ,1261,KH/86,968,NF/86,1043,417,144.7,false,1261
RØ,1264,NF/86,1229,KH/86,1315,77,144.7,false,1264
RØ,1265,KH/86,1028,NF/86,1103,240,144.7,false,1265
RØ,1268,NF/86,1286,KH/86,1374,44,144.7,false,1268
RØ,1269,KH/86,1088,NF/86,1163,138,144.7,false,1269
RØ,1272,NF/86,1346,KH/86,1434,21,144.7,false,1272
RØ,1273,KH/86,1148,NF/86,1223,88,144.7,false,1273
RØ,1276,NF/86,1406,KH/86,1494,10,144.7,false,1276
RØ,1277,KH/86,1207,NF/86,1291,94,144.7,false,1277
RØ,1281,KH/86,1267,NF/86,1351,99,144.7,false,1281
RØ,2085_1285,KH/86,1327,NF/86,1415,87,144.7,false,1285
RØ,2089_1289,KH/86,1387,NF/86,1475,117,144.7,false,1289
IC,1401_101,CPH/86,12,KH/86,25,74,11.8,true,1401
IC,1407_107,CPH/86,132,KH/86,145,15,11.8,true,1407
IC,1413_113,CPH/86,206,KH/86,219,4,11.8,true,1413
IC,1417_117,CPH/86,266,KH/86,279,263,11.8,true,1417
IC,1472,KH/86,19,CPH/86,32,3,11.8,true,1472
IC,1476,KH/86,79,CPH/86,92,22,11.8,true,1476
IC,1482,KH/86,163,CPH/86,177,38,11.8,true,1482
IC,1485_185,CPH/86,1286,KH/86,1300,46,11.8,true,1485
IC,1489_191,CPH/86,1346,KH/86,1360,53,11.8,true,1489
IC,190_1490,KH/86,279,CPH/86,292,132,11.8,true,1490
IC,1493_193,CPH/86,1406,KH/86,1420,59,11.8,true,1493
RØ,1500,KB/86,270,KK/86,376,115,113.7,false,1500
RØ,1504,KB/86,337,KK/86,427,182,113.7,false,1504
RØ,1508,KB/86,397,HGL/86,493,402,115.8,false,1508
RØ,1512,KB/86,457,KK/86,547,242,113.7,false,1512
RØ,1516_2439,KB/86,517,KK/86,607,183,113.7,false,1516
RØ,1517,KK/86,293,KB/86,385,51,113.7,false,1517
RØ,1520_2443,KB/86,577,KK/86,667,99,113.7,false,1520
RØ,1521,HGL/86,347,KB/86,445,151,115.8,false,1521
RØ,1524_2447,KB/86,637,KK/86,727,129,113.7,false,1524
RØ,1525,KK/86,413,KB/86,505,219,113.7,false,1525
RØ,1528_2451,KB/86,697,KK/86,787,102,113.7,false,1528
RØ,1529,KK/86,473,KB/86,565,166,113.7,false,1529
RØ,1532_2455,KB/86,757,KK/86,847,142,113.7,false,1532
RØ,2412_1533,KK/86,533,KB/86,625,95,113.7,false,1533
RØ,1536_2459,KB/86,817,KK/86,907,181,113.7,false,1536
RØ,2416_1537,KK/86,593,KB/86,685,71,113.7,false,1537
RØ,1540,KB/86,877,KK/86,967,282,113.7,false,1540
RØ,1220_1541,KH/86,662,KB/86,745,44,110.6,false,1541
RØ,1544,KB/86,937,KK/86,1027,220,113.7,false,1544
RØ,1545,KK/86,713,KB/86,805,80,113.7,false,1545
RØ,1548,KB/86,997,KK/86,1087,144,113.7,false,1548
RØ,2428_1549,KK/86,773,KB/86,865,89,113.7,false,1549
RØ,1552,KB/86,1057,KK/86,1147,80,113.7,false,1552
RØ,2432_1553,KK/86,833,KB/86,925,126,113.7,false,1553
RØ,1556,KB/86,1117,HGL/86,1214,49,115.8,false,1556
RØ,1557,KK/86,893,KB/86,985,198,113.7,false,1557
RØ,1560_2483,KB/86,1177,KK/86,1266,100,113.7,false,1560
RØ,1561,KK/86,953,KB/86,1045,280,113.7,false,1561
RØ,1564_2487,KB/86,1237,KK/86,1326,56,113.7,false,1564
RØ,1565,KK/86,1013,KB/86,1105,212,113.7,false,1565
RØ,1569,KK/86,1073,KB/86,1165,132,113.7,false,1569
RØ,1570_4270,KB/86,1310,KH/86,1410,36,110.6,false,1570
RØ,1573,KK/86,1133,KB/86,1225,78,113.7,false,1573
RØ,1574,KB/86,1370,KH/86,1470,21,110.6,false,1574
RØ,1256_1577,KH/86,1202,KB/86,1285,75,110.6,false,1577
RØ,1581,KK/86,1253,KB/86,1346,123,113.7,false,1581
RØ,1583,KK/86,1274,KB/86,1393,176,113.7,false,1583
RØ,1587,KK/86,1343,KB/86,1453,171,113.7,false,1587
RØ,4291_1591,KH/86,1410,KB/86,1510,102,110.6,false,1591
RØ,2085_1285,HG/86,1258,KH/86,1313,48,46.2,true,2085
RØ,2089,HG/86,1318,KH/86,1373,36,46.2,true,2089
RØ,2093,HG/86,1378,KH/86,1433,20,46.2,true,2093
RØ,2200,KH/86,307,HG/86,362,29,46.2,true,2200
RØ,2202,KH/86,367,HG/86,422,19,46.2,true,2202
RØ,4804_2204,NÆ/86,358,HG/86,482,229,136.9,true,2204
RØ,4808_2208,NÆ/86,418,HG/86,542,481,136.9,true,2208
RØ,4812_2212,NÆ/86,478,HG/86,602,203,136.9,true,2212
RØ,4816_2216,NÆ/86,538,HG/86,662,199,136.9,true,2216
RØ,2217_4817,KH/86,296,NÆ/86,362,36,90.7,true,2217
RØ,2219,HG/86,298,KH/86,353,57,46.2,true,2219
RØ,4820_2220,NÆ/86,598,HG/86,722,82,136.9,true,2220
RØ,2221,KH/86,356,NÆ/86,422,55,90.7,true,2221
RØ,4824_2224,NÆ/86,658,HG/86,782,106,136.9,true,2224
RØ,2225_4825,HG/86,358,NÆ/86,482,192,136.9,true,2225
RØ,4828_2228,NÆ/86,718,HG/86,842,113,136.9,true,2228
RØ,2229_4829,HG/86,418,NÆ/86,542,398,136.9,true,2229
RØ,4832_2232,NÆ/86,778,HG/86,902,143,136.9,true,2232
RØ,2233_4833,HG/86,478,NÆ/86,602,377,136.9,true,2233
RØ,4836_2236,NÆ/86,838,HG/86,962,323,136.9,true,2236
RØ,2237_4837,HG/86,538,NÆ/86,662,99,136.9,true,2237
RØ,4840_2240,NÆ/86,898,HG/86,1022,415,136.9,true,2240
RØ,2241_4841,HG/86,598,NÆ/86,722,106,136.9,true,2241
RØ,4844_2244,NÆ/86,958,HG/86,1082,319,136.9,true,2244
RØ,2245_4845,HG/86,658,NÆ/86,782,110,136.9,true,2245
RØ,4848_2248,NÆ/86,1018,HG/86,1142,109,136.9,true,2248
RØ,2249_4849,HG/86,718,NÆ/86,842,109,136.9,true,2249
RØ,4852_2252,NÆ/86,1078,HG/86,1202,89,136.9,true,2252
RØ,2253_4853,HG/86,778,NÆ/86,902,197,136.9,true,2253
RØ,4856_2256,NÆ/86,1138,HG/86,1262,104,136.9,true,2256
RØ,2257_4857,HG/86,838,NÆ/86,962,305,136.9,true,2257
RØ,4860_2260,NÆ/86,1198,HG/86,1322,88,136.9,true,2260
RØ,2261_4861,HG/86,898,NÆ/86,1022,437,136.9,true,2261
RØ,2264,NÆ/86,1258,HG/86,1382,125,136.9,true,2264
RØ,2265_4865,HG/86,958,NÆ/86,1082,340,136.9,true,2265
RØ,2268,NÆ/86,1318,HG/86,1442,94,136.9,true,2268
RØ,2269_4869,HG/86,1018,NÆ/86,1142,155,136.9,true,2269
RØ,2270,NÆ/86,1365,KH/86,1430,20,90.7,true,2270
RØ,2272,KH/86,7,HG/86,62,29,46.2,true,2272
RØ,2273_4873,HG/86,1078,NÆ/86,1202,98,136.9,true,2273
RØ,2277,HG/86,1138,NÆ/86,1262,95,136.9,true,2277
RØ,2281,HG/86,1198,NÆ/86,1322,87,136.9,true,2281
RØ,2287,HG/86,1273,NÆ/86,1396,184,136.9,true,2287
RØ,2089_2291,KH/86,1390,NÆ/86,1454,102,90.7,true,2291
RØ,2297,HG/86,1438,KH/86,1493,2,46.2,true,2297
RØ,2299,KH/86,70,NÆ/86,134,28,90.7,true,2299
IC,107_2304,FA/86,307,ES/86,370,19,88.5,true,2304
IC,113_2308,FA/86,367,ES/86,430,44,88.5,true,2308
IC,412_2312,FA/86,411,ES/86,474,81,88.5,true,2312
IC,2313_413,ES/86,303,FA/86,367,49,88.5,true,2313
IC,416_2316,FA/86,471,ES/86,534,132,88.5,true,2316
IC,2317_417,ES/86,362,FA/86,427,86,88.5,true,2317
RV,2920_2320,FA/86,531,ES/86,594,37,88.5,true,2320
IC,2321_421,ES/86,422,FA/86,487,67,88.5,true,2321
IC,424_2324,FA/86,591,ES/86,654,100,88.5,true,2324
RV,2325_2925,ES/86,484,FA/86,549,54,88.5,true,2325
IC,428_2328,FA/86,651,ES/86,714,37,88.5,true,2328
IC,2329_429,ES/86,543,FA/86,607,30,88.5,true,2329
IC,432_2332,FA/86,711,ES/86,774,82,88.5,true,2332
IC,2333_433,ES/86,603,FA/86,667,59,88.5,true,2333
RV,2936_2336,FA/86,771,ES/86,834,43,88.5,true,2336
IC,2337_437,ES/86,663,FA/86,727,69,88.5,true,2337
IC,440_2340,FA/86,831,ES/86,894,108,88.5,true,2340
RV,2341_2941,ES/86,724,FA/86,789,26,88.5,true,2341
IC,444_2344,FA/86,891,ES/86,954,124,88.5,true,2344
IC,2345_445,ES/86,783,FA/86,847,82,88.5,true,2345
IC,448_2348,FA/86,951,ES/86,1014,109,88.5,true,2348
IC,2349_449,ES/86,843,FA/86,907,88,88.5,true,2349
RV,2952_2352,FA/86,1011,ES/86,1074,55,88.5,true,2352
IC,2353_453,ES/86,903,FA/86,967,147,88.5,true,2353
IC,456_2356,FA/86,1071,ES/86,1134,82,88.5,true,2356
RV,2357_2957,ES/86,964,FA/86,1029,146,88.5,true,2357
IC,460_2360,FA/86,1131,ES/86,1194,44,88.5,true,2360
IC,2361_461,ES/86,1023,FA/86,1087,72,88.5,true,2361
IC,464_2364,FA/86,1191,ES/86,1254,73,88.5,true,2364
IC,2365_465,ES/86,1083,FA/86,1147,46,88.5,true,2365
IC,468_2368,FA/86,1251,ES/86,1314,55,88.5,true,2368
IC,2369_469,ES/86,1143,FA/86,1207,55,88.5,true,2369
IC,2371_471,ES/86,1203,FA/86,1267,78,88.5,true,2371
IC,474_2374,FA/86,1311,ES/86,1374,35,88.5,true,2374
IC,181_2376,FA/86,1392,ES/86,1455,55,88.5,true,2376
IC,2377_477,ES/86,1263,FA/86,1327,48,88.5,true,2377
IC,875_2383,ES/86,1361,FA/86,1425,26,88.5,true,2383
IC,2387,ES/86,1421,FA/86,1485,3,88.5,true,2387
RØ,2400,NÆ/86,276,KH/86,343,55,79.2,true,2400
RØ,2404_3404,NÆ/86,336,KH/86,403,122,79.2,true,2404
RØ,2408,NÆ/86,396,KH/86,463,300,79.2,true,2408
RØ,2412,NÆ/86,456,KK/86,532,231,82.3,true,2412
RØ,2416_1537,NÆ/86,516,KK/86,592,123,82.3,true,2416
RØ,2419,KH/86,317,NÆ/86,382,19,79.2,true,2419
RØ,2420,NÆ/86,576,KK/86,652,64,82.3,true,2420
RØ,2423,KH/86,377,NÆ/86,442,43,79.2,true,2423
RØ,2424,NÆ/86,636,KH/86,703,51,79.2,true,2424
RØ,3427_2427,KH/86,437,NÆ/86,502,85,79.2,true,2427
RØ,2428_1549,NÆ/86,696,KK/86,772,64,82.3,true,2428
RØ,3431_2431,KH/86,497,NÆ/86,562,63,79.2,true,2431
RØ,2432_1553,NÆ/86,756,KK/86,832,47,82.3,true,2432
RØ,3435_2435,KH/86,557,NÆ/86,622,45,79.2,true,2435
RØ,2436_3436,NÆ/86,816,KH/86,883,84,79.2,true,2436
RØ,1516_2439,KK/86,608,NÆ/86,682,33,82.3,true,2439
RØ,2440_3440,NÆ/86,876,KH/86,943,90,79.2,true,2440
RØ,1520_2443,KK/86,668,NÆ/86,742,42,82.3,true,2443
RØ,2444_3444,NÆ/86,936,KH/86,1003,107,79.2,true,2444
RØ,1524_2447,KK/86,728,NÆ/86,802,55,82.3,true,2447
RØ,2448_3448,NÆ/86,996,KH/86,1063,56,79.2,true,2448
RØ,1528_2451,KK/86,788,NÆ/86,862,78,82.3,true,2451
RØ,2452,NÆ/86,1056,KH/86,1123,44,79.2,true,2452
RØ,1532_2455,KK/86,848,NÆ/86,922,132,82.3,true,2455
RØ,2456,NÆ/86,1116,KK/86,1192,33,82.3,true,2456
RØ,2459,KK/86,908,NÆ/86,982,235,82.3,true,2459
RØ,2460,NÆ/86,1176,KH/86,1243,52,79.2,true,2460
RØ,2463,KH/86,977,NÆ/86,1042,386,79.2,true,2463
RØ,2464,NÆ/86,1236,KH/86,1303,46,79.2,true,2464
RØ,3467_2467,KH/86,1037,NÆ/86,1102,176,79.2,true,2467
RØ,2468,NÆ/86,1296,KH/86,1363,24,79.2,true,2468
RØ,3471_2471,KH/86,1097,NÆ/86,1162,88,79.2,true,2471
RØ,2474,NÆ/86,1356,KK/86,1440,25,82.3,true,2474
RØ,3475_2475,KH/86,1157,NÆ/86,1222,71,79.2,true,2475
RØ,2476,NÆ/86,1416,HGL/86,1506,1,84.4,true,2476
RØ,2479,KK/86,1208,NÆ/86,1282,75,82.3,true,2479
RØ,1560_2483,KK/86,1268,NÆ/86,1342,71,82.3,true,2483
RØ,1564_2487,KK/86,1328,NÆ/86,1402,66,82.3,true,2487
RØ,2491,KH/86,1397,NÆ/86,1462,49,79.2,true,2491
RØ,2495,KH/86,17,NÆ/86,77,22,79.2,true,2495
RØ,2400_2500,KH/86,352,HG/86,407,13,46.2,true,2500
RØ,2502,HK/86,353,HG/86,467,206,113.3,true,2502
RØ,2506,HK/86,413,HG/86,527,523,113.3,true,2506
RØ,2510,HK/86,473,HG/86,587,424,113.3,true,2510
RØ,2514,HK/86,533,HG/86,647,279,113.3,true,2514
RØ,2518,HK/86,593,HG/86,707,131,113.3,true,2518
RØ,2519,KH/86,312,HK/86,367,18,67.1,true,2519
RØ,2522,HK/86,653,HG/86,767,148,113.3,true,2522
RØ,2523,HGL/86,356,HK/86,427,55,72.3,true,2523
RØ,2526,HK/86,713,HG/86,827,163,113.3,true,2526
RØ,2527,HG/86,373,HK/86,487,360,113.3,true,2527
RØ,2530,HK/86,773,HG/86,887,161,113.3,true,2530
RØ,2531,HG/86,433,HK/86,547,421,113.3,true,2531
RØ,2534,HK/86,833,HG/86,947,211,113.3,true,2534
RØ,2535,HG/86,493,HK/86,607,259,113.3,true,2535
RØ,2538,HK/86,893,HG/86,1007,354,113.3,true,2538
RØ,2539,HG/86,553,HK/86,667,198,113.3,true,2539
RØ,2542,HK/86,953,HG/86,1067,315,113.3,true,2542
RØ,2543,HG/86,613,HK/86,727,104,113.3,true,2543
RØ,2546,HK/86,1013,HG/86,1127,170,113.3,true,2546
RØ,2547,HG/86,673,HK/86,787,122,113.3,true,2547
RØ,2550,HK/86,1073,HG/86,1187,107,113.3,true,2550
RØ,2551,HG/86,733,HK/86,847,144,113.3,true,2551
RØ,2554,HK/86,1133,HG/86,1247,80,113.3,true,2554
RØ,2555,HG/86,793,HK/86,907,233,113.3,true,2555
RØ,2558,HK/86,1193,HG/86,1307,135,113.3,true,2558
RØ,2559,HG/86,853,HK/86,967,354,113.3,true,2559
RØ,2562,HK/86,1253,HGL/86,1324,52,72.3,true,2562
RØ,2563,HG/86,913,HK/86,1027,431,113.3,true,2563
RØ,2566,HK/86,1313,HGL/86,1384,40,72.3,true,2566
RØ,2567,HG/86,973,HK/86,1087,354,113.3,true,2567
RØ,2571,HG/86,1033,HK/86,1147,161,113.3,true,2571
RØ,2575,HG/86,1093,HK/86,1207,106,113.3,true,2575
RØ,2579,HG/86,1153,KH/86,1208,52,46.2,true,2579
RØ,2583,HG/86,1213,RO/86,1298,86,77.5,true,2583
RØ,2595,HG/86,1408,HK/86,1525,33,113.3,true,2595
RØ,2599,HG/86,28,KH/86,83,16,46.2,true,2599
RV,2710,FA/86,371,OD/86,436,29,60.3,true,2710
RV,2715_3919,OD/86,400,FA/86,450,29,60.3,true,2715
RV,3918_2720,FA/86,510,OD/86,564,27,60.3,true,2720
RV,2727,OD/86,526,FA/86,588,10,60.3,true,2727
RV,2728,FA/86,635,OD/86,694,11,60.3,true,2728
RV,2733,OD/86,639,FA/86,689,8,60.3,true,2733
RV,2736,FA/86,750,OD/86,801,15,60.3,true,2736
RV,2741,OD/86,758,FA/86,811,19,60.3,true,2741
RV,2742,FA/86,873,OD/86,934,30,60.3,true,2742
RV,2751,OD/86,885,FA/86,948,52,60.3,true,2751
RV,2754,FA/86,1000,OD/86,1067,12,60.3,true,2754
RV,2759,OD/86,1005,FA/86,1068,45,60.3,true,2759
RV,3958_2760,FA/86,1110,OD/86,1164,16,60.3,true,2760
RV,2765,OD/86,1116,FA/86,1170,19,60.3,true,2765
RV,2768,FA/86,1230,OD/86,1284,58,60.3,true,2768
RR,974_2776,FA/86,1347,OD/86,1401,15,60.3,true,2776
RV,2777,OD/86,1296,FA/86,1350,37,60.3,true,2777
RV,2785,OD/86,1416,FA/86,1470,14,60.3,true,2785
RV,2909,FA/86,314,AR/86,383,41,108.5,false,2909
RV,2912,AR/86,338,FA/86,406,85,108.5,false,2912
RV,2913,FA/86,376,AR/86,446,54,108.5,false,2913
RV,2916,AR/86,398,FA/86,466,117,108.5,false,2916
RV,2917,FA/86,432,AR/86,500,104,108.5,false,2917
RV,2920_2320,AR/86,458,FA/86,526,138,108.5,false,2920
RV,4719_2921,FA/86,494,AR/86,563,33,108.5,false,2921
RV,2924,AR/86,518,FA/86,586,139,108.5,false,2924
RV,2325_2925,FA/86,554,AR/86,623,98,108.5,false,2925
RV,2928,AR/86,578,FA/86,646,101,108.5,false,2928
RV,2929,FA/86,614,AR/86,683,34,108.5,false,2929
RV,2932,AR/86,638,FA/86,706,99,108.5,false,2932
RV,2933,FA/86,674,AR/86,743,30,108.5,false,2933
RV,2936_2336,AR/86,698,FA/86,766,142,108.5,false,2936
RV,2937,FA/86,734,AR/86,803,35,108.5,false,2937
RV,2940,AR/86,758,FA/86,826,164,108.5,false,2940
RV,2341_2941,FA/86,794,AR/86,863,43,108.5,false,2941
RV,2944,AR/86,818,FA/86,886,110,108.5,false,2944
RV,2945,FA/86,854,AR/86,923,51,108.5,false,2945
RV,2948,AR/86,878,FA/86,946,230,108.5,false,2948
RV,2949,FA/86,914,AR/86,983,100,108.5,false,2949
RV,2952_2352,AR/86,938,FA/86,1006,157,108.5,false,2952
RV,2953,FA/86,974,AR/86,1043,102,108.5,false,2953
RV,2956,AR/86,998,FA/86,1066,193,108.5,false,2956
RV,2357_2957,FA/86,1034,AR/86,1103,243,108.5,false,2957
RV,2960,AR/86,1058,FA/86,1126,94,108.5,false,2960
RV,2961,FA/86,1094,AR/86,1163,30,108.5,false,2961
RV,2964,AR/86,1118,FA/86,1186,112,108.5,false,2964
RV,2965,FA/86,1154,AR/86,1223,19,108.5,false,2965
RV,2968,AR/86,1178,FA/86,1246,38,108.5,false,2968
RV,2969,FA/86,1214,AR/86,1283,55,108.5,false,2969
RV,2972,AR/86,1238,FA/86,1306,61,108.5,false,2972
RV,2973,FA/86,1274,AR/86,1343,14,108.5,false,2973
RV,2974,FA/86,1348,KD/86,1359,3,19.9,true,2974
RV,2976,AR/86,1298,FA/86,1366,45,108.5,false,2976
RV,2980,AR/86,1358,FA/86,1426,54,108.5,false,2980
RV,2981,KD/86,1369,FA/86,1381,2,19.9,true,2981
RØ,3206,NF/86,363,KH/86,437,173,144.7,false,3206
RØ,3306,RO/86,437,KK/86,469,193,34.4,true,3306
RØ,3310,RO/86,497,KK/86,529,164,34.4,true,3310
RØ,3327,KK/86,446,RO/86,478,187,34.4,true,3327
RØ,3359,HGL/86,905,RO/86,943,144,36.5,true,3359
RØ,3363,HGL/86,965,RO/86,1003,177,36.5,true,3363
RØ,2400_3400,KH/86,346,HG/86,396,24,46.2,true,3400
RØ,4402_3402,KH/86,376,HG/86,426,38,46.2,true,3402
RØ,2404_3404,KH/86,406,HG/86,456,50,46.2,true,3404
RØ,4406_3406,KH/86,436,HG/86,486,134,46.2,true,3406
RR,3408,KH/86,466,HG/86,516,109,46.2,true,3408
RØ,3427_2427,HG/86,384,KH/86,434,140,46.2,true,3427
RØ,3429_4429,HG/86,414,KH/86,464,292,46.2,true,3429
RØ,3431_2431,HG/86,444,KH/86,494,302,46.2,true,3431
RØ,3433_4433,HG/86,474,KH/86,524,332,46.2,true,3433
RØ,4434_3434,KH/86,856,HG/86,906,194,46.2,true,3434
RØ,3435_2435,HG/86,504,KH/86,554,198,46.2,true,3435
RØ,2436_3436,KH/86,886,HG/86,936,159,46.2,true,3436
RØ,3437_4437,HG/86,534,KH/86,584,212,46.2,true,3437
RØ,4438_3438,KH/86,916,HG/86,966,187,46.2,true,3438
RØ,2440_3440,KH/86,946,HG/86,996,177,46.2,true,3440
RØ,4442_3442,KH/86,976,HG/86,1026,214,46.2,true,3442
RØ,2444_3444,KH/86,1006,HG/86,1056,177,46.2,true,3444
RØ,4446_3446,KH/86,1036,HG/86,1086,153,46.2,true,3446
RØ,2448_3448,KH/86,1066,HG/86,1116,100,46.2,true,3448
RØ,4450_3450,KH/86,1096,HG/86,1146,139,46.2,true,3450
RØ,3463_2463,HG/86,924,KH/86,974,191,46.2,true,3463
RØ,3465_4465,HG/86,954,KH/86,1004,180,46.2,true,3465
RØ,3467_2467,HG/86,984,KH/86,1034,86,46.2,true,3467
RØ,3469_4469,HG/86,1014,KH/86,1064,78,46.2,true,3469
RØ,3471_2471,HG/86,1044,KH/86,1094,62,46.2,true,3471
RØ,3473_4473,HG/86,1074,KH/86,1124,60,46.2,true,3473
RØ,3475_2475,HG/86,1104,KH/86,1154,41,46.2,true,3475
RØ,3502_4425,KB/86,303,KK/86,391,133,113.7,false,3502
RØ,3506,KB/86,359,KK/86,451,241,113.7,false,3506
RØ,3510,KB/86,419,KK/86,511,370,113.7,false,3510
RØ,3523,KK/86,386,KB/86,474,108,113.7,false,3523
RØ,3542,KB/86,907,KK/86,994,212,113.7,false,3542
RØ,3546,KB/86,967,KK/86,1054,142,113.7,false,3546
RØ,3555,KK/86,866,KB/86,960,206,113.7,false,3555
RØ,3559,KK/86,926,KB/86,1020,343,113.7,false,3559
RØ,3563,KK/86,986,KB/86,1080,361,113.7,false,3563
RØ,3802_4204,NF/86,283,VO/86,304,8,28.8,false,3802
RØ,3810,NF/86,403,NÆ/86,442,47,56.2,false,3810
RØ,3859,NÆ/86,998,NF/86,1037,50,56.2,false,3859
RØ,3863,NÆ/86,1058,NF/86,1097,49,56.2,false,3863
RV,4713_3915,FA/86,401,AR/86,469,85,108.5,false,3915
RV,3918_2720,AR/86,424,FA/86,492,153,108.5,false,3918
RV,2715_3919,FA/86,461,AR/86,529,30,108.5,false,3919
RV,3922_4724,AR/86,489,FA/86,567,64,108.5,false,3922
RV,4745_3947,FA/86,881,AR/86,949,165,108.5,false,3947
RV,3950,AR/86,909,FA/86,977,118,108.5,false,3950
RV,3951,FA/86,941,AR/86,1009,98,108.5,false,3951
RV,3954_4756,AR/86,969,FA/86,1037,161,108.5,false,3954
RV,3958_2760,AR/86,1029,FA/86,1097,75,108.5,false,3958
RV,4003,AB/86,358,ABL/86,368,3,5.5,false,4003
L,4007,AR/86,345,ABL/86,428,48,145.3,false,4007
L,11_4011,AR/86,405,ABL/86,488,125,145.3,false,4011
L,4014_14,AB/86,303,AR/86,372,74,139.8,false,4014
L,15_4015,AR/86,465,ABL/86,548,81,145.3,false,4015
L,4018_18,AB/86,363,AR/86,433,197,139.8,false,4018
L,19_4019,AR/86,525,ABL/86,608,63,145.3,false,4019
L,4022_22,ABL/86,406,AR/86,493,234,145.3,false,4022
L,23_4023,AR/86,585,ABL/86,668,49,145.3,false,4023
L,4026_26,ABL/86,466,AR/86,553,141,145.3,false,4026
L,27_4027,AR/86,645,ABL/86,728,65,145.3,false,4027
L,4030_30,ABL/86,526,AR/86,613,119,145.3,false,4030
L,31_4031,AR/86,705,ABL/86,788,80,145.3,false,4031
L,4034_34,ABL/86,586,AR/86,673,125,145.3,false,4034
L,35_4035,AR/86,765,ABL/86,848,72,145.3,false,4035
L,4038_38,ABL/86,646,AR/86,733,106,145.3,false,4038
L,39_4039,AR/86,825,ABL/86,908,141,145.3,false,4039
L,4042_42,ABL/86,706,AR/86,793,109,145.3,false,4042
L,43_4043,AR/86,885,ABL/86,968,169,145.3,false,4043
L,4046_46,ABL/86,766,AR/86,853,111,145.3,false,4046
L,47_4047,AR/86,945,ABL/86,1028,249,145.3,false,4047
L,4050_50,ABL/86,826,AR/86,913,123,145.3,false,4050
L,51_4051,AR/86,1005,ABL/86,1088,156,145.3,false,4051
L,4054_54,ABL/86,886,AR/86,973,169,145.3,false,4054
L,55_4055,AR/86,1065,AB/86,1133,111,139.8,false,4055
L,4058_58,ABL/86,946,AR/86,1033,160,145.3,false,4058
L,59_4059,AR/86,1125,AB/86,1193,90,139.8,false,4059
L,4062_62,ABL/86,1006,AR/86,1093,90,145.3,false,4062
L,63_4063,AR/86,1185,AB/86,1253,78,139.8,false,4063
L,4066_66,ABL/86,1066,AR/86,1153,56,145.3,false,4066
L,67_4067,AR/86,1245,AB/86,1313,87,139.8,false,4067
L,4070_70,ABL/86,1126,AR/86,1213,37,145.3,false,4070
L,4074_74,AB/86,1203,AR/86,1273,28,139.8,false,4074
IC,101_4101,AR/86,255,ABL/86,344,69,145.3,false,4101
IC,4105,AR/86,312,ABL/86,404,21,145.3,false,4105
IC,107_4107,AR/86,372,ABL/86,464,143,145.3,false,4107
IC,413_4113,AR/86,435,ABL/86,524,178,145.3,false,4113
IC,4116_416,AB/86,325,AR/86,403,137,139.8,false,4116
IC,417_4117,AR/86,495,ABL/86,584,88,145.3,false,4117
IC,4120_120,ABL/86,368,AR/86,463,377,145.3,false,4120
IC,421_4121,AR/86,555,ABL/86,644,47,145.3,false,4121
IC,4124_424,ABL/86,428,AR/86,523,233,145.3,false,4124
IC,125_4125,AR/86,615,ABL/86,704,77,145.3,false,4125
IC,4128_428,ABL/86,488,AR/86,583,110,145.3,false,4128
IC,429_4129,AR/86,675,ABL/86,764,70,145.3,false,4129
IC,4132_432,ABL/86,548,AR/86,643,92,145.3,false,4132
IC,433_4133,AR/86,735,ABL/86,824,106,145.3,false,4133
IC,4136_136,ABL/86,608,AR/86,703,105,145.3,false,4136
IC,437_4137,AR/86,795,ABL/86,884,127,145.3,false,4137
IC,4140_440,ABL/86,668,AR/86,763,103,145.3,false,4140
IC,141_4141,AR/86,855,ABL/86,944,150,145.3,false,4141
IC,4144_444,ABL/86,728,AR/86,823,99,145.3,false,4144
IC,445_4145,AR/86,915,ABL/86,1004,279,145.3,false,4145
IC,4148_448,ABL/86,788,AR/86,883,112,145.3,false,4148
IC,449_4149,AR/86,975,ABL/86,1064,302,145.3,false,4149
IC,4152_152,ABL/86,848,AR/86,943,108,145.3,false,4152
IC,453_4153,AR/86,1035,ABL/86,1124,161,145.3,false,4153
IC,4156_456,ABL/86,908,AR/86,1003,142,145.3,false,4156
IC,157_4157,AR/86,1095,ABL/86,1184,61,145.3,false,4157
IC,4160_460,ABL/86,968,AR/86,1063,113,145.3,false,4160
IC,461_4161,AR/86,1155,ABL/86,1244,55,145.3,false,4161
IC,4164_464,ABL/86,1028,AR/86,1123,94,145.3,false,4164
IC,465_4165,AR/86,1215,ABL/86,1304,55,145.3,false,4165
IC,4168_468,ABL/86,1088,AR/86,1183,26,145.3,false,4168
RV,4169,AB/86,1354,ABL/86,1364,1,5.5,false,4169
IC,4171,AR/86,1305,AB/86,1379,49,139.8,false,4171
IC,4172_474,ABL/86,1148,AR/86,1243,31,145.3,false,4172
IC,4175,AR/86,1365,AB/86,1439,25,139.8,false,4175
IC,4176_176,ABL/86,1208,AR/86,1303,63,145.3,false,4176
IC,4178_4180,ABL/86,1268,AB/86,1280,10,5.5,false,4178
IC,4179,AR/86,1425,AB/86,1499,11,139.8,false,4179
IC,4180,AB/86,1285,AR/86,1363,30,139.8,false,4180
IC,4184_484,ABL/86,1328,AR/86,1423,16,145.3,false,4184
IC,4190,ABL/86,1378,AR/86,1473,20,145.3,false,4190
IC,4192,AB/86,25,AR/86,103,4,139.8,false,4192
RØ,4202,NÆ/86,265,HG/86,392,106,136.9,true,4202
RØ,3802_4204,VO/86,310,HG/86,452,222,164.3,true,4204
RØ,4206,VO/86,370,HG/86,512,463,164.3,true,4206
RØ,3810_4210,NÆ/86,448,HG/86,572,520,136.9,true,4210
RØ,4214,NÆ/86,508,HG/86,632,265,136.9,true,4214
RØ,4218,NÆ/86,568,HG/86,692,128,136.9,true,4218
RØ,4219,HG/86,268,KH/86,323,60,46.2,true,4219
RØ,4222,NÆ/86,628,HG/86,752,133,136.9,true,4222
RØ,4223,HG/86,328,NÆ/86,452,106,136.9,true,4223
RØ,4226,NÆ/86,688,HG/86,812,154,136.9,true,4226
RØ,4227,HG/86,388,NÆ/86,512,473,136.9,true,4227
RØ,4230,NÆ/86,748,HG/86,872,137,136.9,true,4230
RØ,4231,HG/86,448,NÆ/86,572,413,136.9,true,4231
RØ,4234,NÆ/86,808,HG/86,932,192,136.9,true,4234
RØ,4235,HG/86,508,NÆ/86,632,296,136.9,true,4235
RØ,4238,NÆ/86,868,HG/86,992,352,136.9,true,4238
RØ,4239,HG/86,568,NÆ/86,692,139,136.9,true,4239
RØ,4242,NÆ/86,928,HG/86,1052,411,136.9,true,4242
RØ,4243,HG/86,628,NÆ/86,752,165,136.9,true,4243
RØ,4246,NÆ/86,988,HG/86,1112,208,136.9,true,4246
RØ,4247,HG/86,688,NÆ/86,812,150,136.9,true,4247
RØ,4250,NÆ/86,1048,HG/86,1172,110,136.9,true,4250
RØ,4251,HG/86,748,NÆ/86,872,181,136.9,true,4251
RØ,4254,RO/86,1147,HG/86,1232,83,77.5,true,4254
RØ,4255,HG/86,808,NÆ/86,932,306,136.9,true,4255
RØ,4258,RO/86,1207,HG/86,1292,133,77.5,true,4258
RØ,4259_3859,HG/86,868,NÆ/86,992,435,136.9,true,4259
RØ,4262,RO/86,1267,HG/86,1352,92,77.5,true,4262
RØ,4263_3863,HG/86,928,NÆ/86,1052,484,136.9,true,4263
RØ,4266,RO/86,1327,HG/86,1412,137,77.5,true,4266
RØ,4267,HG/86,988,NÆ/86,1112,349,136.9,true,4267
RØ,1570_4270,KH/86,1417,HG/86,1472,137,46.2,true,4270
RØ,4271,HG/86,1048,RO/86,1133,135,77.5,true,4271
RØ,4274,KH/86,37,HG/86,92,32,46.2,true,4274
RØ,4275,HG/86,1108,RO/86,1193,84,77.5,true,4275
RØ,4279,HG/86,1168,RO/86,1253,163,77.5,true,4279
RØ,4283,HG/86,1228,KH/86,1283,78,46.2,true,4283
RØ,4287,HG/86,1288,KH/86,1343,26,46.2,true,4287
RØ,4291_1591,HG/86,1348,KH/86,1403,36,46.2,true,4291
RØ,4402,NÆ/86,306,KH/86,373,81,79.2,true,4402
RØ,4406,NÆ/86,366,KH/86,433,253,79.2,true,4406
RØ,4410,NÆ/86,426,KH/86,493,307,79.2,true,4410
RØ,4812_4414,NÆ/86,486,KK/86,562,124,82.3,true,4414
RØ,4816_4418,NÆ/86,546,KK/86,622,85,82.3,true,4418
RØ,4421,KH/86,347,NÆ/86,412,28,79.2,true,4421
RØ,4820_4422,NÆ/86,606,KK/86,682,61,82.3,true,4422
RØ,3502_4425,KK/86,398,NÆ/86,472,74,82.3,true,4425
RØ,4824_4426,NÆ/86,666,KK/86,742,54,82.3,true,4426
RØ,3429_4429,KH/86,467,NÆ/86,532,66,79.2,true,4429
RØ,4828_4430,NÆ/86,726,KK/86,802,44,82.3,true,4430
RØ,3433_4433,KH/86,527,NÆ/86,592,39,79.2,true,4433
RØ,4434,NÆ/86,786,KH/86,853,58,79.2,true,4434
RØ,3437_4437,KH/86,587,NÆ/86,652,32,79.2,true,4437
RØ,4438,NÆ/86,846,KH/86,913,63,79.2,true,4438
RØ,4441,KK/86,638,NÆ/86,712,35,82.3,true,4441
RØ,4442,NÆ/86,906,KH/86,973,90,79.2,true,4442
RØ,4445,KK/86,698,NÆ/86,772,46,82.3,true,4445
RØ,4446,NÆ/86,966,KH/86,1033,79,79.2,true,4446
RØ,4449,KK/86,758,NÆ/86,832,59,82.3,true,4449
RØ,4450,NÆ/86,1026,KH/86,1093,54,79.2,true,4450
RØ,4453,KK/86,818,NÆ/86,892,93,82.3,true,4453
RØ,4852_4454,NÆ/86,1086,KK/86,1162,34,82.3,true,4454
RØ,4457,KK/86,878,NÆ/86,952,169,82.3,true,4457
RØ,4461,KH/86,947,NÆ/86,1012,209,79.2,true,4461
RØ,3465_4465,KH/86,1007,NÆ/86,1072,237,79.2,true,4465
RØ,3469_4469,KH/86,1067,NÆ/86,1132,93,79.2,true,4469
RØ,3473_4473,KH/86,1127,NÆ/86,1192,59,79.2,true,4473
RØ,4402_4500,KH/86,382,HG/86,437,26,46.2,true,4500
RØ,4504,HK/86,383,HG/86,497,314,113.3,true,4504
RØ,4508,HK/86,443,HG/86,557,507,113.3,true,4508
RØ,4512,HK/86,503,HG/86,617,259,113.3,true,4512
RØ,4516,HK/86,563,HG/86,677,144,113.3,true,4516
RØ,4520,HK/86,623,HG/86,737,126,113.3,true,4520
RØ,4521,KK/86,332,HK/86,397,50,70.2,true,4521
RØ,4524,HK/86,683,HG/86,797,135,113.3,true,4524
RØ,4525,HG/86,343,HK/86,457,108,113.3,true,4525
RØ,4528,HK/86,743,HG/86,857,147,113.3,true,4528
RØ,4529,HG/86,403,HK/86,517,324,113.3,true,4529
RØ,4532,HK/86,803,HG/86,917,169,113.3,true,4532
RØ,4533,HG/86,463,HK/86,577,475,113.3,true,4533
RØ,4536,HK/86,863,HG/86,977,267,113.3,true,4536
RØ,4537,HG/86,523,HK/86,637,148,113.3,true,4537
RØ,4540,HK/86,923,HG/86,1037,316,113.3,true,4540
RØ,4541,HG/86,583,HK/86,697,119,113.3,true,4541
RØ,4544,HK/86,983,HG/86,1097,194,113.3,true,4544
RØ,4545,HG/86,643,HK/86,757,137,113.3,true,4545
RØ,4548,HK/86,1043,HG/86,1157,121,113.3,true,4548
RØ,4549,HG/86,703,HK/86,817,138,113.3,true,4549
RØ,4552,HK/86,1103,HG/86,1217,100,113.3,true,4552
RØ,4553,HG/86,763,HK/86,877,182,113.3,true,4553
RØ,4556,HK/86,1163,HG/86,1277,118,113.3,true,4556
RØ,4557,HG/86,823,HK/86,937,216,113.3,true,4557
RØ,4560,HK/86,1223,HG/86,1337,95,113.3,true,4560
RØ,4561,HG/86,883,HK/86,997,340,113.3,true,4561
RØ,4565,HG/86,943,HK/86,1057,352,113.3,true,4565
RØ,4569,HG/86,1003,HK/86,1117,287,113.3,true,4569
RØ,4573,HG/86,1063,HK/86,1177,156,113.3,true,4573
RØ,4577,HG/86,1123,HK/86,1237,122,113.3,true,4577
RØ,4581,HG/86,1183,HK/86,1297,184,113.3,true,4581
RØ,4585,HG/86,1243,KH/86,1298,87,46.2,true,4585
RØ,4589,HG/86,1303,KH/86,1358,65,46.2,true,4589
RR,4708,FA/86,334,OD/86,376,57,60.3,true,4708
RV,4713_3915,OD/86,340,FA/86,386,17,60.3,true,4713
RR,4714,FA/86,422,OD/86,468,70,60.3,true,4714
RV,4716,FA/86,450,OD/86,496,45,60.3,true,4716
RV,4719_2921,OD/86,432,FA/86,477,29,60.3,true,4719
RV,4721,OD/86,460,FA/86,506,30,60.3,true,4721
RV,3922_4724,FA/86,570,OD/86,616,16,60.3,true,4724
RV,4729,OD/86,580,FA/86,626,10,60.3,true,4729
RV,4732,FA/86,690,OD/86,736,8,60.3,true,4732
RV,4737,OD/86,704,FA/86,750,15,60.3,true,4737
RV,4740,FA/86,810,OD/86,856,37,60.3,true,4740
RV,4745_3947,OD/86,820,FA/86,866,28,60.3,true,4745
RV,4748,FA/86,930,OD/86,976,31,60.3,true,4748
RV,4753,OD/86,943,FA/86,989,72,60.3,true,4753
RV,3954_4756,FA/86,1050,OD/86,1096,31,60.3,true,4756
RV,4761,OD/86,1063,FA/86,1109,24,60.3,true,4761
RV,4764,FA/86,1170,OD/86,1216,14,60.3,true,4764
RV,4769,OD/86,1180,FA/86,1226,40,60.3,true,4769
RV,4772,FA/86,1290,OD/86,1336,9,60.3,true,4772
RØ,4804,NF/86,307,NÆ/86,346,18,56.2,false,4804
RØ,4808_2208,NF/86,366,NÆ/86,405,16,56.2,false,4808
RØ,4812,NF/86,427,NÆ/86,466,29,56.2,false,4812
RØ,4816,NF/86,487,NÆ/86,526,25,56.2,false,4816
RØ,2217_4817,NÆ/86,373,NF/86,412,41,56.2,false,4817
RØ,4820,NF/86,547,NÆ/86,586,19,56.2,false,4820
RØ,2221_4821,NÆ/86,433,NF/86,472,32,56.2,false,4821
RØ,4824,NF/86,607,NÆ/86,646,15,56.2,false,4824
RØ,2225_4825,NÆ/86,493,NF/86,532,36,56.2,false,4825
RØ,4828,NF/86,667,NÆ/86,706,14,56.2,false,4828
RØ,2229_4829,NÆ/86,553,NF/86,592,33,56.2,false,4829
RØ,4832,NF/86,727,NÆ/86,766,23,56.2,false,4832
RØ,2233_4833,NÆ/86,613,NF/86,652,15,56.2,false,4833
RØ,4836,NF/86,787,NÆ/86,826,29,56.2,false,4836
RØ,2237_4837,NÆ/86,673,NF/86,712,15,56.2,false,4837
RØ,4840,NF/86,847,NÆ/86,886,42,56.2,false,4840
RØ,2241_4841,NÆ/86,733,NF/86,772,18,56.2,false,4841
RØ,4844,NF/86,907,NÆ/86,946,53,56.2,false,4844
RØ,2245_4845,NÆ/86,793,NF/86,832,22,56.2,false,4845
RØ,4848,NF/86,967,NÆ/86,1006,34,56.2,false,4848
RØ,2249_4849,NÆ/86,853,NF/86,892,38,56.2,false,4849
RØ,4852,NF/86,1027,NÆ/86,1066,21,56.2,false,4852
RØ,2253_4853,NÆ/86,913,NF/86,952,53,56.2,false,4853
RØ,4856_2256,NF/86,1087,NÆ/86,1126,13,56.2,false,4856
RØ,2257_4857,NÆ/86,973,NF/86,1012,48,56.2,false,4857
RØ,4860_2260,NF/86,1147,NÆ/86,1186,9,56.2,false,4860
RØ,2261_4861,NÆ/86,1033,NF/86,1072,25,56.2,false,4861
RØ,2265_4865,NÆ/86,1093,NF/86,1132,20,56.2,false,4865
RØ,2269_4869,NÆ/86,1153,NF/86,1192,24,56.2,false,4869
RØ,2273_4873,NÆ/86,1213,NF/86,1252,29,56.2,false,4873
RØ,4895,KH/86,10,NF/86,114,52,146.9,false,4895
IC,5750,FLB/80,365,FA/86,450,31,121.6,true,5750
IC,5751,FA/86,270,FLB/80,353,9,121.6,true,5751
IC,5752,FLB/80,485,FA/86,570,30,121.6,true,5752
IC,5753,FA/86,390,FLB/80,473,17,121.6,true,5753
IC,5754,FLB/80,605,FA/86,690,16,121.6,true,5754
IC,5755,FA/86,510,FLB/80,593,65,121.6,true,5755
IC,5756,FLB/80,723,FA/86,810,38,121.6,true,5756
IC,5757,FA/86,630,FLB/80,713,17,121.6,true,5757
IC,5758,FLB/80,845,FA/86,930,37,121.6,true,5758
IC,5759,FA/86,750,FLB/80,833,30,121.6,true,5759
IC,5760,FLB/80,965,FA/86,1050,21,121.6,true,5760
IC,5761,FA/86,870,FLB/80,953,49,121.6,true,5761
IC,5762,FLB/80,1085,FA/86,1170,15,121.6,true,5762
IC,5763,FA/86,990,FLB/80,1073,74,121.6,true,5763
IC,5764,FLB/80,1205,FA/86,1290,34,121.6,true,5764
IC,5765,FA/86,1110,FLB/80,1193,38,121.6,true,5765
IC,5766,FLB/80,1325,FA/86,1410,5,121.6,true,5766
IC,5767,FA/86,1230,FLB/80,1313,46,121.6,true,5767
M,6314,CPH/86,695,KH/86,709,0,11.8,true,6314
M,6320,CPH/86,768,HGL/86,799,0,17.0,true,6320
M,6322,KK/86,670,HGL/86,672,0,2.1,true,6322
M,6343,KH/86,730,CPH/86,744,0,11.8,true,6343
M,6348,KH/86,580,HGL/86,590,0,5.2,true,6348
M,6370,KK/86,1311,KH/86,1317,0,3.1,true,6370
M,6431,HGL/86,669,CPH/86,695,0,17.0,true,6431
M,6432,KH/86,815,CPH/86,828,0,11.8,true,6432
M,6459,HGL/86,754,KK/86,757,0,2.1,true,6459
M,7085,FA/86,1315,AR/86,1395,0,108.5,false,7085
M,7087,KD/86,83,FA/86,102,0,19.9,true,7087
M,7098,AR/86,145,FA/86,225,0,108.5,false,7098
M,9000,KH/86,300,HG/86,332,0,46.2,true,9000
M,9017,HGL/86,264,RO/86,299,0,36.5,true,9017
M,9024,KH/86,748,HG/86,801,0,46.2,true,9024
M,9043,HG/86,633,KK/86,684,0,43.1,true,9043
M,9111,NÆ/86,281,VO/86,295,0,27.4,true,9111
M,9113,VO/86,314,NF/86,329,0,28.8,false,9113
M,9115,NÆ/86,341,VO/86,355,0,27.4,true,9115
M,9163,RO/86,1008,NÆ/86,1040,0,59.4,true,9163
M,9176,RO/86,60,KK/86,92,0,34.4,true,9176
M,9179,SG/86,1279,OD/86,1312,0,67.4,true,9179
M,9300,CPH/86,192,KH/86,205,0,11.8,true,9300
M,9301,KH/86,75,CPH/86,88,0,11.8,true,9301
M,9302,CPH/86,222,KH/86,235,0,11.8,true,9302
M,9303,KH/86,85,CPH/86,97,0,11.8,true,9303
M,9323,KH/86,382,CPH/86,396,0,11.8,true,9323
M,9360,CPH/86,1243,KH/86,1256,0,11.8,true,9360
M,9362,CPH/86,1239,KH/86,1252,0,11.8,true,9362
M,9387,KH/86,1321,CPH/86,1334,0,11.8,true,9387
M,9676,KH/86,64,KK/86,70,0,3.1,true,9676
M,9700,KH/86,373,HGL/86,382,0,5.2,true,9700
M,9701,HGL/86,76,CPH/86,101,0,17.0,true,9701
M,9702,CPH/86,369,HGL/86,397,0,17.0,true,9702
M,9720,KK/86,692,HGL/86,696,0,2.1,true,9720
M,9730,KH/86,820,HGL/86,830,0,5.2,true,9730
M,9782,CPH/86,152,HGL/86,179,0,17.0,true,9782
M,9783,HGL/86,1267,KH/86,1277,0,5.2,true,9783
M,9784,CPH/86,170,HGL/86,192,0,17.0,true,9784
M,9785,HGL/86,1297,CPH/86,1326,0,17.0,true,9785
M,9795,HGL/86,9,KH/86,20,0,5.2,true,9795
M,9797,HGL/86,39,CPH/86,64,0,17.0,true,9797
M,12191,HGL/86,296,KH/86,308,0,5.2,true,12191
M,12196,KH/86,1003,HGL/86,1015,0,5.2,true,12196
M,12198,KH/86,703,HGL/86,715,0,5.2,true,12198
M,12199,HGL/86,1085,KH/86,1097,0,5.2,true,12199
M,12392,KH/86,1421,HGL/86,1431,0,5.2,true,12392
M,12393,HGL/86,471,KH/86,485,0,5.2,true,12393
M,12394,KH/86,1183,HGL/86,1193,0,5.2,true,12394
M,12395,HGL/86,725,KH/86,737,0,5.2,true,12395
M,12396,KH/86,943,HGL/86,953,0,5.2,true,12396
M,12397,HGL/86,844,KH/86,857,0,5.2,true,12397
M,12398,KH/86,823,HGL/86,835,0,5.2,true,12398
M,12399,HGL/86,949,KH/86,962,0,5.2,true,12399
IC,80108,FA/86,356,HGL/86,505,445,225.8,true,80108
IC,80169_469,HGL/86,1055,FA/86,1202,194,225.8,true,80169
M,940387,AA/80,285,HMB/80,294,0,6.9,true,940387
M,940397,HMB/80,1164,AA/80,1177,0,6.9,true,940397
