TrainId,FromStation,ConnectionStation,ToStation,ArrivalAtConnection,DepartureFromConnection
6,Start,AR/86,VJ/86,254,254
6,AR/86,VJ/86,FA/86,304,306
6,VJ/86,FA/86,CPH/86,321,327
6,FA/86,CPH/86,End,452,452
10,Start,AR/86,VJ/86,320,320
10,AR/86,VJ/86,FA/86,364,366
10,VJ/86,FA/86,CPH/86,381,387
10,FA/86,CPH/86,End,512,512
11,Start,OD/86,FA/86,303,303
11,OD/86,FA/86,VJ/86,334,338
11,FA/86,VJ/86,AR/86,351,353
11,VJ/86,AR/86,End,398,398
14,Start,AR/86,VJ/86,380,380
14,AR/86,VJ/86,FA/86,424,426
14,VJ/86,FA/86,CPH/86,441,447
14,FA/86,CPH/86,End,572,572
15,Start,OD/86,FA/86,366,366
15,OD/86,FA/86,VJ/86,394,396
15,FA/86,VJ/86,AR/86,409,411
15,VJ/86,AR/86,End,455,455
18,Start,AR/86,VJ/86,440,440
18,AR/86,VJ/86,FA/86,484,486
18,VJ/86,FA/86,CPH/86,501,507
18,FA/86,CPH/86,End,632,632
19,Start,CPH/86,FA/86,326,326
19,CPH/86,FA/86,VJ/86,454,458
19,FA/86,VJ/86,AR/86,471,473
19,VJ/86,AR/86,End,518,518
22,Start,AR/86,VJ/86,500,500
22,AR/86,VJ/86,FA/86,544,546
22,VJ/86,FA/86,CPH/86,561,567
22,FA/86,CPH/86,End,692,692
23,Start,CPH/86,FA/86,386,386
23,CPH/86,FA/86,VJ/86,514,518
23,FA/86,VJ/86,AR/86,531,533
23,VJ/86,AR/86,End,578,578
26,Start,AR/86,VJ/86,560,560
26,AR/86,VJ/86,FA/86,604,606
26,VJ/86,FA/86,CPH/86,621,627
26,FA/86,CPH/86,End,752,752
27,Start,CPH/86,FA/86,446,446
27,CPH/86,FA/86,VJ/86,574,578
27,FA/86,VJ/86,AR/86,591,593
27,VJ/86,AR/86,End,638,638
30,Start,AR/86,VJ/86,620,620
30,AR/86,VJ/86,FA/86,664,666
30,VJ/86,FA/86,CPH/86,681,687
30,FA/86,CPH/86,End,812,812
31,Start,CPH/86,FA/86,506,506
31,CPH/86,FA/86,VJ/86,634,638
31,FA/86,VJ/86,AR/86,651,653
31,VJ/86,AR/86,End,698,698
34,Start,AR/86,VJ/86,680,680
34,AR/86,VJ/86,FA/86,724,726
34,VJ/86,FA/86,CPH/86,741,747
34,FA/86,CPH/86,End,872,872
35,Start,CPH/86,FA/86,566,566
35,CPH/86,FA/86,VJ/86,694,698
35,FA/86,VJ/86,AR/86,711,713
35,VJ/86,AR/86,End,758,758
38,Start,AR/86,VJ/86,740,740
38,AR/86,VJ/86,FA/86,784,786
38,VJ/86,FA/86,CPH/86,801,807
38,FA/86,CPH/86,End,932,932
39,Start,CPH/86,FA/86,626,626
39,CPH/86,FA/86,VJ/86,754,758
39,FA/86,VJ/86,AR/86,771,773
39,VJ/86,AR/86,End,818,818
42,Start,AR/86,VJ/86,800,800
42,AR/86,VJ/86,FA/86,844,846
42,VJ/86,FA/86,CPH/86,861,867
42,FA/86,CPH/86,End,992,992
43,Start,CPH/86,FA/86,686,686
43,CPH/86,FA/86,VJ/86,814,818
43,FA/86,VJ/86,AR/86,831,833
43,VJ/86,AR/86,End,878,878
46,Start,AR/86,VJ/86,860,860
46,AR/86,VJ/86,FA/86,904,906
46,VJ/86,FA/86,CPH/86,921,927
46,FA/86,CPH/86,End,1052,1052
47,Start,CPH/86,FA/86,746,746
47,CPH/86,FA/86,VJ/86,874,878
47,FA/86,VJ/86,AR/86,891,893
47,VJ/86,AR/86,End,938,938
50,Start,AR/86,VJ/86,920,920
50,AR/86,VJ/86,FA/86,964,966
50,VJ/86,FA/86,CPH/86,981,987
50,FA/86,CPH/86,End,1112,1112
51,Start,CPH/86,FA/86,806,806
51,CPH/86,FA/86,VJ/86,934,938
51,FA/86,VJ/86,AR/86,951,953
51,VJ/86,AR/86,End,998,998
54,Start,AR/86,VJ/86,980,980
54,AR/86,VJ/86,FA/86,1024,1026
54,VJ/86,FA/86,CPH/86,1041,1047
54,FA/86,CPH/86,End,1172,1172
55,Start,CPH/86,FA/86,866,866
55,CPH/86,FA/86,VJ/86,994,998
55,FA/86,VJ/86,AR/86,1011,1013
55,VJ/86,AR/86,End,1058,1058
58,Start,AR/86,VJ/86,1040,1040
58,AR/86,VJ/86,FA/86,1084,1086
58,VJ/86,FA/86,CPH/86,1101,1107
58,FA/86,CPH/86,End,1232,1232
59,Start,CPH/86,FA/86,926,926
59,CPH/86,FA/86,VJ/86,1054,1058
59,FA/86,VJ/86,AR/86,1071,1073
59,VJ/86,AR/86,End,1118,1118
62,Start,AR/86,VJ/86,1100,1100
62,AR/86,VJ/86,FA/86,1144,1146
62,VJ/86,FA/86,CPH/86,1161,1167
62,FA/86,CPH/86,End,1292,1292
63,Start,CPH/86,FA/86,986,986
63,CPH/86,FA/86,VJ/86,1114,1118
63,FA/86,VJ/86,AR/86,1131,1133
63,VJ/86,AR/86,End,1178,1178
66,Start,AR/86,VJ/86,1160,1160
66,AR/86,VJ/86,FA/86,1204,1206
66,VJ/86,FA/86,CPH/86,1221,1227
66,FA/86,CPH/86,End,1352,1352
67,Start,CPH/86,FA/86,1047,1047
67,CPH/86,FA/86,VJ/86,1174,1178
67,FA/86,VJ/86,AR/86,1191,1193
67,VJ/86,AR/86,End,1238,1238
70,Start,AR/86,VJ/86,1220,1220
70,AR/86,VJ/86,FA/86,1264,1266
70,VJ/86,FA/86,CPH/86,1281,1287
70,FA/86,CPH/86,End,1412,1412
71,Start,CPH/86,FA/86,1106,1106
71,CPH/86,FA/86,VJ/86,1234,1238
71,FA/86,VJ/86,AR/86,1251,1253
71,VJ/86,AR/86,End,1298,1298
74,Start,AR/86,VJ/86,1280,1280
74,AR/86,VJ/86,FA/86,1324,1326
74,VJ/86,FA/86,End,1341,1341
75,Start,CPH/86,FA/86,1166,1166
75,CPH/86,FA/86,VJ/86,1294,1298
75,FA/86,VJ/86,AR/86,1311,1313
75,VJ/86,AR/86,End,1358,1358
79,Start,CPH/86,FA/86,1226,1226
79,CPH/86,FA/86,VJ/86,1354,1358
79,FA/86,VJ/86,AR/86,1371,1373
79,VJ/86,AR/86,End,1418,1418
100,Start,OD/86,KK/86,249,249
100,OD/86,KK/86,End,361,361
101,Start,KH/86,FA/86,35,35
101,KH/86,FA/86,AR/86,177,183
101,FA/86,AR/86,End,248,248
104,Start,FA/86,KK/86,296,296
104,FA/86,KK/86,End,439,439
107,Start,KH/86,FA/86,155,155
107,KH/86,FA/86,AR/86,295,305
107,FA/86,AR/86,End,365,365
112,Start,FA/86,HGL/86,416,416
112,FA/86,HGL/86,End,565,565
113,Start,KH/86,FA/86,230,230
113,KH/86,FA/86,End,362,362
116,Start,FA/86,HGL/86,476,476
116,FA/86,HGL/86,End,625,625
117,Start,KH/86,FA/86,290,290
117,KH/86,FA/86,End,422,422
120,Start,AR/86,FA/86,470,470
120,AR/86,FA/86,KK/86,531,536
120,FA/86,KK/86,End,679,679
121,Start,KH/86,FA/86,350,350
121,KH/86,FA/86,End,482,482
124,Start,FA/86,KH/86,596,596
124,FA/86,KH/86,End,730,730
125,Start,KK/86,FA/86,401,401
125,KK/86,FA/86,AR/86,542,549
125,FA/86,AR/86,End,608,608
128,Start,FA/86,KK/86,656,656
128,FA/86,KK/86,End,799,799
129,Start,KK/86,FA/86,461,461
129,KK/86,FA/86,End,602,602
132,Start,FA/86,HGL/86,716,716
132,FA/86,HGL/86,End,869,869
133,Start,HGL/86,FA/86,515,515
133,HGL/86,FA/86,End,662,662
136,Start,AR/86,FA/86,710,710
136,AR/86,FA/86,HGL/86,771,776
136,FA/86,HGL/86,End,929,929
137,Start,KH/86,FA/86,590,590
137,KH/86,FA/86,End,722,722
140,Start,FA/86,KK/86,836,836
140,FA/86,KK/86,End,979,979
141,Start,KH/86,FA/86,650,650
141,KH/86,FA/86,AR/86,782,789
141,FA/86,AR/86,End,848,848
144,Start,FA/86,HGL/86,896,896
144,FA/86,HGL/86,End,1049,1049
145,Start,KK/86,FA/86,701,701
145,KK/86,FA/86,End,842,842
148,Start,FA/86,KK/86,956,956
148,FA/86,KK/86,End,1099,1099
149,Start,KK/86,FA/86,761,761
149,KK/86,FA/86,End,902,902
152,Start,AR/86,FA/86,950,950
152,AR/86,FA/86,KH/86,1011,1016
152,FA/86,KH/86,End,1150,1150
153,Start,KK/86,FA/86,821,821
153,KK/86,FA/86,End,962,962
156,Start,FA/86,KK/86,1076,1076
156,FA/86,KK/86,End,1219,1219
157,Start,HGL/86,FA/86,874,874
157,HGL/86,FA/86,AR/86,1022,1029
157,FA/86,AR/86,End,1088,1088
160,Start,FA/86,KH/86,1136,1136
160,FA/86,KH/86,End,1270,1270
161,Start,HGL/86,FA/86,934,934
161,HGL/86,FA/86,End,1082,1082
164,Start,FA/86,KH/86,1196,1196
164,FA/86,KH/86,End,1330,1330
165,Start,KK/86,FA/86,1001,1001
165,KK/86,FA/86,End,1142,1142
168,Start,FA/86,KH/86,1256,1256
168,FA/86,KH/86,End,1390,1390
172,Start,FA/86,KH/86,1316,1316
172,FA/86,KH/86,End,1450,1450
173,Start,KK/86,FA/86,1121,1121
173,KK/86,FA/86,End,1262,1262
176,Start,AR/86,FA/86,1310,1310
176,AR/86,FA/86,KH/86,1371,1376
176,FA/86,KH/86,End,1510,1510
177,Start,HGL/86,FA/86,1174,1174
177,HGL/86,FA/86,End,1322,1322
181,Start,KH/86,FA/86,1250,1250
181,KH/86,FA/86,AR/86,1382,1388
181,FA/86,AR/86,End,1458,1458
182,Start,AR/86,FA/86,1370,1370
182,AR/86,FA/86,KH/86,1431,1436
182,FA/86,KH/86,End,1585,1585
185,Start,KH/86,OD/86,1310,1310
185,KH/86,OD/86,End,1408,1408
190,Start,AR/86,FA/86,40,40
190,AR/86,FA/86,KH/86,111,116
190,FA/86,KH/86,End,265,265
191,Start,KH/86,FA/86,1370,1370
191,KH/86,FA/86,AR/86,1502,1508
191,FA/86,AR/86,End,1578,1578
193,Start,KH/86,OD/86,1430,1430
193,KH/86,OD/86,End,1528,1528
200,Start,RO/86,CPH/86,320,320
200,RO/86,CPH/86,End,354,354
202,Start,OD/86,CPH/86,307,307
202,OD/86,CPH/86,End,414,414
206,Start,OD/86,CPH/86,369,369
206,OD/86,CPH/86,End,474,474
208,Start,OD/86,CPH/86,429,429
208,OD/86,CPH/86,End,534,534
214,Start,OD/86,CPH/86,490,490
214,OD/86,CPH/86,End,594,594
218,Start,SG/86,CPH/86,584,584
218,SG/86,CPH/86,End,654,654
222,Start,SG/86,CPH/86,644,644
222,SG/86,CPH/86,End,714,714
223,Start,CPH/86,OD/86,365,365
223,CPH/86,OD/86,End,468,468
226,Start,SG/86,CPH/86,704,704
226,SG/86,CPH/86,End,774,774
227,Start,CPH/86,OD/86,425,425
227,CPH/86,OD/86,End,530,530
230,Start,SG/86,CPH/86,764,764
230,SG/86,CPH/86,End,834,834
231,Start,CPH/86,SG/86,485,485
231,CPH/86,SG/86,End,555,555
234,Start,SG/86,CPH/86,824,824
234,SG/86,CPH/86,End,894,894
235,Start,CPH/86,SG/86,545,545
235,CPH/86,SG/86,End,615,615
238,Start,OD/86,CPH/86,849,849
238,OD/86,CPH/86,End,954,954
239,Start,CPH/86,SG/86,605,605
239,CPH/86,SG/86,End,675,675
242,Start,OD/86,CPH/86,909,909
242,OD/86,CPH/86,End,1014,1014
243,Start,CPH/86,SG/86,665,665
243,CPH/86,SG/86,End,735,735
246,Start,OD/86,CPH/86,969,969
246,OD/86,CPH/86,End,1074,1074
247,Start,CPH/86,SG/86,725,725
247,CPH/86,SG/86,End,795,795
250,Start,OD/86,CPH/86,1029,1029
250,OD/86,CPH/86,End,1134,1134
251,Start,CPH/86,OD/86,785,785
251,CPH/86,OD/86,End,890,890
254,Start,SG/86,CPH/86,1124,1124
254,SG/86,CPH/86,End,1194,1194
255,Start,CPH/86,OD/86,845,845
255,CPH/86,OD/86,End,950,950
258,Start,SG/86,CPH/86,1184,1184
258,SG/86,CPH/86,End,1254,1254
259,Start,CPH/86,OD/86,905,905
259,CPH/86,OD/86,End,1010,1010
262,Start,SG/86,CPH/86,1244,1244
262,SG/86,CPH/86,End,1314,1314
263,Start,CPH/86,OD/86,965,965
263,CPH/86,OD/86,End,1070,1070
266,Start,RO/86,CPH/86,1340,1340
266,RO/86,CPH/86,End,1374,1374
267,Start,CPH/86,SG/86,1025,1025
267,CPH/86,SG/86,End,1095,1095
270,Start,RO/86,CPH/86,1400,1400
270,RO/86,CPH/86,End,1434,1434
271,Start,CPH/86,SG/86,1085,1085
271,CPH/86,SG/86,End,1155,1155
274,Start,RO/86,CPH/86,20,20
274,RO/86,CPH/86,End,54,54
275,Start,CPH/86,SG/86,1145,1145
275,CPH/86,SG/86,End,1215,1215
279,Start,CPH/86,SG/86,1205,1205
279,CPH/86,SG/86,End,1275,1275
283,Start,CPH/86,RO/86,1265,1265
283,CPH/86,RO/86,End,1299,1299
287,Start,CPH/86,RO/86,1325,1325
287,CPH/86,RO/86,End,1359,1359
291,Start,CPH/86,RO/86,1385,1385
291,CPH/86,RO/86,End,1419,1419
295,Start,CPH/86,RO/86,5,5
295,CPH/86,RO/86,End,39,39
392,Start,HMB/80,KH/86,1130,1130
392,HMB/80,KH/86,End,1417,1417
393,Start,KH/86,HMB/80,502,502
393,KH/86,HMB/80,End,786,786
394,Start,HMB/80,KH/86,893,893
394,HMB/80,KH/86,End,1178,1178
395,Start,KH/86,HMB/80,742,742
395,KH/86,HMB/80,End,1024,1024
396,Start,HMB/80,KH/86,653,653
396,HMB/80,KH/86,End,938,938
397,Start,KH/86,HMB/80,862,862
397,KH/86,HMB/80,End,1144,1144
398,Start,HMB/80,KH/86,535,535
398,HMB/80,KH/86,End,818,818
399,Start,KH/86,HMB/80,982,982
399,KH/86,HMB/80,End,1264,1264
412,Start,AR/86,FA/86,350,350
412,AR/86,FA/86,End,409,409
413,Start,FA/86,AR/86,369,369
413,FA/86,AR/86,End,428,428
416,Start,AR/86,FA/86,410,410
416,AR/86,FA/86,End,469,469
417,Start,FA/86,AR/86,429,429
417,FA/86,AR/86,End,488,488
421,Start,FA/86,AR/86,489,489
421,FA/86,AR/86,End,548,548
424,Start,AR/86,FA/86,530,530
424,AR/86,FA/86,End,589,589
428,Start,AR/86,FA/86,590,590
428,AR/86,FA/86,End,649,649
429,Start,FA/86,AR/86,609,609
429,FA/86,AR/86,End,668,668
432,Start,AR/86,FA/86,650,650
432,AR/86,FA/86,End,709,709
433,Start,FA/86,AR/86,669,669
433,FA/86,AR/86,End,728,728
437,Start,FA/86,AR/86,729,729
437,FA/86,AR/86,End,788,788
440,Start,AR/86,FA/86,770,770
440,AR/86,FA/86,End,829,829
444,Start,AR/86,FA/86,830,830
444,AR/86,FA/86,End,889,889
445,Start,FA/86,AR/86,849,849
445,FA/86,AR/86,End,908,908
448,Start,AR/86,FA/86,890,890
448,AR/86,FA/86,End,949,949
449,Start,FA/86,AR/86,909,909
449,FA/86,AR/86,End,968,968
453,Start,FA/86,AR/86,969,969
453,FA/86,AR/86,End,1028,1028
456,Start,AR/86,FA/86,1010,1010
456,AR/86,FA/86,End,1069,1069
460,Start,AR/86,FA/86,1070,1070
460,AR/86,FA/86,End,1129,1129
461,Start,FA/86,AR/86,1089,1089
461,FA/86,AR/86,End,1148,1148
464,Start,AR/86,FA/86,1130,1130
464,AR/86,FA/86,End,1189,1189
465,Start,FA/86,AR/86,1149,1149
465,FA/86,AR/86,End,1208,1208
468,Start,AR/86,FA/86,1190,1190
468,AR/86,FA/86,End,1249,1249
469,Start,FA/86,AR/86,1209,1209
469,FA/86,AR/86,End,1268,1268
471,Start,FA/86,AR/86,1269,1269
471,FA/86,AR/86,End,1328,1328
474,Start,AR/86,FA/86,1250,1250
474,AR/86,FA/86,End,1309,1309
477,Start,FA/86,AR/86,1329,1329
477,FA/86,AR/86,End,1400,1400
484,Start,AR/86,KD/86,1430,1430
484,AR/86,KD/86,End,1513,1513
485,Start,FA/86,AR/86,9,9
485,FA/86,AR/86,End,80,80
608,Start,OD/86,KH/86,379,379
608,OD/86,KH/86,End,458,458
649,Start,KH/86,FA/86,802,802
649,KH/86,FA/86,End,907,907
659,Start,KH/86,FA/86,922,922
659,KH/86,FA/86,End,1027,1027
722,Start,STR/86,FA/86,424,424
722,STR/86,FA/86,End,554,554
723,Start,FA/86,STR/86,523,523
723,FA/86,STR/86,End,648,648
731,Start,FA/86,STR/86,643,643
731,FA/86,STR/86,End,768,768
738,Start,STR/86,FA/86,664,664
738,STR/86,FA/86,End,794,794
746,Start,STR/86,FA/86,784,784
746,STR/86,FA/86,End,914,914
747,Start,VJ/86,STR/86,899,899
747,VJ/86,STR/86,End,1008,1008
762,Start,STR/86,FA/86,1024,1024
762,STR/86,FA/86,End,1154,1154
763,Start,FA/86,STR/86,1123,1123
763,FA/86,STR/86,End,1248,1248
802,Start,OD/86,HGL/86,300,300
802,OD/86,HGL/86,End,403,403
806,Start,ES/86,OD/86,272,272
806,ES/86,OD/86,HGL/86,352,360
806,OD/86,HGL/86,End,463,463
810,Start,ES/86,OD/86,332,332
810,ES/86,OD/86,HGL/86,412,420
810,OD/86,HGL/86,End,523,523
814,Start,ES/86,OD/86,392,392
814,ES/86,OD/86,HGL/86,472,480
814,OD/86,HGL/86,End,583,583
815,Start,OD/86,ES/86,369,369
815,OD/86,ES/86,End,456,456
818,Start,ES/86,OD/86,451,451
818,ES/86,OD/86,HGL/86,532,540
818,OD/86,HGL/86,End,643,643
819,Start,HGL/86,OD/86,316,316
819,HGL/86,OD/86,ES/86,420,429
819,OD/86,ES/86,End,506,506
822,Start,ES/86,OD/86,511,511
822,ES/86,OD/86,KK/86,592,600
822,OD/86,KK/86,End,697,697
823,Start,KK/86,OD/86,383,383
823,KK/86,OD/86,ES/86,480,489
823,OD/86,ES/86,End,566,566
826,Start,ES/86,OD/86,572,572
826,ES/86,OD/86,HGL/86,652,660
826,OD/86,HGL/86,End,763,763
827,Start,HGL/86,OD/86,436,436
827,HGL/86,OD/86,ES/86,540,549
827,OD/86,ES/86,End,626,626
830,Start,ES/86,OD/86,632,632
830,ES/86,OD/86,HGL/86,712,720
830,OD/86,HGL/86,End,823,823
831,Start,HGL/86,OD/86,496,496
831,HGL/86,OD/86,ES/86,600,609
831,OD/86,ES/86,End,686,686
834,Start,ES/86,OD/86,692,692
834,ES/86,OD/86,HGL/86,772,780
834,OD/86,HGL/86,End,883,883
835,Start,HGL/86,OD/86,556,556
835,HGL/86,OD/86,ES/86,660,669
835,OD/86,ES/86,End,746,746
838,Start,ES/86,OD/86,752,752
838,ES/86,OD/86,HGL/86,832,840
838,OD/86,HGL/86,End,943,943
839,Start,KK/86,OD/86,623,623
839,KK/86,OD/86,ES/86,720,729
839,OD/86,ES/86,End,806,806
842,Start,ES/86,OD/86,812,812
842,ES/86,OD/86,HGL/86,892,900
842,OD/86,HGL/86,End,1003,1003
843,Start,HGL/86,OD/86,676,676
843,HGL/86,OD/86,ES/86,780,789
843,OD/86,ES/86,End,866,866
846,Start,ES/86,OD/86,872,872
846,ES/86,OD/86,HGL/86,952,960
846,OD/86,HGL/86,End,1063,1063
847,Start,HGL/86,OD/86,736,736
847,HGL/86,OD/86,ES/86,840,849
847,OD/86,ES/86,End,926,926
850,Start,ES/86,OD/86,932,932
850,ES/86,OD/86,HGL/86,1012,1020
850,OD/86,HGL/86,End,1123,1123
851,Start,HGL/86,OD/86,796,796
851,HGL/86,OD/86,ES/86,900,909
851,OD/86,ES/86,End,986,986
854,Start,ES/86,OD/86,992,992
854,ES/86,OD/86,HGL/86,1072,1080
854,OD/86,HGL/86,End,1183,1183
855,Start,HGL/86,OD/86,856,856
855,HGL/86,OD/86,ES/86,960,969
855,OD/86,ES/86,End,1046,1046
858,Start,ES/86,OD/86,1052,1052
858,ES/86,OD/86,HGL/86,1132,1140
858,OD/86,HGL/86,End,1243,1243
859,Start,HGL/86,OD/86,916,916
859,HGL/86,OD/86,ES/86,1020,1029
859,OD/86,ES/86,End,1106,1106
862,Start,ES/86,OD/86,1112,1112
862,ES/86,OD/86,KK/86,1192,1200
862,OD/86,KK/86,End,1297,1297
863,Start,HGL/86,OD/86,976,976
863,HGL/86,OD/86,ES/86,1080,1089
863,OD/86,ES/86,End,1166,1166
866,Start,ES/86,OD/86,1172,1172
866,ES/86,OD/86,KK/86,1252,1260
866,OD/86,KK/86,End,1360,1360
867,Start,HGL/86,OD/86,1036,1036
867,HGL/86,OD/86,ES/86,1140,1149
867,OD/86,ES/86,End,1226,1226
871,Start,HGL/86,OD/86,1096,1096
871,HGL/86,OD/86,ES/86,1200,1209
871,OD/86,ES/86,End,1286,1286
875,Start,HGL/86,OD/86,1156,1156
875,HGL/86,OD/86,ES/86,1260,1269
875,OD/86,ES/86,End,1346,1346
879,Start,HGL/86,OD/86,1216,1216
879,HGL/86,OD/86,End,1320,1320
883,Start,HGL/86,OD/86,1276,1276
883,HGL/86,OD/86,End,1380,1380
910,Start,SDB/86,FA/86,284,284
910,SDB/86,FA/86,End,377,377
911,Start,FA/86,SDB/86,341,341
911,FA/86,SDB/86,End,432,432
918,Start,SDB/86,FA/86,404,404
918,SDB/86,FA/86,End,497,497
919,Start,FA/86,SDB/86,461,461
919,FA/86,SDB/86,End,552,552
926,Start,SDB/86,FA/86,524,524
926,SDB/86,FA/86,End,617,617
927,Start,FA/86,SDB/86,581,581
927,FA/86,SDB/86,End,672,672
934,Start,SDB/86,FA/86,644,644
934,SDB/86,FA/86,End,737,737
935,Start,FA/86,SDB/86,701,701
935,FA/86,SDB/86,End,792,792
942,Start,SDB/86,FA/86,764,764
942,SDB/86,FA/86,End,857,857
943,Start,FA/86,SDB/86,821,821
943,FA/86,SDB/86,End,912,912
950,Start,SDB/86,FA/86,884,884
950,SDB/86,FA/86,End,977,977
951,Start,FA/86,SDB/86,941,941
951,FA/86,SDB/86,End,1032,1032
958,Start,SDB/86,FA/86,1004,1004
958,SDB/86,FA/86,End,1097,1097
959,Start,FA/86,SDB/86,1061,1061
959,FA/86,SDB/86,End,1152,1152
966,Start,SDB/86,FA/86,1124,1124
966,SDB/86,FA/86,End,1217,1217
967,Start,FA/86,SDB/86,1181,1181
967,FA/86,SDB/86,End,1272,1272
974,Start,SDB/86,FA/86,1244,1244
974,SDB/86,FA/86,End,1337,1337
975,Start,FA/86,SDB/86,1301,1301
975,FA/86,SDB/86,End,1392,1392
982,Start,SDB/86,FA/86,1364,1364
982,SDB/86,FA/86,End,1457,1457
983,Start,FA/86,SDB/86,1436,1436
983,FA/86,SDB/86,End,1527,1527
1191,Start,KH/86,PA/86,322,322
1191,KH/86,PA/86,HMB/80,477,482
1191,PA/86,HMB/80,End,604,604
1196,Start,HMB/80,PA/86,712,712
1196,HMB/80,PA/86,KH/86,833,843
1196,PA/86,KH/86,End,998,998
1198,Start,HMB/80,PA/86,410,410
1198,HMB/80,PA/86,KH/86,534,543
1198,PA/86,KH/86,End,698,698
1199,Start,KH/86,PA/86,1102,1102
1199,KH/86,PA/86,HMB/80,1257,1262
1199,PA/86,HMB/80,End,1384,1384
1204,Start,NF/86,KH/86,338,338
1204,NF/86,KH/86,End,415,415
1208,Start,NF/86,KH/86,398,398
1208,NF/86,KH/86,End,475,475
1212,Start,NF/86,KH/86,458,458
1212,NF/86,KH/86,End,535,535
1216,Start,NF/86,KH/86,518,518
1216,NF/86,KH/86,End,595,595
1220,Start,NF/86,KH/86,578,578
1220,NF/86,KH/86,End,655,655
1221,Start,KH/86,NF/86,364,364
1221,KH/86,NF/86,End,449,449
1224,Start,NF/86,KH/86,638,638
1224,NF/86,KH/86,End,715,715
1225,Start,KH/86,NF/86,428,428
1225,KH/86,NF/86,End,503,503
1228,Start,NF/86,KH/86,698,698
1228,NF/86,KH/86,End,775,775
1229,Start,KH/86,NF/86,488,488
1229,KH/86,NF/86,End,563,563
1232,Start,NF/86,KH/86,758,758
1232,NF/86,KH/86,End,835,835
1233,Start,KH/86,NF/86,548,548
1233,KH/86,NF/86,End,623,623
1236,Start,NF/86,KH/86,818,818
1236,NF/86,KH/86,End,895,895
1237,Start,KH/86,NF/86,608,608
1237,KH/86,NF/86,End,683,683
1240,Start,NF/86,KH/86,878,878
1240,NF/86,KH/86,End,955,955
1241,Start,KH/86,NF/86,668,668
1241,KH/86,NF/86,End,743,743
1244,Start,NF/86,KH/86,938,938
1244,NF/86,KH/86,End,1015,1015
1245,Start,KH/86,NF/86,728,728
1245,KH/86,NF/86,End,803,803
1248,Start,NF/86,KH/86,998,998
1248,NF/86,KH/86,End,1075,1075
1249,Start,KH/86,NF/86,788,788
1249,KH/86,NF/86,End,863,863
1252,Start,NF/86,KH/86,1058,1058
1252,NF/86,KH/86,End,1135,1135
1253,Start,KH/86,NF/86,848,848
1253,KH/86,NF/86,End,923,923
1256,Start,NF/86,KH/86,1118,1118
1256,NF/86,KH/86,End,1195,1195
1257,Start,KH/86,NF/86,908,908
1257,KH/86,NF/86,End,983,983
1260,Start,NF/86,KH/86,1178,1178
1260,NF/86,KH/86,End,1255,1255
1261,Start,KH/86,NF/86,968,968
1261,KH/86,NF/86,End,1043,1043
1264,Start,NF/86,KH/86,1229,1229
1264,NF/86,KH/86,End,1315,1315
1265,Start,KH/86,NF/86,1028,1028
1265,KH/86,NF/86,End,1103,1103
1268,Start,NF/86,KH/86,1286,1286
1268,NF/86,KH/86,End,1374,1374
1269,Start,KH/86,NF/86,1088,1088
1269,KH/86,NF/86,End,1163,1163
1272,Start,NF/86,KH/86,1346,1346
1272,NF/86,KH/86,End,1434,1434
1273,Start,KH/86,NF/86,1148,1148
1273,KH/86,NF/86,End,1223,1223
1276,Start,NF/86,KH/86,1406,1406
1276,NF/86,KH/86,End,1494,1494
1277,Start,KH/86,NF/86,1207,1207
1277,KH/86,NF/86,End,1291,1291
1281,Start,KH/86,NF/86,1267,1267
1281,KH/86,NF/86,End,1351,1351
1285,Start,KH/86,NF/86,1327,1327
1285,KH/86,NF/86,End,1415,1415
1289,Start,KH/86,NF/86,1387,1387
1289,KH/86,NF/86,End,1475,1475
1401,Start,CPH/86,KH/86,12,12
1401,CPH/86,KH/86,End,25,25
1407,Start,CPH/86,KH/86,132,132
1407,CPH/86,KH/86,End,145,145
1413,Start,CPH/86,KH/86,206,206
1413,CPH/86,KH/86,End,219,219
1417,Start,CPH/86,KH/86,266,266
1417,CPH/86,KH/86,End,279,279
1472,Start,KH/86,CPH/86,19,19
1472,KH/86,CPH/86,End,32,32
1476,Start,KH/86,CPH/86,79,79
1476,KH/86,CPH/86,End,92,92
1482,Start,KH/86,CPH/86,163,163
1482,KH/86,CPH/86,End,177,177
1485,Start,CPH/86,KH/86,1286,1286
1485,CPH/86,KH/86,End,1300,1300
1489,Start,CPH/86,KH/86,1346,1346
1489,CPH/86,KH/86,End,1360,1360
1490,Start,KH/86,CPH/86,279,279
1490,KH/86,CPH/86,End,292,292
1493,Start,CPH/86,KH/86,1406,1406
1493,CPH/86,KH/86,End,1420,1420
1500,Start,KB/86,KK/86,270,270
1500,KB/86,KK/86,End,376,376
1504,Start,KB/86,KK/86,337,337
1504,KB/86,KK/86,End,427,427
1508,Start,KB/86,HGL/86,397,397
1508,KB/86,HGL/86,End,493,493
1512,Start,KB/86,KK/86,457,457
1512,KB/86,KK/86,End,547,547
1516,Start,KB/86,KK/86,517,517
1516,KB/86,KK/86,End,607,607
1517,Start,KK/86,KB/86,293,293
1517,KK/86,KB/86,End,385,385
1520,Start,KB/86,KK/86,577,577
1520,KB/86,KK/86,End,667,667
1521,Start,HGL/86,KB/86,347,347
1521,HGL/86,KB/86,End,445,445
1524,Start,KB/86,KK/86,637,637
1524,KB/86,KK/86,End,727,727
1525,Start,KK/86,KB/86,413,413
1525,KK/86,KB/86,End,505,505
1528,Start,KB/86,KK/86,697,697
1528,KB/86,KK/86,End,787,787
1529,Start,KK/86,KB/86,473,473
1529,KK/86,KB/86,End,565,565
1532,Start,KB/86,KK/86,757,757
1532,KB/86,KK/86,End,847,847
1533,Start,KK/86,KB/86,533,533
1533,KK/86,KB/86,End,625,625
1536,Start,KB/86,KK/86,817,817
1536,KB/86,KK/86,End,907,907
1537,Start,KK/86,KB/86,593,593
1537,KK/86,KB/86,End,685,685
1540,Start,KB/86,KK/86,877,877
1540,KB/86,KK/86,End,967,967
1541,Start,KH/86,KB/86,662,662
1541,KH/86,KB/86,End,745,745
1544,Start,KB/86,KK/86,937,937
1544,KB/86,KK/86,End,1027,1027
1545,Start,KK/86,KB/86,713,713
1545,KK/86,KB/86,End,805,805
1548,Start,KB/86,KK/86,997,997
1548,KB/86,KK/86,End,1087,1087
1549,Start,KK/86,KB/86,773,773
1549,KK/86,KB/86,End,865,865
1552,Start,KB/86,KK/86,1057,1057
1552,KB/86,KK/86,End,1147,1147
1553,Start,KK/86,KB/86,833,833
1553,KK/86,KB/86,End,925,925
1556,Start,KB/86,HGL/86,1117,1117
1556,KB/86,HGL/86,End,1214,1214
1557,Start,KK/86,KB/86,893,893
1557,KK/86,KB/86,End,985,985
1560,Start,KB/86,KK/86,1177,1177
1560,KB/86,KK/86,End,1266,1266
1561,Start,KK/86,KB/86,953,953
1561,KK/86,KB/86,End,1045,1045
1564,Start,KB/86,KK/86,1237,1237
1564,KB/86,KK/86,End,1326,1326
1565,Start,KK/86,KB/86,1013,1013
1565,KK/86,KB/86,End,1105,1105
1569,Start,KK/86,KB/86,1073,1073
1569,KK/86,KB/86,End,1165,1165
1570,Start,KB/86,KH/86,1310,1310
1570,KB/86,KH/86,End,1410,1410
1573,Start,KK/86,KB/86,1133,1133
1573,KK/86,KB/86,End,1225,1225
1574,Start,KB/86,KH/86,1370,1370
1574,KB/86,KH/86,End,1470,1470
1577,Start,KH/86,KB/86,1202,1202
1577,KH/86,KB/86,End,1285,1285
1581,Start,KK/86,KB/86,1253,1253
1581,KK/86,KB/86,End,1346,1346
1583,Start,KK/86,KB/86,1274,1274
1583,KK/86,KB/86,End,1393,1393
1587,Start,KK/86,KB/86,1343,1343
1587,KK/86,KB/86,End,1453,1453
1591,Start,KH/86,KB/86,1410,1410
1591,KH/86,KB/86,End,1510,1510
2085,Start,HG/86,KH/86,1258,1258
2085,HG/86,KH/86,End,1313,1313
2089,Start,HG/86,KH/86,1318,1318
2089,HG/86,KH/86,End,1373,1373
2093,Start,HG/86,KH/86,1378,1378
2093,HG/86,KH/86,End,1433,1433
2200,Start,KH/86,HG/86,307,307
2200,KH/86,HG/86,End,362,362
2202,Start,KH/86,HG/86,367,367
2202,KH/86,HG/86,End,422,422
2204,Start,NÆ/86,HG/86,358,358
2204,NÆ/86,HG/86,End,482,482
2208,Start,NÆ/86,HG/86,418,418
2208,NÆ/86,HG/86,End,542,542
2212,Start,NÆ/86,HG/86,478,478
2212,NÆ/86,HG/86,End,602,602
2216,Start,NÆ/86,HG/86,538,538
2216,NÆ/86,HG/86,End,662,662
2217,Start,KH/86,NÆ/86,296,296
2217,KH/86,NÆ/86,End,362,362
2219,Start,HG/86,KH/86,298,298
2219,HG/86,KH/86,End,353,353
2220,Start,NÆ/86,HG/86,598,598
2220,NÆ/86,HG/86,End,722,722
2221,Start,KH/86,NÆ/86,356,356
2221,KH/86,NÆ/86,End,422,422
2224,Start,NÆ/86,HG/86,658,658
2224,NÆ/86,HG/86,End,782,782
2225,Start,HG/86,NÆ/86,358,358
2225,HG/86,NÆ/86,End,482,482
2228,Start,NÆ/86,HG/86,718,718
2228,NÆ/86,HG/86,End,842,842
2229,Start,HG/86,NÆ/86,418,418
2229,HG/86,NÆ/86,End,542,542
2232,Start,NÆ/86,HG/86,778,778
2232,NÆ/86,HG/86,End,902,902
2233,Start,HG/86,NÆ/86,478,478
2233,HG/86,NÆ/86,End,602,602
2236,Start,NÆ/86,HG/86,838,838
2236,NÆ/86,HG/86,End,962,962
2237,Start,HG/86,NÆ/86,538,538
2237,HG/86,NÆ/86,End,662,662
2240,Start,NÆ/86,HG/86,898,898
2240,NÆ/86,HG/86,End,1022,1022
2241,Start,HG/86,NÆ/86,598,598
2241,HG/86,NÆ/86,End,722,722
2244,Start,NÆ/86,HG/86,958,958
2244,NÆ/86,HG/86,End,1082,1082
2245,Start,HG/86,NÆ/86,658,658
2245,HG/86,NÆ/86,End,782,782
2248,Start,NÆ/86,HG/86,1018,1018
2248,NÆ/86,HG/86,End,1142,1142
2249,Start,HG/86,NÆ/86,718,718
2249,HG/86,NÆ/86,End,842,842
2252,Start,NÆ/86,HG/86,1078,1078
2252,NÆ/86,HG/86,End,1202,1202
2253,Start,HG/86,NÆ/86,778,778
2253,HG/86,NÆ/86,End,902,902
2256,Start,NÆ/86,HG/86,1138,1138
2256,NÆ/86,HG/86,End,1262,1262
2257,Start,HG/86,NÆ/86,838,838
2257,HG/86,NÆ/86,End,962,962
2260,Start,NÆ/86,HG/86,1198,1198
2260,NÆ/86,HG/86,End,1322,1322
2261,Start,HG/86,NÆ/86,898,898
2261,HG/86,NÆ/86,End,1022,1022
2264,Start,NÆ/86,HG/86,1258,1258
2264,NÆ/86,HG/86,End,1382,1382
2265,Start,HG/86,NÆ/86,958,958
2265,HG/86,NÆ/86,End,1082,1082
2268,Start,NÆ/86,HG/86,1318,1318
2268,NÆ/86,HG/86,End,1442,1442
2269,Start,HG/86,NÆ/86,1018,1018
2269,HG/86,NÆ/86,End,1142,1142
2270,Start,NÆ/86,KH/86,1365,1365
2270,NÆ/86,KH/86,End,1430,1430
2272,Start,KH/86,HG/86,7,7
2272,KH/86,HG/86,End,62,62
2273,Start,HG/86,NÆ/86,1078,1078
2273,HG/86,NÆ/86,End,1202,1202
2277,Start,HG/86,NÆ/86,1138,1138
2277,HG/86,NÆ/86,End,1262,1262
2281,Start,HG/86,NÆ/86,1198,1198
2281,HG/86,NÆ/86,End,1322,1322
2287,Start,HG/86,NÆ/86,1273,1273
2287,HG/86,NÆ/86,End,1396,1396
2291,Start,KH/86,NÆ/86,1390,1390
2291,KH/86,NÆ/86,End,1454,1454
2297,Start,HG/86,KH/86,1438,1438
2297,HG/86,KH/86,End,1493,1493
2299,Start,KH/86,NÆ/86,70,70
2299,KH/86,NÆ/86,End,134,134
2304,Start,FA/86,ES/86,307,307
2304,FA/86,ES/86,End,370,370
2308,Start,FA/86,ES/86,367,367
2308,FA/86,ES/86,End,430,430
2312,Start,FA/86,ES/86,411,411
2312,FA/86,ES/86,End,474,474
2313,Start,ES/86,FA/86,303,303
2313,ES/86,FA/86,End,367,367
2316,Start,FA/86,ES/86,471,471
2316,FA/86,ES/86,End,534,534
2317,Start,ES/86,FA/86,362,362
2317,ES/86,FA/86,End,427,427
2320,Start,FA/86,ES/86,531,531
2320,FA/86,ES/86,End,594,594
2321,Start,ES/86,FA/86,422,422
2321,ES/86,FA/86,End,487,487
2324,Start,FA/86,ES/86,591,591
2324,FA/86,ES/86,End,654,654
2325,Start,ES/86,FA/86,484,484
2325,ES/86,FA/86,End,549,549
2328,Start,FA/86,ES/86,651,651
2328,FA/86,ES/86,End,714,714
2329,Start,ES/86,FA/86,543,543
2329,ES/86,FA/86,End,607,607
2332,Start,FA/86,ES/86,711,711
2332,FA/86,ES/86,End,774,774
2333,Start,ES/86,FA/86,603,603
2333,ES/86,FA/86,End,667,667
2336,Start,FA/86,ES/86,771,771
2336,FA/86,ES/86,End,834,834
2337,Start,ES/86,FA/86,663,663
2337,ES/86,FA/86,End,727,727
2340,Start,FA/86,ES/86,831,831
2340,FA/86,ES/86,End,894,894
2341,Start,ES/86,FA/86,724,724
2341,ES/86,FA/86,End,789,789
2344,Start,FA/86,ES/86,891,891
2344,FA/86,ES/86,End,954,954
2345,Start,ES/86,FA/86,783,783
2345,ES/86,FA/86,End,847,847
2348,Start,FA/86,ES/86,951,951
2348,FA/86,ES/86,End,1014,1014
2349,Start,ES/86,FA/86,843,843
2349,ES/86,FA/86,End,907,907
2352,Start,FA/86,ES/86,1011,1011
2352,FA/86,ES/86,End,1074,1074
2353,Start,ES/86,FA/86,903,903
2353,ES/86,FA/86,End,967,967
2356,Start,FA/86,ES/86,1071,1071
2356,FA/86,ES/86,End,1134,1134
2357,Start,ES/86,FA/86,964,964
2357,ES/86,FA/86,End,1029,1029
2360,Start,FA/86,ES/86,1131,1131
2360,FA/86,ES/86,End,1194,1194
2361,Start,ES/86,FA/86,1023,1023
2361,ES/86,FA/86,End,1087,1087
2364,Start,FA/86,ES/86,1191,1191
2364,FA/86,ES/86,End,1254,1254
2365,Start,ES/86,FA/86,1083,1083
2365,ES/86,FA/86,End,1147,1147
2368,Start,FA/86,ES/86,1251,1251
2368,FA/86,ES/86,End,1314,1314
2369,Start,ES/86,FA/86,1143,1143
2369,ES/86,FA/86,End,1207,1207
2371,Start,ES/86,FA/86,1203,1203
2371,ES/86,FA/86,End,1267,1267
2374,Start,FA/86,ES/86,1311,1311
2374,FA/86,ES/86,End,1374,1374
2376,Start,FA/86,ES/86,1392,1392
2376,FA/86,ES/86,End,1455,1455
2377,Start,ES/86,FA/86,1263,1263
2377,ES/86,FA/86,End,1327,1327
2383,Start,ES/86,FA/86,1361,1361
2383,ES/86,FA/86,End,1425,1425
2387,Start,ES/86,FA/86,1421,1421
2387,ES/86,FA/86,End,1485,1485
2400,Start,NÆ/86,KH/86,276,276
2400,NÆ/86,KH/86,End,343,343
2404,Start,NÆ/86,KH/86,336,336
2404,NÆ/86,KH/86,End,403,403
2408,Start,NÆ/86,KH/86,396,396
2408,NÆ/86,KH/86,End,463,463
2412,Start,NÆ/86,KK/86,456,456
2412,NÆ/86,KK/86,End,532,532
2416,Start,NÆ/86,KK/86,516,516
2416,NÆ/86,KK/86,End,592,592
2419,Start,KH/86,NÆ/86,317,317
2419,KH/86,NÆ/86,End,382,382
2420,Start,NÆ/86,KK/86,576,576
2420,NÆ/86,KK/86,End,652,652
2423,Start,KH/86,NÆ/86,377,377
2423,KH/86,NÆ/86,End,442,442
2424,Start,NÆ/86,KH/86,636,636
2424,NÆ/86,KH/86,End,703,703
2427,Start,KH/86,NÆ/86,437,437
2427,KH/86,NÆ/86,End,502,502
2428,Start,NÆ/86,KK/86,696,696
2428,NÆ/86,KK/86,End,772,772
2431,Start,KH/86,NÆ/86,497,497
2431,KH/86,NÆ/86,End,562,562
2432,Start,NÆ/86,KK/86,756,756
2432,NÆ/86,KK/86,End,832,832
2435,Start,KH/86,NÆ/86,557,557
2435,KH/86,NÆ/86,End,622,622
2436,Start,NÆ/86,KH/86,816,816
2436,NÆ/86,KH/86,End,883,883
2439,Start,KK/86,NÆ/86,608,608
2439,KK/86,NÆ/86,End,682,682
2440,Start,NÆ/86,KH/86,876,876
2440,NÆ/86,KH/86,End,943,943
2443,Start,KK/86,NÆ/86,668,668
2443,KK/86,NÆ/86,End,742,742
2444,Start,NÆ/86,KH/86,936,936
2444,NÆ/86,KH/86,End,1003,1003
2447,Start,KK/86,NÆ/86,728,728
2447,KK/86,NÆ/86,End,802,802
2448,Start,NÆ/86,KH/86,996,996
2448,NÆ/86,KH/86,End,1063,1063
2451,Start,KK/86,NÆ/86,788,788
2451,KK/86,NÆ/86,End,862,862
2452,Start,NÆ/86,KH/86,1056,1056
2452,NÆ/86,KH/86,End,1123,1123
2455,Start,KK/86,NÆ/86,848,848
2455,KK/86,NÆ/86,End,922,922
2456,Start,NÆ/86,KK/86,1116,1116
2456,NÆ/86,KK/86,End,1192,1192
2459,Start,KK/86,NÆ/86,908,908
2459,KK/86,NÆ/86,End,982,982
2460,Start,NÆ/86,KH/86,1176,1176
2460,NÆ/86,KH/86,End,1243,1243
2463,Start,KH/86,NÆ/86,977,977
2463,KH/86,NÆ/86,End,1042,1042
2464,Start,NÆ/86,KH/86,1236,1236
2464,NÆ/86,KH/86,End,1303,1303
2467,Start,KH/86,NÆ/86,1037,1037
2467,KH/86,NÆ/86,End,1102,1102
2468,Start,NÆ/86,KH/86,1296,1296
2468,NÆ/86,KH/86,End,1363,1363
2471,Start,KH/86,NÆ/86,1097,1097
2471,KH/86,NÆ/86,End,1162,1162
2474,Start,NÆ/86,KK/86,1356,1356
2474,NÆ/86,KK/86,End,1440,1440
2475,Start,KH/86,NÆ/86,1157,1157
2475,KH/86,NÆ/86,End,1222,1222
2476,Start,NÆ/86,HGL/86,1416,1416
2476,NÆ/86,HGL/86,End,1506,1506
2479,Start,KK/86,NÆ/86,1208,1208
2479,KK/86,NÆ/86,End,1282,1282
2483,Start,KK/86,NÆ/86,1268,1268
2483,KK/86,NÆ/86,End,1342,1342
2487,Start,KK/86,NÆ/86,1328,1328
2487,KK/86,NÆ/86,End,1402,1402
2491,Start,KH/86,NÆ/86,1397,1397
2491,KH/86,NÆ/86,End,1462,1462
2495,Start,KH/86,NÆ/86,17,17
2495,KH/86,NÆ/86,End,77,77
2500,Start,KH/86,HG/86,352,352
2500,KH/86,HG/86,End,407,407
2502,Start,HK/86,HG/86,353,353
2502,HK/86,HG/86,End,467,467
2506,Start,HK/86,HG/86,413,413
2506,HK/86,HG/86,End,527,527
2510,Start,HK/86,HG/86,473,473
2510,HK/86,HG/86,End,587,587
2514,Start,HK/86,HG/86,533,533
2514,HK/86,HG/86,End,647,647
2518,Start,HK/86,HG/86,593,593
2518,HK/86,HG/86,End,707,707
2519,Start,KH/86,HK/86,312,312
2519,KH/86,HK/86,End,367,367
2522,Start,HK/86,HG/86,653,653
2522,HK/86,HG/86,End,767,767
2523,Start,HGL/86,HK/86,356,356
2523,HGL/86,HK/86,End,427,427
2526,Start,HK/86,HG/86,713,713
2526,HK/86,HG/86,End,827,827
2527,Start,HG/86,HK/86,373,373
2527,HG/86,HK/86,End,487,487
2530,Start,HK/86,HG/86,773,773
2530,HK/86,HG/86,End,887,887
2531,Start,HG/86,HK/86,433,433
2531,HG/86,HK/86,End,547,547
2534,Start,HK/86,HG/86,833,833
2534,HK/86,HG/86,End,947,947
2535,Start,HG/86,HK/86,493,493
2535,HG/86,HK/86,End,607,607
2538,Start,HK/86,HG/86,893,893
2538,HK/86,HG/86,End,1007,1007
2539,Start,HG/86,HK/86,553,553
2539,HG/86,HK/86,End,667,667
2542,Start,HK/86,HG/86,953,953
2542,HK/86,HG/86,End,1067,1067
2543,Start,HG/86,HK/86,613,613
2543,HG/86,HK/86,End,727,727
2546,Start,HK/86,HG/86,1013,1013
2546,HK/86,HG/86,End,1127,1127
2547,Start,HG/86,HK/86,673,673
2547,HG/86,HK/86,End,787,787
2550,Start,HK/86,HG/86,1073,1073
2550,HK/86,HG/86,End,1187,1187
2551,Start,HG/86,HK/86,733,733
2551,HG/86,HK/86,End,847,847
2554,Start,HK/86,HG/86,1133,1133
2554,HK/86,HG/86,End,1247,1247
2555,Start,HG/86,HK/86,793,793
2555,HG/86,HK/86,End,907,907
2558,Start,HK/86,HG/86,1193,1193
2558,HK/86,HG/86,End,1307,1307
2559,Start,HG/86,HK/86,853,853
2559,HG/86,HK/86,End,967,967
2562,Start,HK/86,HGL/86,1253,1253
2562,HK/86,HGL/86,End,1324,1324
2563,Start,HG/86,HK/86,913,913
2563,HG/86,HK/86,End,1027,1027
2566,Start,HK/86,HGL/86,1313,1313
2566,HK/86,HGL/86,End,1384,1384
2567,Start,HG/86,HK/86,973,973
2567,HG/86,HK/86,End,1087,1087
2571,Start,HG/86,HK/86,1033,1033
2571,HG/86,HK/86,End,1147,1147
2575,Start,HG/86,HK/86,1093,1093
2575,HG/86,HK/86,End,1207,1207
2579,Start,HG/86,KH/86,1153,1153
2579,HG/86,KH/86,End,1208,1208
2583,Start,HG/86,RO/86,1213,1213
2583,HG/86,RO/86,End,1298,1298
2595,Start,HG/86,HK/86,1408,1408
2595,HG/86,HK/86,End,1525,1525
2599,Start,HG/86,KH/86,28,28
2599,HG/86,KH/86,End,83,83
2710,Start,FA/86,OD/86,371,371
2710,FA/86,OD/86,End,436,436
2715,Start,OD/86,FA/86,400,400
2715,OD/86,FA/86,End,450,450
2720,Start,FA/86,OD/86,510,510
2720,FA/86,OD/86,End,564,564
2727,Start,OD/86,FA/86,526,526
2727,OD/86,FA/86,End,588,588
2728,Start,FA/86,OD/86,635,635
2728,FA/86,OD/86,End,694,694
2733,Start,OD/86,FA/86,639,639
2733,OD/86,FA/86,End,689,689
2736,Start,FA/86,OD/86,750,750
2736,FA/86,OD/86,End,801,801
2741,Start,OD/86,FA/86,758,758
2741,OD/86,FA/86,End,811,811
2742,Start,FA/86,OD/86,873,873
2742,FA/86,OD/86,End,934,934
2751,Start,OD/86,FA/86,885,885
2751,OD/86,FA/86,End,948,948
2754,Start,FA/86,OD/86,1000,1000
2754,FA/86,OD/86,End,1067,1067
2759,Start,OD/86,FA/86,1005,1005
2759,OD/86,FA/86,End,1068,1068
2760,Start,FA/86,OD/86,1110,1110
2760,FA/86,OD/86,End,1164,1164
2765,Start,OD/86,FA/86,1116,1116
2765,OD/86,FA/86,End,1170,1170
2768,Start,FA/86,OD/86,1230,1230
2768,FA/86,OD/86,End,1284,1284
2776,Start,FA/86,OD/86,1347,1347
2776,FA/86,OD/86,End,1401,1401
2777,Start,OD/86,FA/86,1296,1296
2777,OD/86,FA/86,End,1350,1350
2785,Start,OD/86,FA/86,1416,1416
2785,OD/86,FA/86,End,1470,1470
2909,Start,FA/86,AR/86,314,314
2909,FA/86,AR/86,End,383,383
2912,Start,AR/86,FA/86,338,338
2912,AR/86,FA/86,End,406,406
2913,Start,FA/86,AR/86,376,376
2913,FA/86,AR/86,End,446,446
2916,Start,AR/86,FA/86,398,398
2916,AR/86,FA/86,End,466,466
2917,Start,FA/86,AR/86,432,432
2917,FA/86,AR/86,End,500,500
2920,Start,AR/86,FA/86,458,458
2920,AR/86,FA/86,End,526,526
2921,Start,FA/86,AR/86,494,494
2921,FA/86,AR/86,End,563,563
2924,Start,AR/86,FA/86,518,518
2924,AR/86,FA/86,End,586,586
2925,Start,FA/86,AR/86,554,554
2925,FA/86,AR/86,End,623,623
2928,Start,AR/86,FA/86,578,578
2928,AR/86,FA/86,End,646,646
2929,Start,FA/86,AR/86,614,614
2929,FA/86,AR/86,End,683,683
2932,Start,AR/86,FA/86,638,638
2932,AR/86,FA/86,End,706,706
2933,Start,FA/86,AR/86,674,674
2933,FA/86,AR/86,End,743,743
2936,Start,AR/86,FA/86,698,698
2936,AR/86,FA/86,End,766,766
2937,Start,FA/86,AR/86,734,734
2937,FA/86,AR/86,End,803,803
2940,Start,AR/86,FA/86,758,758
2940,AR/86,FA/86,End,826,826
2941,Start,FA/86,AR/86,794,794
2941,FA/86,AR/86,End,863,863
2944,Start,AR/86,FA/86,818,818
2944,AR/86,FA/86,End,886,886
2945,Start,FA/86,AR/86,854,854
2945,FA/86,AR/86,End,923,923
2948,Start,AR/86,FA/86,878,878
2948,AR/86,FA/86,End,946,946
2949,Start,FA/86,AR/86,914,914
2949,FA/86,AR/86,End,983,983
2952,Start,AR/86,FA/86,938,938
2952,AR/86,FA/86,End,1006,1006
2953,Start,FA/86,AR/86,974,974
2953,FA/86,AR/86,End,1043,1043
2956,Start,AR/86,FA/86,998,998
2956,AR/86,FA/86,End,1066,1066
2957,Start,FA/86,AR/86,1034,1034
2957,FA/86,AR/86,End,1103,1103
2960,Start,AR/86,FA/86,1058,1058
2960,AR/86,FA/86,End,1126,1126
2961,Start,FA/86,AR/86,1094,1094
2961,FA/86,AR/86,End,1163,1163
2964,Start,AR/86,FA/86,1118,1118
2964,AR/86,FA/86,End,1186,1186
2965,Start,FA/86,AR/86,1154,1154
2965,FA/86,AR/86,End,1223,1223
2968,Start,AR/86,FA/86,1178,1178
2968,AR/86,FA/86,End,1246,1246
2969,Start,FA/86,AR/86,1214,1214
2969,FA/86,AR/86,End,1283,1283
2972,Start,AR/86,FA/86,1238,1238
2972,AR/86,FA/86,End,1306,1306
2973,Start,FA/86,AR/86,1274,1274
2973,FA/86,AR/86,End,1343,1343
2974,Start,FA/86,KD/86,1348,1348
2974,FA/86,KD/86,End,1359,1359
2976,Start,AR/86,FA/86,1298,1298
2976,AR/86,FA/86,End,1366,1366
2980,Start,AR/86,FA/86,1358,1358
2980,AR/86,FA/86,End,1426,1426
2981,Start,KD/86,FA/86,1369,1369
2981,KD/86,FA/86,End,1381,1381
3206,Start,NF/86,KH/86,363,363
3206,NF/86,KH/86,End,437,437
3306,Start,RO/86,KK/86,437,437
3306,RO/86,KK/86,End,469,469
3310,Start,RO/86,KK/86,497,497
3310,RO/86,KK/86,End,529,529
3327,Start,KK/86,RO/86,446,446
3327,KK/86,RO/86,End,478,478
3359,Start,HGL/86,RO/86,905,905
3359,HGL/86,RO/86,End,943,943
3363,Start,HGL/86,RO/86,965,965
3363,HGL/86,RO/86,End,1003,1003
3400,Start,KH/86,HG/86,346,346
3400,KH/86,HG/86,End,396,396
3402,Start,KH/86,HG/86,376,376
3402,KH/86,HG/86,End,426,426
3404,Start,KH/86,HG/86,406,406
3404,KH/86,HG/86,End,456,456
3406,Start,KH/86,HG/86,436,436
3406,KH/86,HG/86,End,486,486
3408,Start,KH/86,HG/86,466,466
3408,KH/86,HG/86,End,516,516
3427,Start,HG/86,KH/86,384,384
3427,HG/86,KH/86,End,434,434
3429,Start,HG/86,KH/86,414,414
3429,HG/86,KH/86,End,464,464
3431,Start,HG/86,KH/86,444,444
3431,HG/86,KH/86,End,494,494
3433,Start,HG/86,KH/86,474,474
3433,HG/86,KH/86,End,524,524
3434,Start,KH/86,HG/86,856,856
3434,KH/86,HG/86,End,906,906
3435,Start,HG/86,KH/86,504,504
3435,HG/86,KH/86,End,554,554
3436,Start,KH/86,HG/86,886,886
3436,KH/86,HG/86,End,936,936
3437,Start,HG/86,KH/86,534,534
3437,HG/86,KH/86,End,584,584
3438,Start,KH/86,HG/86,916,916
3438,KH/86,HG/86,End,966,966
3440,Start,KH/86,HG/86,946,946
3440,KH/86,HG/86,End,996,996
3442,Start,KH/86,HG/86,976,976
3442,KH/86,HG/86,End,1026,1026
3444,Start,KH/86,HG/86,1006,1006
3444,KH/86,HG/86,End,1056,1056
3446,Start,KH/86,HG/86,1036,1036
3446,KH/86,HG/86,End,1086,1086
3448,Start,KH/86,HG/86,1066,1066
3448,KH/86,HG/86,End,1116,1116
3450,Start,KH/86,HG/86,1096,1096
3450,KH/86,HG/86,End,1146,1146
3463,Start,HG/86,KH/86,924,924
3463,HG/86,KH/86,End,974,974
3465,Start,HG/86,KH/86,954,954
3465,HG/86,KH/86,End,1004,1004
3467,Start,HG/86,KH/86,984,984
3467,HG/86,KH/86,End,1034,1034
3469,Start,HG/86,KH/86,1014,1014
3469,HG/86,KH/86,End,1064,1064
3471,Start,HG/86,KH/86,1044,1044
3471,HG/86,KH/86,End,1094,1094
3473,Start,HG/86,KH/86,1074,1074
3473,HG/86,KH/86,End,1124,1124
3475,Start,HG/86,KH/86,1104,1104
3475,HG/86,KH/86,End,1154,1154
3502,Start,KB/86,KK/86,303,303
3502,KB/86,KK/86,End,391,391
3506,Start,KB/86,KK/86,359,359
3506,KB/86,KK/86,End,451,451
3510,Start,KB/86,KK/86,419,419
3510,KB/86,KK/86,End,511,511
3523,Start,KK/86,KB/86,386,386
3523,KK/86,KB/86,End,474,474
3542,Start,KB/86,KK/86,907,907
3542,KB/86,KK/86,End,994,994
3546,Start,KB/86,KK/86,967,967
3546,KB/86,KK/86,End,1054,1054
3555,Start,KK/86,KB/86,866,866
3555,KK/86,KB/86,End,960,960
3559,Start,KK/86,KB/86,926,926
3559,KK/86,KB/86,End,1020,1020
3563,Start,KK/86,KB/86,986,986
3563,KK/86,KB/86,End,1080,1080
3802,Start,NF/86,VO/86,283,283
3802,NF/86,VO/86,End,304,304
3810,Start,NF/86,NÆ/86,403,403
3810,NF/86,NÆ/86,End,442,442
3859,Start,NÆ/86,NF/86,998,998
3859,NÆ/86,NF/86,End,1037,1037
3863,Start,NÆ/86,NF/86,1058,1058
3863,NÆ/86,NF/86,End,1097,1097
3915,Start,FA/86,AR/86,401,401
3915,FA/86,AR/86,End,469,469
3918,Start,AR/86,FA/86,424,424
3918,AR/86,FA/86,End,492,492
3919,Start,FA/86,AR/86,461,461
3919,FA/86,AR/86,End,529,529
3922,Start,AR/86,FA/86,489,489
3922,AR/86,FA/86,End,567,567
3947,Start,FA/86,AR/86,881,881
3947,FA/86,AR/86,End,949,949
3950,Start,AR/86,FA/86,909,909
3950,AR/86,FA/86,End,977,977
3951,Start,FA/86,AR/86,941,941
3951,FA/86,AR/86,End,1009,1009
3954,Start,AR/86,FA/86,969,969
3954,AR/86,FA/86,End,1037,1037
3958,Start,AR/86,FA/86,1029,1029
3958,AR/86,FA/86,End,1097,1097
4003,Start,AB/86,ABL/86,358,358
4003,AB/86,ABL/86,End,368,368
4007,Start,AR/86,ABL/86,345,345
4007,AR/86,ABL/86,End,428,428
4011,Start,AR/86,ABL/86,405,405
4011,AR/86,ABL/86,End,488,488
4014,Start,AB/86,AR/86,303,303
4014,AB/86,AR/86,End,372,372
4015,Start,AR/86,ABL/86,465,465
4015,AR/86,ABL/86,End,548,548
4018,Start,AB/86,AR/86,363,363
4018,AB/86,AR/86,End,433,433
4019,Start,AR/86,ABL/86,525,525
4019,AR/86,ABL/86,End,608,608
4022,Start,ABL/86,AR/86,406,406
4022,ABL/86,AR/86,End,493,493
4023,Start,AR/86,ABL/86,585,585
4023,AR/86,ABL/86,End,668,668
4026,Start,ABL/86,AR/86,466,466
4026,ABL/86,AR/86,End,553,553
4027,Start,AR/86,ABL/86,645,645
4027,AR/86,ABL/86,End,728,728
4030,Start,ABL/86,AR/86,526,526
4030,ABL/86,AR/86,End,613,613
4031,Start,AR/86,ABL/86,705,705
4031,AR/86,ABL/86,End,788,788
4034,Start,ABL/86,AR/86,586,586
4034,ABL/86,AR/86,End,673,673
4035,Start,AR/86,ABL/86,765,765
4035,AR/86,ABL/86,End,848,848
4038,Start,ABL/86,AR/86,646,646
4038,ABL/86,AR/86,End,733,733
4039,Start,AR/86,ABL/86,825,825
4039,AR/86,ABL/86,End,908,908
4042,Start,ABL/86,AR/86,706,706
4042,ABL/86,AR/86,End,793,793
4043,Start,AR/86,ABL/86,885,885
4043,AR/86,ABL/86,End,968,968
4046,Start,ABL/86,AR/86,766,766
4046,ABL/86,AR/86,End,853,853
4047,Start,AR/86,ABL/86,945,945
4047,AR/86,ABL/86,End,1028,1028
4050,Start,ABL/86,AR/86,826,826
4050,ABL/86,AR/86,End,913,913
4051,Start,AR/86,ABL/86,1005,1005
4051,AR/86,ABL/86,End,1088,1088
4054,Start,ABL/86,AR/86,886,886
4054,ABL/86,AR/86,End,973,973
4055,Start,AR/86,AB/86,1065,1065
4055,AR/86,AB/86,End,1133,1133
4058,Start,ABL/86,AR/86,946,946
4058,ABL/86,AR/86,End,1033,1033
4059,Start,AR/86,AB/86,1125,1125
4059,AR/86,AB/86,End,1193,1193
4062,Start,ABL/86,AR/86,1006,1006
4062,ABL/86,AR/86,End,1093,1093
4063,Start,AR/86,AB/86,1185,1185
4063,AR/86,AB/86,End,1253,1253
4066,Start,ABL/86,AR/86,1066,1066
4066,ABL/86,AR/86,End,1153,1153
4067,Start,AR/86,AB/86,1245,1245
4067,AR/86,AB/86,End,1313,1313
4070,Start,ABL/86,AR/86,1126,1126
4070,ABL/86,AR/86,End,1213,1213
4074,Start,AB/86,AR/86,1203,1203
4074,AB/86,AR/86,End,1273,1273
4101,Start,AR/86,ABL/86,255,255
4101,AR/86,ABL/86,End,344,344
4105,Start,AR/86,ABL/86,312,312
4105,AR/86,ABL/86,End,404,404
4107,Start,AR/86,ABL/86,372,372
4107,AR/86,ABL/86,End,464,464
4113,Start,AR/86,ABL/86,435,435
4113,AR/86,ABL/86,End,524,524
4116,Start,AB/86,AR/86,325,325
4116,AB/86,AR/86,End,403,403
4117,Start,AR/86,ABL/86,495,495
4117,AR/86,ABL/86,End,584,584
4120,Start,ABL/86,AR/86,368,368
4120,ABL/86,AR/86,End,463,463
4121,Start,AR/86,ABL/86,555,555
4121,AR/86,ABL/86,End,644,644
4124,Start,ABL/86,AR/86,428,428
4124,ABL/86,AR/86,End,523,523
4125,Start,AR/86,ABL/86,615,615
4125,AR/86,ABL/86,End,704,704
4128,Start,ABL/86,AR/86,488,488
4128,ABL/86,AR/86,End,583,583
4129,Start,AR/86,ABL/86,675,675
4129,AR/86,ABL/86,End,764,764
4132,Start,ABL/86,AR/86,548,548
4132,ABL/86,AR/86,End,643,643
4133,Start,AR/86,ABL/86,735,735
4133,AR/86,ABL/86,End,824,824
4136,Start,ABL/86,AR/86,608,608
4136,ABL/86,AR/86,End,703,703
4137,Start,AR/86,ABL/86,795,795
4137,AR/86,ABL/86,End,884,884
4140,Start,ABL/86,AR/86,668,668
4140,ABL/86,AR/86,End,763,763
4141,Start,AR/86,ABL/86,855,855
4141,AR/86,ABL/86,End,944,944
4144,Start,ABL/86,AR/86,728,728
4144,ABL/86,AR/86,End,823,823
4145,Start,AR/86,ABL/86,915,915
4145,AR/86,ABL/86,End,1004,1004
4148,Start,ABL/86,AR/86,788,788
4148,ABL/86,AR/86,End,883,883
4149,Start,AR/86,ABL/86,975,975
4149,AR/86,ABL/86,End,1064,1064
4152,Start,ABL/86,AR/86,848,848
4152,ABL/86,AR/86,End,943,943
4153,Start,AR/86,ABL/86,1035,1035
4153,AR/86,ABL/86,End,1124,1124
4156,Start,ABL/86,AR/86,908,908
4156,ABL/86,AR/86,End,1003,1003
4157,Start,AR/86,ABL/86,1095,1095
4157,AR/86,ABL/86,End,1184,1184
4160,Start,ABL/86,AR/86,968,968
4160,ABL/86,AR/86,End,1063,1063
4161,Start,AR/86,ABL/86,1155,1155
4161,AR/86,ABL/86,End,1244,1244
4164,Start,ABL/86,AR/86,1028,1028
4164,ABL/86,AR/86,End,1123,1123
4165,Start,AR/86,ABL/86,1215,1215
4165,AR/86,ABL/86,End,1304,1304
4168,Start,ABL/86,AR/86,1088,1088
4168,ABL/86,AR/86,End,1183,1183
4169,Start,AB/86,ABL/86,1354,1354
4169,AB/86,ABL/86,End,1364,1364
4171,Start,AR/86,AB/86,1305,1305
4171,AR/86,AB/86,End,1379,1379
4172,Start,ABL/86,AR/86,1148,1148
4172,ABL/86,AR/86,End,1243,1243
4175,Start,AR/86,AB/86,1365,1365
4175,AR/86,AB/86,End,1439,1439
4176,Start,ABL/86,AR/86,1208,1208
4176,ABL/86,AR/86,End,1303,1303
4178,Start,ABL/86,AB/86,1268,1268
4178,ABL/86,AB/86,End,1280,1280
4179,Start,AR/86,AB/86,1425,1425
4179,AR/86,AB/86,End,1499,1499
4180,Start,AB/86,AR/86,1285,1285
4180,AB/86,AR/86,End,1363,1363
4184,Start,ABL/86,AR/86,1328,1328
4184,ABL/86,AR/86,End,1423,1423
4190,Start,ABL/86,AR/86,1378,1378
4190,ABL/86,AR/86,End,1473,1473
4192,Start,AB/86,AR/86,25,25
4192,AB/86,AR/86,End,103,103
4202,Start,NÆ/86,HG/86,265,265
4202,NÆ/86,HG/86,End,392,392
4204,Start,VO/86,HG/86,310,310
4204,VO/86,HG/86,End,452,452
4206,Start,VO/86,HG/86,370,370
4206,VO/86,HG/86,End,512,512
4210,Start,NÆ/86,HG/86,448,448
4210,NÆ/86,HG/86,End,572,572
4214,Start,NÆ/86,HG/86,508,508
4214,NÆ/86,HG/86,End,632,632
4218,Start,NÆ/86,HG/86,568,568
4218,NÆ/86,HG/86,End,692,692
4219,Start,HG/86,KH/86,268,268
4219,HG/86,KH/86,End,323,323
4222,Start,NÆ/86,HG/86,628,628
4222,NÆ/86,HG/86,End,752,752
4223,Start,HG/86,NÆ/86,328,328
4223,HG/86,NÆ/86,End,452,452
4226,Start,NÆ/86,HG/86,688,688
4226,NÆ/86,HG/86,End,812,812
4227,Start,HG/86,NÆ/86,388,388
4227,HG/86,NÆ/86,End,512,512
4230,Start,NÆ/86,HG/86,748,748
4230,NÆ/86,HG/86,End,872,872
4231,Start,HG/86,NÆ/86,448,448
4231,HG/86,NÆ/86,End,572,572
4234,Start,NÆ/86,HG/86,808,808
4234,NÆ/86,HG/86,End,932,932
4235,Start,HG/86,NÆ/86,508,508
4235,HG/86,NÆ/86,End,632,632
4238,Start,NÆ/86,HG/86,868,868
4238,NÆ/86,HG/86,End,992,992
4239,Start,HG/86,NÆ/86,568,568
4239,HG/86,NÆ/86,End,692,692
4242,Start,NÆ/86,HG/86,928,928
4242,NÆ/86,HG/86,End,1052,1052
4243,Start,HG/86,NÆ/86,628,628
4243,HG/86,NÆ/86,End,752,752
4246,Start,NÆ/86,HG/86,988,988
4246,NÆ/86,HG/86,End,1112,1112
4247,Start,HG/86,NÆ/86,688,688
4247,HG/86,NÆ/86,End,812,812
4250,Start,NÆ/86,HG/86,1048,1048
4250,NÆ/86,HG/86,End,1172,1172
4251,Start,HG/86,NÆ/86,748,748
4251,HG/86,NÆ/86,End,872,872
4254,Start,RO/86,HG/86,1147,1147
4254,RO/86,HG/86,End,1232,1232
4255,Start,HG/86,NÆ/86,808,808
4255,HG/86,NÆ/86,End,932,932
4258,Start,RO/86,HG/86,1207,1207
4258,RO/86,HG/86,End,1292,1292
4259,Start,HG/86,NÆ/86,868,868
4259,HG/86,NÆ/86,End,992,992
4262,Start,RO/86,HG/86,1267,1267
4262,RO/86,HG/86,End,1352,1352
4263,Start,HG/86,NÆ/86,928,928
4263,HG/86,NÆ/86,End,1052,1052
4266,Start,RO/86,HG/86,1327,1327
4266,RO/86,HG/86,End,1412,1412
4267,Start,HG/86,NÆ/86,988,988
4267,HG/86,NÆ/86,End,1112,1112
4270,Start,KH/86,HG/86,1417,1417
4270,KH/86,HG/86,End,1472,1472
4271,Start,HG/86,RO/86,1048,1048
4271,HG/86,RO/86,End,1133,1133
4274,Start,KH/86,HG/86,37,37
4274,KH/86,HG/86,End,92,92
4275,Start,HG/86,RO/86,1108,1108
4275,HG/86,RO/86,End,1193,1193
4279,Start,HG/86,RO/86,1168,1168
4279,HG/86,RO/86,End,1253,1253
4283,Start,HG/86,KH/86,1228,1228
4283,HG/86,KH/86,End,1283,1283
4287,Start,HG/86,KH/86,1288,1288
4287,HG/86,KH/86,End,1343,1343
4291,Start,HG/86,KH/86,1348,1348
4291,HG/86,KH/86,End,1403,1403
4402,Start,NÆ/86,KH/86,306,306
4402,NÆ/86,KH/86,End,373,373
4406,Start,NÆ/86,KH/86,366,366
4406,NÆ/86,KH/86,End,433,433
4410,Start,NÆ/86,KH/86,426,426
4410,NÆ/86,KH/86,End,493,493
4414,Start,NÆ/86,KK/86,486,486
4414,NÆ/86,KK/86,End,562,562
4418,Start,NÆ/86,KK/86,546,546
4418,NÆ/86,KK/86,End,622,622
4421,Start,KH/86,NÆ/86,347,347
4421,KH/86,NÆ/86,End,412,412
4422,Start,NÆ/86,KK/86,606,606
4422,NÆ/86,KK/86,End,682,682
4425,Start,KK/86,NÆ/86,398,398
4425,KK/86,NÆ/86,End,472,472
4426,Start,NÆ/86,KK/86,666,666
4426,NÆ/86,KK/86,End,742,742
4429,Start,KH/86,NÆ/86,467,467
4429,KH/86,NÆ/86,End,532,532
4430,Start,NÆ/86,KK/86,726,726
4430,NÆ/86,KK/86,End,802,802
4433,Start,KH/86,NÆ/86,527,527
4433,KH/86,NÆ/86,End,592,592
4434,Start,NÆ/86,KH/86,786,786
4434,NÆ/86,KH/86,End,853,853
4437,Start,KH/86,NÆ/86,587,587
4437,KH/86,NÆ/86,End,652,652
4438,Start,NÆ/86,KH/86,846,846
4438,NÆ/86,KH/86,End,913,913
4441,Start,KK/86,NÆ/86,638,638
4441,KK/86,NÆ/86,End,712,712
4442,Start,NÆ/86,KH/86,906,906
4442,NÆ/86,KH/86,End,973,973
4445,Start,KK/86,NÆ/86,698,698
4445,KK/86,NÆ/86,End,772,772
4446,Start,NÆ/86,KH/86,966,966
4446,NÆ/86,KH/86,End,1033,1033
4449,Start,KK/86,NÆ/86,758,758
4449,KK/86,NÆ/86,End,832,832
4450,Start,NÆ/86,KH/86,1026,1026
4450,NÆ/86,KH/86,End,1093,1093
4453,Start,KK/86,NÆ/86,818,818
4453,KK/86,NÆ/86,End,892,892
4454,Start,NÆ/86,KK/86,1086,1086
4454,NÆ/86,KK/86,End,1162,1162
4457,Start,KK/86,NÆ/86,878,878
4457,KK/86,NÆ/86,End,952,952
4461,Start,KH/86,NÆ/86,947,947
4461,KH/86,NÆ/86,End,1012,1012
4465,Start,KH/86,NÆ/86,1007,1007
4465,KH/86,NÆ/86,End,1072,1072
4469,Start,KH/86,NÆ/86,1067,1067
4469,KH/86,NÆ/86,End,1132,1132
4473,Start,KH/86,NÆ/86,1127,1127
4473,KH/86,NÆ/86,End,1192,1192
4500,Start,KH/86,HG/86,382,382
4500,KH/86,HG/86,End,437,437
4504,Start,HK/86,HG/86,383,383
4504,HK/86,HG/86,End,497,497
4508,Start,HK/86,HG/86,443,443
4508,HK/86,HG/86,End,557,557
4512,Start,HK/86,HG/86,503,503
4512,HK/86,HG/86,End,617,617
4516,Start,HK/86,HG/86,563,563
4516,HK/86,HG/86,End,677,677
4520,Start,HK/86,HG/86,623,623
4520,HK/86,HG/86,End,737,737
4521,Start,KK/86,HK/86,332,332
4521,KK/86,HK/86,End,397,397
4524,Start,HK/86,HG/86,683,683
4524,HK/86,HG/86,End,797,797
4525,Start,HG/86,HK/86,343,343
4525,HG/86,HK/86,End,457,457
4528,Start,HK/86,HG/86,743,743
4528,HK/86,HG/86,End,857,857
4529,Start,HG/86,HK/86,403,403
4529,HG/86,HK/86,End,517,517
4532,Start,HK/86,HG/86,803,803
4532,HK/86,HG/86,End,917,917
4533,Start,HG/86,HK/86,463,463
4533,HG/86,HK/86,End,577,577
4536,Start,HK/86,HG/86,863,863
4536,HK/86,HG/86,End,977,977
4537,Start,HG/86,HK/86,523,523
4537,HG/86,HK/86,End,637,637
4540,Start,HK/86,HG/86,923,923
4540,HK/86,HG/86,End,1037,1037
4541,Start,HG/86,HK/86,583,583
4541,HG/86,HK/86,End,697,697
4544,Start,HK/86,HG/86,983,983
4544,HK/86,HG/86,End,1097,1097
4545,Start,HG/86,HK/86,643,643
4545,HG/86,HK/86,End,757,757
4548,Start,HK/86,HG/86,1043,1043
4548,HK/86,HG/86,End,1157,1157
4549,Start,HG/86,HK/86,703,703
4549,HG/86,HK/86,End,817,817
4552,Start,HK/86,HG/86,1103,1103
4552,HK/86,HG/86,End,1217,1217
4553,Start,HG/86,HK/86,763,763
4553,HG/86,HK/86,End,877,877
4556,Start,HK/86,HG/86,1163,1163
4556,HK/86,HG/86,End,1277,1277
4557,Start,HG/86,HK/86,823,823
4557,HG/86,HK/86,End,937,937
4560,Start,HK/86,HG/86,1223,1223
4560,HK/86,HG/86,End,1337,1337
4561,Start,HG/86,HK/86,883,883
4561,HG/86,HK/86,End,997,997
4565,Start,HG/86,HK/86,943,943
4565,HG/86,HK/86,End,1057,1057
4569,Start,HG/86,HK/86,1003,1003
4569,HG/86,HK/86,End,1117,1117
4573,Start,HG/86,HK/86,1063,1063
4573,HG/86,HK/86,End,1177,1177
4577,Start,HG/86,HK/86,1123,1123
4577,HG/86,HK/86,End,1237,1237
4581,Start,HG/86,HK/86,1183,1183
4581,HG/86,HK/86,End,1297,1297
4585,Start,HG/86,KH/86,1243,1243
4585,HG/86,KH/86,End,1298,1298
4589,Start,HG/86,KH/86,1303,1303
4589,HG/86,KH/86,End,1358,1358
4708,Start,FA/86,OD/86,334,334
4708,FA/86,OD/86,End,376,376
4713,Start,OD/86,FA/86,340,340
4713,OD/86,FA/86,End,386,386
4714,Start,FA/86,OD/86,422,422
4714,FA/86,OD/86,End,468,468
4716,Start,FA/86,OD/86,450,450
4716,FA/86,OD/86,End,496,496
4719,Start,OD/86,FA/86,432,432
4719,OD/86,FA/86,End,477,477
4721,Start,OD/86,FA/86,460,460
4721,OD/86,FA/86,End,506,506
4724,Start,FA/86,OD/86,570,570
4724,FA/86,OD/86,End,616,616
4729,Start,OD/86,FA/86,580,580
4729,OD/86,FA/86,End,626,626
4732,Start,FA/86,OD/86,690,690
4732,FA/86,OD/86,End,736,736
4737,Start,OD/86,FA/86,704,704
4737,OD/86,FA/86,End,750,750
4740,Start,FA/86,OD/86,810,810
4740,FA/86,OD/86,End,856,856
4745,Start,OD/86,FA/86,820,820
4745,OD/86,FA/86,End,866,866
4748,Start,FA/86,OD/86,930,930
4748,FA/86,OD/86,End,976,976
4753,Start,OD/86,FA/86,943,943
4753,OD/86,FA/86,End,989,989
4756,Start,FA/86,OD/86,1050,1050
4756,FA/86,OD/86,End,1096,1096
4761,Start,OD/86,FA/86,1063,1063
4761,OD/86,FA/86,End,1109,1109
4764,Start,FA/86,OD/86,1170,1170
4764,FA/86,OD/86,End,1216,1216
4769,Start,OD/86,FA/86,1180,1180
4769,OD/86,FA/86,End,1226,1226
4772,Start,FA/86,OD/86,1290,1290
4772,FA/86,OD/86,End,1336,1336
4804,Start,NF/86,NÆ/86,307,307
4804,NF/86,NÆ/86,End,346,346
4808,Start,NF/86,NÆ/86,366,366
4808,NF/86,NÆ/86,End,405,405
4812,Start,NF/86,NÆ/86,427,427
4812,NF/86,NÆ/86,End,466,466
4816,Start,NF/86,NÆ/86,487,487
4816,NF/86,NÆ/86,End,526,526
4817,Start,NÆ/86,NF/86,373,373
4817,NÆ/86,NF/86,End,412,412
4820,Start,NF/86,NÆ/86,547,547
4820,NF/86,NÆ/86,End,586,586
4821,Start,NÆ/86,NF/86,433,433
4821,NÆ/86,NF/86,End,472,472
4824,Start,NF/86,NÆ/86,607,607
4824,NF/86,NÆ/86,End,646,646
4825,Start,NÆ/86,NF/86,493,493
4825,NÆ/86,NF/86,End,532,532
4828,Start,NF/86,NÆ/86,667,667
4828,NF/86,NÆ/86,End,706,706
4829,Start,NÆ/86,NF/86,553,553
4829,NÆ/86,NF/86,End,592,592
4832,Start,NF/86,NÆ/86,727,727
4832,NF/86,NÆ/86,End,766,766
4833,Start,NÆ/86,NF/86,613,613
4833,NÆ/86,NF/86,End,652,652
4836,Start,NF/86,NÆ/86,787,787
4836,NF/86,NÆ/86,End,826,826
4837,Start,NÆ/86,NF/86,673,673
4837,NÆ/86,NF/86,End,712,712
4840,Start,NF/86,NÆ/86,847,847
4840,NF/86,NÆ/86,End,886,886
4841,Start,NÆ/86,NF/86,733,733
4841,NÆ/86,NF/86,End,772,772
4844,Start,NF/86,NÆ/86,907,907
4844,NF/86,NÆ/86,End,946,946
4845,Start,NÆ/86,NF/86,793,793
4845,NÆ/86,NF/86,End,832,832
4848,Start,NF/86,NÆ/86,967,967
4848,NF/86,NÆ/86,End,1006,1006
4849,Start,NÆ/86,NF/86,853,853
4849,NÆ/86,NF/86,End,892,892
4852,Start,NF/86,NÆ/86,1027,1027
4852,NF/86,NÆ/86,End,1066,1066
4853,Start,NÆ/86,NF/86,913,913
4853,NÆ/86,NF/86,End,952,952
4856,Start,NF/86,NÆ/86,1087,1087
4856,NF/86,NÆ/86,End,1126,1126
4857,Start,NÆ/86,NF/86,973,973
4857,NÆ/86,NF/86,End,1012,1012
4860,Start,NF/86,NÆ/86,1147,1147
4860,NF/86,NÆ/86,End,1186,1186
4861,Start,NÆ/86,NF/86,1033,1033
4861,NÆ/86,NF/86,End,1072,1072
4865,Start,NÆ/86,NF/86,1093,1093
4865,NÆ/86,NF/86,End,1132,1132
4869,Start,NÆ/86,NF/86,1153,1153
4869,NÆ/86,NF/86,End,1192,1192
4873,Start,NÆ/86,NF/86,1213,1213
4873,NÆ/86,NF/86,End,1252,1252
4895,Start,KH/86,NF/86,10,10
4895,KH/86,NF/86,End,114,114
5750,Start,FLB/80,FA/86,365,365
5750,FLB/80,FA/86,End,450,450
5751,Start,FA/86,FLB/80,270,270
5751,FA/86,FLB/80,End,353,353
5752,Start,FLB/80,FA/86,485,485
5752,FLB/80,FA/86,End,570,570
5753,Start,FA/86,FLB/80,390,390
5753,FA/86,FLB/80,End,473,473
5754,Start,FLB/80,FA/86,605,605
5754,FLB/80,FA/86,End,690,690
5755,Start,FA/86,FLB/80,510,510
5755,FA/86,FLB/80,End,593,593
5756,Start,FLB/80,FA/86,723,723
5756,FLB/80,FA/86,End,810,810
5757,Start,FA/86,FLB/80,630,630
5757,FA/86,FLB/80,End,713,713
5758,Start,FLB/80,FA/86,845,845
5758,FLB/80,FA/86,End,930,930
5759,Start,FA/86,FLB/80,750,750
5759,FA/86,FLB/80,End,833,833
5760,Start,FLB/80,FA/86,965,965
5760,FLB/80,FA/86,End,1050,1050
5761,Start,FA/86,FLB/80,870,870
5761,FA/86,FLB/80,End,953,953
5762,Start,FLB/80,FA/86,1085,1085
5762,FLB/80,FA/86,End,1170,1170
5763,Start,FA/86,FLB/80,990,990
5763,FA/86,FLB/80,End,1073,1073
5764,Start,FLB/80,FA/86,1205,1205
5764,FLB/80,FA/86,End,1290,1290
5765,Start,FA/86,FLB/80,1110,1110
5765,FA/86,FLB/80,End,1193,1193
5766,Start,FLB/80,FA/86,1325,1325
5766,FLB/80,FA/86,End,1410,1410
5767,Start,FA/86,FLB/80,1230,1230
5767,FA/86,FLB/80,End,1313,1313
6314,Start,CPH/86,KH/86,695,695
6314,CPH/86,KH/86,End,709,709
6320,Start,CPH/86,HGL/86,768,768
6320,CPH/86,HGL/86,End,799,799
6322,Start,KK/86,HGL/86,670,670
6322,KK/86,HGL/86,End,672,672
6343,Start,KH/86,CPH/86,730,730
6343,KH/86,CPH/86,End,744,744
6348,Start,KH/86,HGL/86,580,580
6348,KH/86,HGL/86,End,590,590
6370,Start,KK/86,KH/86,1311,1311
6370,KK/86,KH/86,End,1317,1317
6431,Start,HGL/86,CPH/86,669,669
6431,HGL/86,CPH/86,End,695,695
6432,Start,KH/86,CPH/86,815,815
6432,KH/86,CPH/86,End,828,828
6459,Start,HGL/86,KK/86,754,754
6459,HGL/86,KK/86,End,757,757
7085,Start,FA/86,AR/86,1315,1315
7085,FA/86,AR/86,End,1395,1395
7087,Start,KD/86,FA/86,83,83
7087,KD/86,FA/86,End,102,102
7098,Start,AR/86,FA/86,145,145
7098,AR/86,FA/86,End,225,225
9000,Start,KH/86,HG/86,300,300
9000,KH/86,HG/86,End,332,332
9017,Start,HGL/86,RO/86,264,264
9017,HGL/86,RO/86,End,299,299
9024,Start,KH/86,HG/86,748,748
9024,KH/86,HG/86,End,801,801
9043,Start,HG/86,KK/86,633,633
9043,HG/86,KK/86,End,684,684
9111,Start,NÆ/86,VO/86,281,281
9111,NÆ/86,VO/86,End,295,295
9113,Start,VO/86,NF/86,314,314
9113,VO/86,NF/86,End,329,329
9115,Start,NÆ/86,VO/86,341,341
9115,NÆ/86,VO/86,End,355,355
9163,Start,RO/86,NÆ/86,1008,1008
9163,RO/86,NÆ/86,End,1040,1040
9176,Start,RO/86,KK/86,60,60
9176,RO/86,KK/86,End,92,92
9179,Start,SG/86,OD/86,1279,1279
9179,SG/86,OD/86,End,1312,1312
9300,Start,CPH/86,KH/86,192,192
9300,CPH/86,KH/86,End,205,205
9301,Start,KH/86,CPH/86,75,75
9301,KH/86,CPH/86,End,88,88
9302,Start,CPH/86,KH/86,222,222
9302,CPH/86,KH/86,End,235,235
9303,Start,KH/86,CPH/86,85,85
9303,KH/86,CPH/86,End,97,97
9323,Start,KH/86,CPH/86,382,382
9323,KH/86,CPH/86,End,396,396
9360,Start,CPH/86,KH/86,1243,1243
9360,CPH/86,KH/86,End,1256,1256
9362,Start,CPH/86,KH/86,1239,1239
9362,CPH/86,KH/86,End,1252,1252
9387,Start,KH/86,CPH/86,1321,1321
9387,KH/86,CPH/86,End,1334,1334
9676,Start,KH/86,KK/86,64,64
9676,KH/86,KK/86,End,70,70
9700,Start,KH/86,HGL/86,373,373
9700,KH/86,HGL/86,End,382,382
9701,Start,HGL/86,CPH/86,76,76
9701,HGL/86,CPH/86,End,101,101
9702,Start,CPH/86,HGL/86,369,369
9702,CPH/86,HGL/86,End,397,397
9720,Start,KK/86,HGL/86,692,692
9720,KK/86,HGL/86,End,696,696
9730,Start,KH/86,HGL/86,820,820
9730,KH/86,HGL/86,End,830,830
9782,Start,CPH/86,HGL/86,152,152
9782,CPH/86,HGL/86,End,179,179
9783,Start,HGL/86,KH/86,1267,1267
9783,HGL/86,KH/86,End,1277,1277
9784,Start,CPH/86,HGL/86,170,170
9784,CPH/86,HGL/86,End,192,192
9785,Start,HGL/86,CPH/86,1297,1297
9785,HGL/86,CPH/86,End,1326,1326
9795,Start,HGL/86,KH/86,9,9
9795,HGL/86,KH/86,End,20,20
9797,Start,HGL/86,CPH/86,39,39
9797,HGL/86,CPH/86,End,64,64
12191,Start,HGL/86,KH/86,296,296
12191,HGL/86,KH/86,End,308,308
12196,Start,KH/86,HGL/86,1003,1003
12196,KH/86,HGL/86,End,1015,1015
12198,Start,KH/86,HGL/86,703,703
12198,KH/86,HGL/86,End,715,715
12199,Start,HGL/86,KH/86,1085,1085
12199,HGL/86,KH/86,End,1097,1097
12392,Start,KH/86,HGL/86,1421,1421
12392,KH/86,HGL/86,End,1431,1431
12393,Start,HGL/86,KH/86,471,471
12393,HGL/86,KH/86,End,485,485
12394,Start,KH/86,HGL/86,1183,1183
12394,KH/86,HGL/86,End,1193,1193
12395,Start,HGL/86,KH/86,725,725
12395,HGL/86,KH/86,End,737,737
12396,Start,KH/86,HGL/86,943,943
12396,KH/86,HGL/86,End,953,953
12397,Start,HGL/86,KH/86,844,844
12397,HGL/86,KH/86,End,857,857
12398,Start,KH/86,HGL/86,823,823
12398,KH/86,HGL/86,End,835,835
12399,Start,HGL/86,KH/86,949,949
12399,HGL/86,KH/86,End,962,962
80108,Start,FA/86,HGL/86,356,356
80108,FA/86,HGL/86,End,505,505
80169,Start,HGL/86,FA/86,1055,1055
80169,HGL/86,FA/86,End,1202,1202
940387,Start,AA/80,HMB/80,285,285
940387,AA/80,HMB/80,End,294,294
940397,Start,HMB/80,AA/80,1164,1164
940397,HMB/80,AA/80,End,1177,1177
