TripId,TrainId,FromStation,ToStation,Departure,Arrival,Demand,Composition
2,6,AR/86,VJ/86,254,304,54,ICU-ICU
3,6,VJ/86,FA/86,306,321,58,ICU
4,6,FA/86,CPH/86,327,452,246,EB15Talgo
7,10,AR/86,VJ/86,320,364,153,ICA-ICA
8,10,VJ/86,FA/86,366,381,203,ICA-ICA
9,10,FA/86,CPH/86,387,512,614,ERF-ERF-ERF
12,11,OD/86,FA/86,303,334,10,MGA
13,11,FA/86,VJ/86,338,351,15,MGA
14,11,VJ/86,AR/86,353,398,69,ICU
17,14,AR/86,VJ/86,380,424,413,ICA-ICA-ICA
18,14,VJ/86,FA/86,426,441,462,ICA-ICA-ICA-ICA
19,14,FA/86,CPH/86,447,572,663,ERF-ERF-ERF
22,15,OD/86,FA/86,366,394,92,ERF
23,15,FA/86,VJ/86,396,409,126,ICA
24,15,VJ/86,AR/86,411,455,182,MGA
27,18,AR/86,VJ/86,440,484,485,ICA-ICA-ICA-ICA
28,18,VJ/86,FA/86,486,501,467,ICA-ICA-ICA-ICA
29,18,FA/86,CPH/86,507,632,492,EB15Talgo
32,19,CPH/86,FA/86,326,454,332,EB15Talgo
33,19,FA/86,VJ/86,458,471,300,ICA-ICA
34,19,VJ/86,AR/86,473,518,232,ICA-ICA
37,22,AR/86,VJ/86,500,544,280,ICA-ICA
38,22,VJ/86,FA/86,546,561,268,ICA-ICA
39,22,FA/86,CPH/86,567,692,337,EB15Talgo
42,23,CPH/86,FA/86,386,514,414,EB15Talgo
43,23,FA/86,VJ/86,518,531,253,ICA-ICA-ICA
44,23,VJ/86,AR/86,533,578,226,ICA-ICA
47,26,AR/86,VJ/86,560,604,226,ICA-ICA
48,26,VJ/86,FA/86,606,621,257,ICA-ICA
49,26,FA/86,CPH/86,627,752,373,EB4DD
52,27,CPH/86,FA/86,446,574,482,EB5DD
53,27,FA/86,VJ/86,578,591,231,ICA-ICA
54,27,VJ/86,AR/86,593,638,195,ICA-ICA
57,30,AR/86,VJ/86,620,664,253,ICA-ICA
58,30,VJ/86,FA/86,666,681,278,ICA-ICA
59,30,FA/86,CPH/86,687,812,333,EB15Talgo
62,31,CPH/86,FA/86,506,634,350,EB15Talgo
63,31,FA/86,VJ/86,638,651,227,ICA-ICA
64,31,VJ/86,AR/86,653,698,218,ICA-ICA
67,34,AR/86,VJ/86,680,724,226,ICA-ICA
68,34,VJ/86,FA/86,726,741,248,ICA-ICA
69,34,FA/86,CPH/86,747,872,348,EB4DD
72,35,CPH/86,FA/86,566,694,237,ERF-ERF
73,35,FA/86,VJ/86,698,711,160,ICA-ICA
74,35,VJ/86,AR/86,713,758,146,ICA-ICA
77,38,AR/86,VJ/86,740,784,221,ICA-ICA
78,38,VJ/86,FA/86,786,801,229,ICA-ICA
79,38,FA/86,CPH/86,807,932,388,ERF-ERF
82,39,CPH/86,FA/86,626,754,322,EB4DD
83,39,FA/86,VJ/86,758,771,295,ICU-ICU
84,39,VJ/86,AR/86,773,818,263,ICU-ICU
87,42,AR/86,VJ/86,800,844,267,ICA-ICA
88,42,VJ/86,FA/86,846,861,298,ICA-ICA
89,42,FA/86,CPH/86,867,992,419,EB4DD
92,43,CPH/86,FA/86,686,814,324,EB15Talgo
93,43,FA/86,VJ/86,818,831,278,ICA-ICA
94,43,VJ/86,AR/86,833,878,261,ICA-ICA
97,46,AR/86,VJ/86,860,904,247,ICA-ICA
98,46,VJ/86,FA/86,906,921,264,ICA-ICA
99,46,FA/86,CPH/86,927,1052,409,EB4DD
102,47,CPH/86,FA/86,746,874,365,EB15Talgo
103,47,FA/86,VJ/86,878,891,383,ICA-ICA-ICA
104,47,VJ/86,AR/86,893,938,305,ICA-ICA-ICA
107,50,AR/86,VJ/86,920,964,306,ICA-ICA-ICA
108,50,VJ/86,FA/86,966,981,360,ICA-ICA-ICA
109,50,FA/86,CPH/86,987,1112,494,EB15Talgo
112,51,CPH/86,FA/86,806,934,386,EB4DD
113,51,FA/86,VJ/86,938,951,322,ICA-ICA-ICA
114,51,VJ/86,AR/86,953,998,298,ICA-ICA
117,54,AR/86,VJ/86,980,1024,340,ICA-ICA-ICA
118,54,VJ/86,FA/86,1026,1041,385,ICA-ICA-ICA
119,54,FA/86,CPH/86,1047,1172,393,EB5DD
122,55,CPH/86,FA/86,866,994,441,EB15Talgo
123,55,FA/86,VJ/86,998,1011,379,ICA-ICA-ICA
124,55,VJ/86,AR/86,1013,1058,330,ICA-ICA-ICA
127,58,AR/86,VJ/86,1040,1084,251,ICA-ICA
128,58,VJ/86,FA/86,1086,1101,280,ICA-ICA
129,58,FA/86,CPH/86,1107,1232,309,EB4DD
132,59,CPH/86,FA/86,926,1054,653,ERF-ERF-ERF
133,59,FA/86,VJ/86,1058,1071,407,ICA-ICA-ICA
134,59,VJ/86,AR/86,1073,1118,355,ICA-ICA-ICA
137,62,AR/86,VJ/86,1100,1144,147,ICA
138,62,VJ/86,FA/86,1146,1161,139,ICA
139,62,FA/86,CPH/86,1167,1292,205,EB15Talgo
142,63,CPH/86,FA/86,986,1114,589,ICA-ERF-ERF
143,63,FA/86,VJ/86,1118,1131,364,ICA-ICA-ICA
144,63,VJ/86,AR/86,1133,1178,337,ICA-ICA-ICA
147,66,AR/86,VJ/86,1160,1204,106,ICA
148,66,VJ/86,FA/86,1206,1221,119,ICA
149,66,FA/86,CPH/86,1227,1352,182,EB4DD
152,67,CPH/86,FA/86,1047,1174,380,EB4DD
153,67,FA/86,VJ/86,1178,1191,270,ICU-ICU
154,67,VJ/86,AR/86,1193,1238,233,ICU-ICU
157,70,AR/86,VJ/86,1220,1264,183,MGA
158,70,VJ/86,FA/86,1266,1281,173,MGA
159,70,FA/86,CPH/86,1287,1412,170,EB15Talgo
162,71,CPH/86,FA/86,1106,1234,232,EB4DD
163,71,FA/86,VJ/86,1238,1251,208,ICA-ICA
164,71,VJ/86,AR/86,1253,1298,205,ICA-ICA
167,74,AR/86,VJ/86,1280,1324,38,ICA
168,74,VJ/86,FA/86,1326,1341,15,MGA
171,75,CPH/86,FA/86,1166,1294,248,EB4DD
172,75,FA/86,VJ/86,1298,1311,161,MGA
173,75,VJ/86,AR/86,1313,1358,131,ICA
176,79,CPH/86,FA/86,1226,1354,308,EB5DD
177,79,FA/86,VJ/86,1358,1371,116,ICA
178,79,VJ/86,AR/86,1373,1418,115,ICA-ICA
181,100,OD/86,KK/86,249,361,141,ERF
184,101,KH/86,FA/86,35,177,115,EB4DD
185,101,FA/86,AR/86,183,248,69,ICU
188,104,FA/86,KK/86,296,439,319,EB4DD
191,107,KH/86,FA/86,155,295,53,EB15Talgo
192,107,FA/86,AR/86,305,365,96,ICA
195,112,FA/86,HGL/86,416,565,391,EB4DD
198,113,KH/86,FA/86,230,362,49,EB4DD
201,116,FA/86,HGL/86,476,625,169,ERF
204,117,KH/86,FA/86,290,422,107,EB4DD
207,120,AR/86,FA/86,470,531,254,ICA-ICA
208,120,FA/86,KK/86,536,679,146,ICA
211,121,KH/86,FA/86,350,482,212,ERF
214,124,FA/86,KH/86,596,730,135,ERF
217,125,KK/86,FA/86,401,542,305,ERF-ERF
218,125,FA/86,AR/86,549,608,115,ICA
221,128,FA/86,KK/86,656,799,125,EB15Talgo
224,129,KK/86,FA/86,461,602,252,EB4DD
227,132,FA/86,HGL/86,716,869,165,ERF
230,133,HGL/86,FA/86,515,662,151,EB15Talgo
233,136,AR/86,FA/86,710,771,103,ICA
234,136,FA/86,HGL/86,776,929,250,EB5DD
237,137,KH/86,FA/86,590,722,85,EB4DD
240,140,FA/86,KK/86,836,979,236,EB15Talgo
243,141,KH/86,FA/86,650,782,121,ERF
244,141,FA/86,AR/86,789,848,111,ICA
247,144,FA/86,HGL/86,896,1049,262,EB15Talgo
250,145,KK/86,FA/86,701,842,123,EB4DD
253,148,FA/86,KK/86,956,1099,187,ERF
256,149,KK/86,FA/86,761,902,141,ERF
259,152,AR/86,FA/86,950,1011,149,ICA
260,152,FA/86,KH/86,1016,1150,145,EB15Talgo
263,153,KK/86,FA/86,821,962,241,EB15Talgo
266,156,FA/86,KK/86,1076,1219,85,ERF
269,157,HGL/86,FA/86,874,1022,465,EB5DD
270,157,FA/86,AR/86,1029,1088,151,ICA
273,160,FA/86,KH/86,1136,1270,80,EB5DD
276,161,HGL/86,FA/86,934,1082,519,EB5DD
279,164,FA/86,KH/86,1196,1330,92,EB4DD
282,165,KK/86,FA/86,1001,1142,395,EB15Talgo
285,168,FA/86,KH/86,1256,1390,58,EB4DD
288,172,FA/86,KH/86,1316,1450,61,EB4DD
291,173,KK/86,FA/86,1121,1262,130,ICA
294,176,AR/86,FA/86,1310,1371,82,ICA
295,176,FA/86,KH/86,1376,1510,68,EB5DD
298,177,HGL/86,FA/86,1174,1322,125,ICA
301,181,KH/86,FA/86,1250,1382,166,EB4DD
302,181,FA/86,AR/86,1388,1458,31,ICA
305,182,AR/86,FA/86,1370,1431,53,ICU
306,182,FA/86,KH/86,1436,1585,84,EB4DD
309,185,KH/86,OD/86,1310,1408,163,ERF
312,190,AR/86,FA/86,40,111,35,ICA
313,190,FA/86,KH/86,116,265,151,ERF
316,191,KH/86,FA/86,1370,1502,340,EB15Talgo
317,191,FA/86,AR/86,1508,1578,170,MGA
320,193,KH/86,OD/86,1430,1528,213,ERF
323,200,RO/86,CPH/86,320,354,60,MGA
326,202,OD/86,CPH/86,307,414,162,ERF
329,206,OD/86,CPH/86,369,474,249,ICA-ERF
332,208,OD/86,CPH/86,429,534,238,ICA-ICA
335,214,OD/86,CPH/86,490,594,143,EB4DD
338,218,SG/86,CPH/86,584,654,70,ERF
341,222,SG/86,CPH/86,644,714,74,ERF
344,223,CPH/86,OD/86,365,468,188,EB5DD
347,226,SG/86,CPH/86,704,774,87,ERF
350,227,CPH/86,OD/86,425,530,208,ERF
353,230,SG/86,CPH/86,764,834,74,ERF
356,231,CPH/86,SG/86,485,555,109,ERF
359,234,SG/86,CPH/86,824,894,134,ERF
362,235,CPH/86,SG/86,545,615,72,ERF
365,238,OD/86,CPH/86,849,954,218,ERF
368,239,CPH/86,SG/86,605,675,46,ERF
371,242,OD/86,CPH/86,909,1014,179,ERF
374,243,CPH/86,SG/86,665,735,42,ERF
377,246,OD/86,CPH/86,969,1074,97,ERF
380,247,CPH/86,SG/86,725,795,42,ERF
383,250,OD/86,CPH/86,1029,1134,70,EB4DD
386,251,CPH/86,OD/86,785,890,138,ERF
389,254,SG/86,CPH/86,1124,1194,44,ERF
392,255,CPH/86,OD/86,845,950,217,ERF
395,258,SG/86,CPH/86,1184,1254,63,ERF
398,259,CPH/86,OD/86,905,1010,347,EB4DD
401,262,SG/86,CPH/86,1244,1314,27,ERF
404,263,CPH/86,OD/86,965,1070,248,ICA-ICA
407,266,RO/86,CPH/86,1340,1374,12,EB15Talgo
410,267,CPH/86,SG/86,1025,1095,87,ERF
413,270,RO/86,CPH/86,1400,1434,10,ICA-ERF
416,271,CPH/86,SG/86,1085,1155,69,ERF
419,274,RO/86,CPH/86,20,54,13,MGA
422,275,CPH/86,SG/86,1145,1215,44,ERF
425,279,CPH/86,SG/86,1205,1275,64,EB15Talgo
428,283,CPH/86,RO/86,1265,1299,73,EB4DD
431,287,CPH/86,RO/86,1325,1359,24,ERF
434,291,CPH/86,RO/86,1385,1419,35,MGA
437,295,CPH/86,RO/86,5,39,9,ERF
440,392,HMB/80,KH/86,1130,1417,25,EB4DD
443,393,KH/86,HMB/80,502,786,229,EB4DD
446,394,HMB/80,KH/86,893,1178,232,EB4DD
449,395,KH/86,HMB/80,742,1024,282,EB4DD
452,396,HMB/80,KH/86,653,938,274,EB15Talgo
455,397,KH/86,HMB/80,862,1144,149,EB15Talgo
458,398,HMB/80,KH/86,535,818,243,EB15Talgo
461,399,KH/86,HMB/80,982,1264,201,EB15Talgo
464,412,AR/86,FA/86,350,409,162,ICA-ICA
467,413,FA/86,AR/86,369,428,167,MGA
470,416,AR/86,FA/86,410,469,239,ICA-ICA
473,417,FA/86,AR/86,429,488,213,ICA-ICA
476,421,FA/86,AR/86,489,548,138,ICA
479,424,AR/86,FA/86,530,589,151,ICA
482,428,AR/86,FA/86,590,649,69,ICA
485,429,FA/86,AR/86,609,668,92,ICA
488,432,AR/86,FA/86,650,709,96,ICU
491,433,FA/86,AR/86,669,728,119,ICA
494,437,FA/86,AR/86,729,788,135,ICA
497,440,AR/86,FA/86,770,829,113,ICA
500,444,AR/86,FA/86,830,889,230,ICU-ICU
503,445,FA/86,AR/86,849,908,217,ICA-ICA
506,448,AR/86,FA/86,890,949,127,ICA
509,449,FA/86,AR/86,909,968,286,ICA-ICA
512,453,FA/86,AR/86,969,1028,231,ICA-ICA
515,456,AR/86,FA/86,1010,1069,151,ICA
518,460,AR/86,FA/86,1070,1129,87,ICA
521,461,FA/86,AR/86,1089,1148,128,ICA
524,464,AR/86,FA/86,1130,1189,100,ICA
527,465,FA/86,AR/86,1149,1208,106,ICA
530,468,AR/86,FA/86,1190,1249,52,ICA
533,469,FA/86,AR/86,1209,1268,94,ICA
536,471,FA/86,AR/86,1269,1328,49,ICA
539,474,AR/86,FA/86,1250,1309,95,ICA
542,477,FA/86,AR/86,1329,1400,48,ICA
545,484,AR/86,KD/86,1430,1513,27,ICA
548,485,FA/86,AR/86,9,80,7,ICU
551,608,OD/86,KH/86,379,458,368,ERF-ICA
554,649,KH/86,FA/86,802,907,50,ICA
557,659,KH/86,FA/86,922,1027,176,ERF
560,722,STR/86,FA/86,424,554,75,ICA
563,723,FA/86,STR/86,523,648,67,ICA
566,731,FA/86,STR/86,643,768,72,ICA
569,738,STR/86,FA/86,664,794,82,ICA
572,746,STR/86,FA/86,784,914,124,ICA
575,747,VJ/86,STR/86,899,1008,76,ICA
578,762,STR/86,FA/86,1024,1154,52,ICA
581,763,FA/86,STR/86,1123,1248,97,ICA
584,802,OD/86,HGL/86,300,403,246,ERF-ERF
587,806,ES/86,OD/86,272,352,35,ICA
588,806,OD/86,HGL/86,360,463,529,ERF-ICA-ICA
591,810,ES/86,OD/86,332,412,141,ICA
592,810,OD/86,HGL/86,420,523,558,ERF-ERF-ICA
595,814,ES/86,OD/86,392,472,191,ERF
596,814,OD/86,HGL/86,480,583,305,EB5DD
599,815,OD/86,ES/86,369,456,88,ICA
602,818,ES/86,OD/86,451,532,112,ICA
603,818,OD/86,HGL/86,540,643,143,ICA
606,819,HGL/86,OD/86,316,420,109,ERF-ERF-ERF
607,819,OD/86,ES/86,429,506,145,ERF
610,822,ES/86,OD/86,511,592,74,ICA
611,822,OD/86,KK/86,600,697,158,ERF
614,823,KK/86,OD/86,383,480,186,ERF
615,823,OD/86,ES/86,489,566,137,ERF
618,826,ES/86,OD/86,572,652,54,ERF
619,826,OD/86,HGL/86,660,763,140,ERF
622,827,HGL/86,OD/86,436,540,259,ERF-ERF
623,827,OD/86,ES/86,549,626,107,ERF
626,830,ES/86,OD/86,632,712,98,ERF
627,830,OD/86,HGL/86,720,823,155,EB4DD
630,831,HGL/86,OD/86,496,600,155,ERF
631,831,OD/86,ES/86,609,686,84,ERF
634,834,ES/86,OD/86,692,772,102,ERF
635,834,OD/86,HGL/86,780,883,205,ERF
638,835,HGL/86,OD/86,556,660,114,ERF
639,835,OD/86,ES/86,669,746,74,ERF
642,838,ES/86,OD/86,752,832,106,ERF
643,838,OD/86,HGL/86,840,943,175,ERF
646,839,KK/86,OD/86,623,720,157,EB4DD
647,839,OD/86,ES/86,729,806,104,ERF
650,842,ES/86,OD/86,812,892,152,ERF
651,842,OD/86,HGL/86,900,1003,242,EB4DD
654,843,HGL/86,OD/86,676,780,157,ERF
655,843,OD/86,ES/86,789,866,116,ERF
658,846,ES/86,OD/86,872,952,177,ERF
659,846,OD/86,HGL/86,960,1063,232,EB4DD
662,847,HGL/86,OD/86,736,840,139,ERF
663,847,OD/86,ES/86,849,926,91,ERF
666,850,ES/86,OD/86,932,1012,174,ERF
667,850,OD/86,HGL/86,1020,1123,165,ERF
670,851,HGL/86,OD/86,796,900,189,EB4DD
671,851,OD/86,ES/86,909,986,148,ERF
674,854,ES/86,OD/86,992,1072,105,ERF
675,854,OD/86,HGL/86,1080,1183,119,ERF
678,855,HGL/86,OD/86,856,960,314,EB4DD
679,855,OD/86,ES/86,969,1046,171,ERF
682,858,ES/86,OD/86,1052,1132,70,ERF
683,858,OD/86,HGL/86,1140,1243,99,ERF
686,859,HGL/86,OD/86,916,1020,561,ERF-ERF-ICA
687,859,OD/86,ES/86,1029,1106,205,ERF
690,862,ES/86,OD/86,1112,1192,32,ERF
691,862,OD/86,KK/86,1200,1297,93,EB4DD
694,863,HGL/86,OD/86,976,1080,583,ERF-ERF-ICA
695,863,OD/86,ES/86,1089,1166,155,ERF
698,866,ES/86,OD/86,1172,1252,46,ERF
699,866,OD/86,KK/86,1260,1360,61,ERF
702,867,HGL/86,OD/86,1036,1140,372,EB4DD
703,867,OD/86,ES/86,1149,1226,114,ERF
706,871,HGL/86,OD/86,1096,1200,158,EB4DD
707,871,OD/86,ES/86,1209,1286,75,ERF
710,875,HGL/86,OD/86,1156,1260,174,ERF
711,875,OD/86,ES/86,1269,1346,80,ERF
714,879,HGL/86,OD/86,1216,1320,191,ERF
717,883,HGL/86,OD/86,1276,1380,123,ICA
720,910,SDB/86,FA/86,284,377,67,ERF
723,911,FA/86,SDB/86,341,432,13,ICA
726,918,SDB/86,FA/86,404,497,87,ICA
729,919,FA/86,SDB/86,461,552,64,ICA
732,926,SDB/86,FA/86,524,617,87,ICA
735,927,FA/86,SDB/86,581,672,64,ERF
738,934,SDB/86,FA/86,644,737,73,ICA
741,935,FA/86,SDB/86,701,792,63,ICA
744,942,SDB/86,FA/86,764,857,67,ERF
747,943,FA/86,SDB/86,821,912,105,ICA
750,950,SDB/86,FA/86,884,977,78,ICA
753,951,FA/86,SDB/86,941,1032,111,ERF
756,958,SDB/86,FA/86,1004,1097,55,ICA
759,959,FA/86,SDB/86,1061,1152,109,ERF
762,966,SDB/86,FA/86,1124,1217,32,ERF
765,967,FA/86,SDB/86,1181,1272,65,ERF
768,974,SDB/86,FA/86,1244,1337,17,ERF
771,975,FA/86,SDB/86,1301,1392,43,ICA
774,982,SDB/86,FA/86,1364,1457,2,ERF
777,983,FA/86,SDB/86,1436,1527,8,ERF
780,1191,KH/86,PA/86,322,477,58,ERF
781,1191,PA/86,HMB/80,482,604,0,ERF
784,1196,HMB/80,PA/86,712,833,0,ERF
785,1196,PA/86,KH/86,843,998,149,ERF
788,1198,HMB/80,PA/86,410,534,0,EB15Talgo
789,1198,PA/86,KH/86,543,698,68,EB15Talgo
792,1199,KH/86,PA/86,1102,1257,158,EB15Talgo
793,1199,PA/86,HMB/80,1262,1384,0,EB15Talgo
796,1204,NF/86,KH/86,338,415,224,ICA-ICA
799,1208,NF/86,KH/86,398,475,395,ICA-ICA-ICA
802,1212,NF/86,KH/86,458,535,258,ICA-ICA
805,1216,NF/86,KH/86,518,595,183,MGA
808,1220,NF/86,KH/86,578,655,100,ICA
811,1221,KH/86,NF/86,364,449,79,ICA
814,1224,NF/86,KH/86,638,715,103,ICA
817,1225,KH/86,NF/86,428,503,165,MGA
820,1228,NF/86,KH/86,698,775,98,ICA
823,1229,KH/86,NF/86,488,563,128,ICA
826,1232,NF/86,KH/86,758,835,99,ICA
829,1233,KH/86,NF/86,548,623,71,ICA
832,1236,NF/86,KH/86,818,895,120,ICA
835,1237,KH/86,NF/86,608,683,71,ICA
838,1240,NF/86,KH/86,878,955,157,ICA-ICA
841,1241,KH/86,NF/86,668,743,67,ICA
844,1244,NF/86,KH/86,938,1015,179,MGA
847,1245,KH/86,NF/86,728,803,76,ICA
850,1248,NF/86,KH/86,998,1075,104,ICA
853,1249,KH/86,NF/86,788,863,99,ICA
856,1252,NF/86,KH/86,1058,1135,64,ICA
859,1253,KH/86,NF/86,848,923,161,MGA
862,1256,NF/86,KH/86,1118,1195,51,ICA
865,1257,KH/86,NF/86,908,983,320,ICA-ICA-ICA
868,1260,NF/86,KH/86,1178,1255,69,ICA
871,1261,KH/86,NF/86,968,1043,417,ICA-ICA-ICA
874,1264,NF/86,KH/86,1229,1315,77,ICA
877,1265,KH/86,NF/86,1028,1103,240,ICA-ICA
880,1268,NF/86,KH/86,1286,1374,44,ICA
883,1269,KH/86,NF/86,1088,1163,138,ICA
886,1272,NF/86,KH/86,1346,1434,21,ICU
889,1273,KH/86,NF/86,1148,1223,88,ICA
892,1276,NF/86,KH/86,1406,1494,10,ICU
895,1277,KH/86,NF/86,1207,1291,94,ICA
898,1281,KH/86,NF/86,1267,1351,99,ICU
901,1285,KH/86,NF/86,1327,1415,87,ICA
904,1289,KH/86,NF/86,1387,1475,117,ICA
907,1401,CPH/86,KH/86,12,25,74,EB15Talgo
910,1407,CPH/86,KH/86,132,145,15,MGA
913,1413,CPH/86,KH/86,206,219,4,ERF-ERF
916,1417,CPH/86,KH/86,266,279,263,EB15Talgo
919,1472,KH/86,CPH/86,19,32,3,EB5DD
922,1476,KH/86,CPH/86,79,92,22,ERF
925,1482,KH/86,CPH/86,163,177,38,EB5DD
928,1485,CPH/86,KH/86,1286,1300,46,ERF
931,1489,CPH/86,KH/86,1346,1360,53,ICA
934,1490,KH/86,CPH/86,279,292,132,EB15Talgo
937,1493,CPH/86,KH/86,1406,1420,59,EB4DD
940,1500,KB/86,KK/86,270,376,115,ICA
943,1504,KB/86,KK/86,337,427,182,MGA
946,1508,KB/86,HGL/86,397,493,402,MGA-MGA
949,1512,KB/86,KK/86,457,547,242,MGA-MGA
952,1516,KB/86,KK/86,517,607,183,MGA
955,1517,KK/86,KB/86,293,385,51,MGA
958,1520,KB/86,KK/86,577,667,99,ICA
961,1521,HGL/86,KB/86,347,445,151,MGA
964,1524,KB/86,KK/86,637,727,129,ICA
967,1525,KK/86,KB/86,413,505,219,MGA-MGA
970,1528,KB/86,KK/86,697,787,102,ICA
973,1529,KK/86,KB/86,473,565,166,MGA
976,1532,KB/86,KK/86,757,847,142,ICA
979,1533,KK/86,KB/86,533,625,95,ICA
982,1536,KB/86,KK/86,817,907,181,MGA
985,1537,KK/86,KB/86,593,685,71,ICA
988,1540,KB/86,KK/86,877,967,282,MGA-MGA
991,1541,KH/86,KB/86,662,745,44,ICA-ICA
994,1544,KB/86,KK/86,937,1027,220,ICA-ICA
997,1545,KK/86,KB/86,713,805,80,ICA
1000,1548,KB/86,KK/86,997,1087,144,MGA
1003,1549,KK/86,KB/86,773,865,89,ICA
1006,1552,KB/86,KK/86,1057,1147,80,ICA
1009,1553,KK/86,KB/86,833,925,126,ICA
1012,1556,KB/86,HGL/86,1117,1214,49,ICA
1015,1557,KK/86,KB/86,893,985,198,MGA
1018,1560,KB/86,KK/86,1177,1266,100,ICA
1021,1561,KK/86,KB/86,953,1045,280,MGA-MGA
1024,1564,KB/86,KK/86,1237,1326,56,MGA
1027,1565,KK/86,KB/86,1013,1105,212,ICA-ICA
1030,1569,KK/86,KB/86,1073,1165,132,ICA
1033,1570,KB/86,KH/86,1310,1410,36,ICA
1036,1573,KK/86,KB/86,1133,1225,78,ICA
1039,1574,KB/86,KH/86,1370,1470,21,ICA
1042,1577,KH/86,KB/86,1202,1285,75,ICA
1045,1581,KK/86,KB/86,1253,1346,123,ICA
1048,1583,KK/86,KB/86,1274,1393,176,MGA
1051,1587,KK/86,KB/86,1343,1453,171,MGA
1054,1591,KH/86,KB/86,1410,1510,102,MGA
1057,2085,HG/86,KH/86,1258,1313,48,ERF
1060,2089,HG/86,KH/86,1318,1373,36,EB5DD
1063,2093,HG/86,KH/86,1378,1433,20,EB5DD
1066,2200,KH/86,HG/86,307,362,29,EB5DD
1069,2202,KH/86,HG/86,367,422,19,EB5DD
1072,2204,NÆ/86,HG/86,358,482,229,EB4DD
1075,2208,NÆ/86,HG/86,418,542,481,EB5DD
1078,2212,NÆ/86,HG/86,478,602,203,ERF
1081,2216,NÆ/86,HG/86,538,662,199,ERF
1084,2217,KH/86,NÆ/86,296,362,36,ERF
1087,2219,HG/86,KH/86,298,353,57,ERF
1090,2220,NÆ/86,HG/86,598,722,82,ERF
1093,2221,KH/86,NÆ/86,356,422,55,ERF
1096,2224,NÆ/86,HG/86,658,782,106,ERF
1099,2225,HG/86,NÆ/86,358,482,192,ERF
1102,2228,NÆ/86,HG/86,718,842,113,ERF
1105,2229,HG/86,NÆ/86,418,542,398,EB4DD
1108,2232,NÆ/86,HG/86,778,902,143,ERF
1111,2233,HG/86,NÆ/86,478,602,377,EB4DD
1114,2236,NÆ/86,HG/86,838,962,323,EB5DD
1117,2237,HG/86,NÆ/86,538,662,99,ERF
1120,2240,NÆ/86,HG/86,898,1022,415,EB4DD
1123,2241,HG/86,NÆ/86,598,722,106,EB4DD
1126,2244,NÆ/86,HG/86,958,1082,319,EB5DD
1129,2245,HG/86,NÆ/86,658,782,110,EB4DD
1132,2248,NÆ/86,HG/86,1018,1142,109,ERF
1135,2249,HG/86,NÆ/86,718,842,109,ERF
1138,2252,NÆ/86,HG/86,1078,1202,89,ERF
1141,2253,HG/86,NÆ/86,778,902,197,ERF
1144,2256,NÆ/86,HG/86,1138,1262,104,ERF
1147,2257,HG/86,NÆ/86,838,962,305,ICA-ERF
1150,2260,NÆ/86,HG/86,1198,1322,88,ERF
1153,2261,HG/86,NÆ/86,898,1022,437,ERF-ERF
1156,2264,NÆ/86,HG/86,1258,1382,125,EB5DD
1159,2265,HG/86,NÆ/86,958,1082,340,ICA-ERF
1162,2268,NÆ/86,HG/86,1318,1442,94,ERF
1165,2269,HG/86,NÆ/86,1018,1142,155,ERF
1168,2270,NÆ/86,KH/86,1365,1430,20,ICA
1171,2272,KH/86,HG/86,7,62,29,EB4DD
1174,2273,HG/86,NÆ/86,1078,1202,98,EB5DD
1177,2277,HG/86,NÆ/86,1138,1262,95,EB5DD
1180,2281,HG/86,NÆ/86,1198,1322,87,EB4DD
1183,2287,HG/86,NÆ/86,1273,1396,184,EB4DD
1186,2291,KH/86,NÆ/86,1390,1454,102,EB4DD
1189,2297,HG/86,KH/86,1438,1493,2,EB4DD
1192,2299,KH/86,NÆ/86,70,134,28,ERF
1195,2304,FA/86,ES/86,307,370,19,ERF
1198,2308,FA/86,ES/86,367,430,44,ICA
1201,2312,FA/86,ES/86,411,474,81,ICA
1204,2313,ES/86,FA/86,303,367,49,ERF
1207,2316,FA/86,ES/86,471,534,132,ICA
1210,2317,ES/86,FA/86,362,427,86,ERF
1213,2320,FA/86,ES/86,531,594,37,ICA
1216,2321,ES/86,FA/86,422,487,67,ICA
1219,2324,FA/86,ES/86,591,654,100,EB5DD
1222,2325,ES/86,FA/86,484,549,54,ICA
1225,2328,FA/86,ES/86,651,714,37,ERF
1228,2329,ES/86,FA/86,543,607,30,ERF
1231,2332,FA/86,ES/86,711,774,82,ERF
1234,2333,ES/86,FA/86,603,667,59,ICA
1237,2336,FA/86,ES/86,771,834,43,EB4DD
1240,2337,ES/86,FA/86,663,727,69,EB5DD
1243,2340,FA/86,ES/86,831,894,108,ERF
1246,2341,ES/86,FA/86,724,789,26,ERF
1249,2344,FA/86,ES/86,891,954,124,ICA
1252,2345,ES/86,FA/86,783,847,82,ERF
1255,2348,FA/86,ES/86,951,1014,109,EB4DD
1258,2349,ES/86,FA/86,843,907,88,EB4DD
1261,2352,FA/86,ES/86,1011,1074,55,ERF
1264,2353,ES/86,FA/86,903,967,147,ERF
1267,2356,FA/86,ES/86,1071,1134,82,ERF
1270,2357,ES/86,FA/86,964,1029,146,ICA
1273,2360,FA/86,ES/86,1131,1194,44,ERF
1276,2361,ES/86,FA/86,1023,1087,72,EB4DD
1279,2364,FA/86,ES/86,1191,1254,73,ICA
1282,2365,ES/86,FA/86,1083,1147,46,ERF
1285,2368,FA/86,ES/86,1251,1314,55,ICA
1288,2369,ES/86,FA/86,1143,1207,55,ERF
1291,2371,ES/86,FA/86,1203,1267,78,ERF
1294,2374,FA/86,ES/86,1311,1374,35,ERF
1297,2376,FA/86,ES/86,1392,1455,55,ERF
1300,2377,ES/86,FA/86,1263,1327,48,ERF
1303,2383,ES/86,FA/86,1361,1425,26,ERF
1306,2387,ES/86,FA/86,1421,1485,3,ERF
1309,2400,NÆ/86,KH/86,276,343,55,EB4DD
1312,2404,NÆ/86,KH/86,336,403,122,EB4DD
1315,2408,NÆ/86,KH/86,396,463,300,ERF-ERF
1318,2412,NÆ/86,KK/86,456,532,231,ICA-ICA-ICA
1321,2416,NÆ/86,KK/86,516,592,123,EB5DD
1324,2419,KH/86,NÆ/86,317,382,19,ERF
1327,2420,NÆ/86,KK/86,576,652,64,EB5DD
1330,2423,KH/86,NÆ/86,377,442,43,ICU
1333,2424,NÆ/86,KH/86,636,703,51,EB4DD
1336,2427,KH/86,NÆ/86,437,502,85,EB5DD
1339,2428,NÆ/86,KK/86,696,772,64,EB5DD
1342,2431,KH/86,NÆ/86,497,562,63,ERF
1345,2432,NÆ/86,KK/86,756,832,47,EB5DD
1348,2435,KH/86,NÆ/86,557,622,45,ERF
1351,2436,NÆ/86,KH/86,816,883,84,ERF
1354,2439,KK/86,NÆ/86,608,682,33,EB5DD
1357,2440,NÆ/86,KH/86,876,943,90,ERF
1360,2443,KK/86,NÆ/86,668,742,42,ERF
1363,2444,NÆ/86,KH/86,936,1003,107,ICA
1366,2447,KK/86,NÆ/86,728,802,55,ERF
1369,2448,NÆ/86,KH/86,996,1063,56,ERF
1372,2451,KK/86,NÆ/86,788,862,78,EB5DD
1375,2452,NÆ/86,KH/86,1056,1123,44,EB5DD
1378,2455,KK/86,NÆ/86,848,922,132,EB5DD
1381,2456,NÆ/86,KK/86,1116,1192,33,EB5DD
1384,2459,KK/86,NÆ/86,908,982,235,ICA-ICA
1387,2460,NÆ/86,KH/86,1176,1243,52,ERF
1390,2463,KH/86,NÆ/86,977,1042,386,ERF-ERF
1393,2464,NÆ/86,KH/86,1236,1303,46,EB15Talgo
1396,2467,KH/86,NÆ/86,1037,1102,176,ERF
1399,2468,NÆ/86,KH/86,1296,1363,24,ERF
1402,2471,KH/86,NÆ/86,1097,1162,88,ERF
1405,2474,NÆ/86,KK/86,1356,1440,25,MGA
1408,2475,KH/86,NÆ/86,1157,1222,71,EB15Talgo
1411,2476,NÆ/86,HGL/86,1416,1506,1,ERF
1414,2479,KK/86,NÆ/86,1208,1282,75,EB5DD
1417,2483,KK/86,NÆ/86,1268,1342,71,ICA
1420,2487,KK/86,NÆ/86,1328,1402,66,EB4DD
1423,2491,KH/86,NÆ/86,1397,1462,49,EB4DD
1426,2495,KH/86,NÆ/86,17,77,22,ICU
1429,2500,KH/86,HG/86,352,407,13,EB4DD
1432,2502,HK/86,HG/86,353,467,206,ERF
1435,2506,HK/86,HG/86,413,527,523,ERF-ICA-ICA
1438,2510,HK/86,HG/86,473,587,424,EB4DD
1441,2514,HK/86,HG/86,533,647,279,EB4DD
1444,2518,HK/86,HG/86,593,707,131,EB5DD
1447,2519,KH/86,HK/86,312,367,18,ERF-ERF-ICA-ICA-ICA
1450,2522,HK/86,HG/86,653,767,148,EB15Talgo
1453,2523,HGL/86,HK/86,356,427,55,ERF
1456,2526,HK/86,HG/86,713,827,163,EB5DD
1459,2527,HG/86,HK/86,373,487,360,EB5DD
1462,2530,HK/86,HG/86,773,887,161,ERF
1465,2531,HG/86,HK/86,433,547,421,EB5DD
1468,2534,HK/86,HG/86,833,947,211,ERF
1471,2535,HG/86,HK/86,493,607,259,ICA-ERF
1474,2538,HK/86,HG/86,893,1007,354,ICA-ERF
1477,2539,HG/86,HK/86,553,667,198,ERF
1480,2542,HK/86,HG/86,953,1067,315,EB5DD
1483,2543,HG/86,HK/86,613,727,104,ERF
1486,2546,HK/86,HG/86,1013,1127,170,ERF
1489,2547,HG/86,HK/86,673,787,122,EB5DD
1492,2550,HK/86,HG/86,1073,1187,107,EB4DD
1495,2551,HG/86,HK/86,733,847,144,EB5DD
1498,2554,HK/86,HG/86,1133,1247,80,EB5DD
1501,2555,HG/86,HK/86,793,907,233,EB15Talgo
1504,2558,HK/86,HG/86,1193,1307,135,EB5DD
1507,2559,HG/86,HK/86,853,967,354,EB5DD
1510,2562,HK/86,HGL/86,1253,1324,52,ERF
1513,2563,HG/86,HK/86,913,1027,431,EB15Talgo
1516,2566,HK/86,HGL/86,1313,1384,40,ERF
1519,2567,HG/86,HK/86,973,1087,354,EB5DD
1522,2571,HG/86,HK/86,1033,1147,161,ERF
1525,2575,HG/86,HK/86,1093,1207,106,EB5DD
1528,2579,HG/86,KH/86,1153,1208,52,ICU
1531,2583,HG/86,RO/86,1213,1298,86,EB15Talgo
1534,2595,HG/86,HK/86,1408,1525,33,ERF
1537,2599,HG/86,KH/86,28,83,16,ERF-ERF-ERF
1540,2710,FA/86,OD/86,371,436,29,ICU
1543,2715,OD/86,FA/86,400,450,29,MGA
1546,2720,FA/86,OD/86,510,564,27,ICU
1549,2727,OD/86,FA/86,526,588,10,ERF
1552,2728,FA/86,OD/86,635,694,11,ICA
1555,2733,OD/86,FA/86,639,689,8,ICU
1558,2736,FA/86,OD/86,750,801,15,MGA
1561,2741,OD/86,FA/86,758,811,19,ICA
1564,2742,FA/86,OD/86,873,934,30,ERF
1567,2751,OD/86,FA/86,885,948,52,ICA
1570,2754,FA/86,OD/86,1000,1067,12,MGA
1573,2759,OD/86,FA/86,1005,1068,45,ICA
1576,2760,FA/86,OD/86,1110,1164,16,ERF
1579,2765,OD/86,FA/86,1116,1170,19,ERF
1582,2768,FA/86,OD/86,1230,1284,58,ERF-ERF
1585,2776,FA/86,OD/86,1347,1401,15,ERF
1588,2777,OD/86,FA/86,1296,1350,37,ERF
1591,2785,OD/86,FA/86,1416,1470,14,ICA
1594,2909,FA/86,AR/86,314,383,41,ICA
1597,2912,AR/86,FA/86,338,406,85,ICA
1600,2913,FA/86,AR/86,376,446,54,ICA
1603,2916,AR/86,FA/86,398,466,117,ICA
1606,2917,FA/86,AR/86,432,500,104,MGA
1609,2920,AR/86,FA/86,458,526,138,ICA
1612,2921,FA/86,AR/86,494,563,33,ICA
1615,2924,AR/86,FA/86,518,586,139,ICA
1618,2925,FA/86,AR/86,554,623,98,ICA
1621,2928,AR/86,FA/86,578,646,101,ICA
1624,2929,FA/86,AR/86,614,683,34,ICA
1627,2932,AR/86,FA/86,638,706,99,ICA
1630,2933,FA/86,AR/86,674,743,30,ICA
1633,2936,AR/86,FA/86,698,766,142,ICA
1636,2937,FA/86,AR/86,734,803,35,ICA
1639,2940,AR/86,FA/86,758,826,164,MGA
1642,2941,FA/86,AR/86,794,863,43,ICA
1645,2944,AR/86,FA/86,818,886,110,ICA
1648,2945,FA/86,AR/86,854,923,51,ICA
1651,2948,AR/86,FA/86,878,946,230,ICA-ICA
1654,2949,FA/86,AR/86,914,983,100,ICA
1657,2952,AR/86,FA/86,938,1006,157,MGA
1660,2953,FA/86,AR/86,974,1043,102,ICA
1663,2956,AR/86,FA/86,998,1066,193,MGA
1666,2957,FA/86,AR/86,1034,1103,243,ICA-ICA
1669,2960,AR/86,FA/86,1058,1126,94,ICA
1672,2961,FA/86,AR/86,1094,1163,30,ICA
1675,2964,AR/86,FA/86,1118,1186,112,ICA
1678,2965,FA/86,AR/86,1154,1223,19,ICA
1681,2968,AR/86,FA/86,1178,1246,38,ICA
1684,2969,FA/86,AR/86,1214,1283,55,ICA
1687,2972,AR/86,FA/86,1238,1306,61,ICU
1690,2973,FA/86,AR/86,1274,1343,14,ICA
1693,2974,FA/86,KD/86,1348,1359,3,ERF
1696,2976,AR/86,FA/86,1298,1366,45,ICA
1699,2980,AR/86,FA/86,1358,1426,54,ICA
1702,2981,KD/86,FA/86,1369,1381,2,ERF-ICA
1705,3206,NF/86,KH/86,363,437,173,ICA-ICA
1708,3306,RO/86,KK/86,437,469,193,ERF
1711,3310,RO/86,KK/86,497,529,164,ERF
1714,3327,KK/86,RO/86,446,478,187,ERF
1717,3359,HGL/86,RO/86,905,943,144,ICA
1720,3363,HGL/86,RO/86,965,1003,177,MGA
1723,3400,KH/86,HG/86,346,396,24,EB4DD
1726,3402,KH/86,HG/86,376,426,38,EB4DD
1729,3404,KH/86,HG/86,406,456,50,EB4DD
1732,3406,KH/86,HG/86,436,486,134,ERF
1735,3408,KH/86,HG/86,466,516,109,EB4DD
1738,3427,HG/86,KH/86,384,434,140,ERF
1741,3429,HG/86,KH/86,414,464,292,EB4DD
1744,3431,HG/86,KH/86,444,494,302,EB4DD
1747,3433,HG/86,KH/86,474,524,332,ICA-ERF
1750,3434,KH/86,HG/86,856,906,194,EB15Talgo
1753,3435,HG/86,KH/86,504,554,198,ERF
1756,3436,KH/86,HG/86,886,936,159,EB4DD
1759,3437,HG/86,KH/86,534,584,212,EB4DD
1762,3438,KH/86,HG/86,916,966,187,ERF
1765,3440,KH/86,HG/86,946,996,177,ERF
1768,3442,KH/86,HG/86,976,1026,214,ERF
1771,3444,KH/86,HG/86,1006,1056,177,ERF
1774,3446,KH/86,HG/86,1036,1086,153,ERF
1777,3448,KH/86,HG/86,1066,1116,100,ERF
1780,3450,KH/86,HG/86,1096,1146,139,ICU
1783,3463,HG/86,KH/86,924,974,191,ERF
1786,3465,HG/86,KH/86,954,1004,180,ERF
1789,3467,HG/86,KH/86,984,1034,86,ERF
1792,3469,HG/86,KH/86,1014,1064,78,ERF
1795,3471,HG/86,KH/86,1044,1094,62,EB15Talgo
1798,3473,HG/86,KH/86,1074,1124,60,ICA
1801,3475,HG/86,KH/86,1104,1154,41,ERF
1804,3502,KB/86,KK/86,303,391,133,ICA
1807,3506,KB/86,KK/86,359,451,241,MGA-MGA
1810,3510,KB/86,KK/86,419,511,370,MGA-MGA
1813,3523,KK/86,KB/86,386,474,108,ICA
1816,3542,KB/86,KK/86,907,994,212,ICA-ICA
1819,3546,KB/86,KK/86,967,1054,142,ICA
1822,3555,KK/86,KB/86,866,960,206,ICA-ICA
1825,3559,KK/86,KB/86,926,1020,343,MGA-MGA
1828,3563,KK/86,KB/86,986,1080,361,MGA-MGA
1831,3802,NF/86,VO/86,283,304,8,ICA-ICA
1834,3810,NF/86,NÆ/86,403,442,47,ICA
1837,3859,NÆ/86,NF/86,998,1037,50,ICA
1840,3863,NÆ/86,NF/86,1058,1097,49,ICA
1843,3915,FA/86,AR/86,401,469,85,MGA
1846,3918,AR/86,FA/86,424,492,153,MGA
1849,3919,FA/86,AR/86,461,529,30,ICA
1852,3922,AR/86,FA/86,489,567,64,ICA
1855,3947,FA/86,AR/86,881,949,165,MGA
1858,3950,AR/86,FA/86,909,977,118,ICA
1861,3951,FA/86,AR/86,941,1009,98,ICA
1864,3954,AR/86,FA/86,969,1037,161,MGA
1867,3958,AR/86,FA/86,1029,1097,75,ICA
1870,4003,AB/86,ABL/86,358,368,3,ICA-ICA
1873,4007,AR/86,ABL/86,345,428,48,ICA
1876,4011,AR/86,ABL/86,405,488,125,ICU
1879,4014,AB/86,AR/86,303,372,74,ICA
1882,4015,AR/86,ABL/86,465,548,81,ICA
1885,4018,AB/86,AR/86,363,433,197,ICA-ICA
1888,4019,AR/86,ABL/86,525,608,63,ICA
1891,4022,ABL/86,AR/86,406,493,234,ICA-ICA
1894,4023,AR/86,ABL/86,585,668,49,ICA
1897,4026,ABL/86,AR/86,466,553,141,ICA
1900,4027,AR/86,ABL/86,645,728,65,ICA
1903,4030,ABL/86,AR/86,526,613,119,ICA
1906,4031,AR/86,ABL/86,705,788,80,ICA
1909,4034,ABL/86,AR/86,586,673,125,ICA
1912,4035,AR/86,ABL/86,765,848,72,ICA
1915,4038,ABL/86,AR/86,646,733,106,ICA
1918,4039,AR/86,ABL/86,825,908,141,ICA
1921,4042,ABL/86,AR/86,706,793,109,ICA
1924,4043,AR/86,ABL/86,885,968,169,MGA
1927,4046,ABL/86,AR/86,766,853,111,ICA
1930,4047,AR/86,ABL/86,945,1028,249,ICA-ICA
1933,4050,ABL/86,AR/86,826,913,123,ICA
1936,4051,AR/86,ABL/86,1005,1088,156,ICA-ICA
1939,4054,ABL/86,AR/86,886,973,169,ICA-ICA
1942,4055,AR/86,AB/86,1065,1133,111,ICA
1945,4058,ABL/86,AR/86,946,1033,160,MGA
1948,4059,AR/86,AB/86,1125,1193,90,ICA
1951,4062,ABL/86,AR/86,1006,1093,90,ICA
1954,4063,AR/86,AB/86,1185,1253,78,ICA
1957,4066,ABL/86,AR/86,1066,1153,56,ICA
1960,4067,AR/86,AB/86,1245,1313,87,ICA
1963,4070,ABL/86,AR/86,1126,1213,37,MGA
1966,4074,AB/86,AR/86,1203,1273,28,ICA
1969,4101,AR/86,ABL/86,255,344,69,ICA
1972,4105,AR/86,ABL/86,312,404,21,ICA-ICA
1975,4107,AR/86,ABL/86,372,464,143,ICA
1978,4113,AR/86,ABL/86,435,524,178,ICA-ICA
1981,4116,AB/86,AR/86,325,403,137,ICA
1984,4117,AR/86,ABL/86,495,584,88,ICA
1987,4120,ABL/86,AR/86,368,463,377,ICA-ICA-ICA
1990,4121,AR/86,ABL/86,555,644,47,ICA
1993,4124,ABL/86,AR/86,428,523,233,ICA-ICA
1996,4125,AR/86,ABL/86,615,704,77,ICA
1999,4128,ABL/86,AR/86,488,583,110,ICU
2002,4129,AR/86,ABL/86,675,764,70,ICA
2005,4132,ABL/86,AR/86,548,643,92,ICA
2008,4133,AR/86,ABL/86,735,824,106,ICA
2011,4136,ABL/86,AR/86,608,703,105,ICA
2014,4137,AR/86,ABL/86,795,884,127,ICA
2017,4140,ABL/86,AR/86,668,763,103,ICA
2020,4141,AR/86,ABL/86,855,944,150,MGA
2023,4144,ABL/86,AR/86,728,823,99,ICA
2026,4145,AR/86,ABL/86,915,1004,279,ICA-ICA
2029,4148,ABL/86,AR/86,788,883,112,ICA
2032,4149,AR/86,ABL/86,975,1064,302,ICA-ICA
2035,4152,ABL/86,AR/86,848,943,108,ICA
2038,4153,AR/86,ABL/86,1035,1124,161,MGA
2041,4156,ABL/86,AR/86,908,1003,142,ICA
2044,4157,AR/86,ABL/86,1095,1184,61,ICA
2047,4160,ABL/86,AR/86,968,1063,113,MGA
2050,4161,AR/86,ABL/86,1155,1244,55,ICA
2053,4164,ABL/86,AR/86,1028,1123,94,ICA
2056,4165,AR/86,ABL/86,1215,1304,55,ICA
2059,4168,ABL/86,AR/86,1088,1183,26,ICA
2062,4169,AB/86,ABL/86,1354,1364,1,ICA
2065,4171,AR/86,AB/86,1305,1379,49,ICA
2068,4172,ABL/86,AR/86,1148,1243,31,ICA
2071,4175,AR/86,AB/86,1365,1439,25,ICA
2074,4176,ABL/86,AR/86,1208,1303,63,ICA
2077,4178,ABL/86,AB/86,1268,1280,10,ICA-ICA-ICA
2080,4179,AR/86,AB/86,1425,1499,11,ICA
2083,4180,AB/86,AR/86,1285,1363,30,ICA
2086,4184,ABL/86,AR/86,1328,1423,16,ICA
2089,4190,ABL/86,AR/86,1378,1473,20,ICA
2092,4192,AB/86,AR/86,25,103,4,ICA
2095,4202,NÆ/86,HG/86,265,392,106,EB4DD
2098,4204,VO/86,HG/86,310,452,222,ICA-ICA
2101,4206,VO/86,HG/86,370,512,463,EB15Talgo
2104,4210,NÆ/86,HG/86,448,572,520,EB5DD
2107,4214,NÆ/86,HG/86,508,632,265,EB5DD
2110,4218,NÆ/86,HG/86,568,692,128,ERF
2113,4219,HG/86,KH/86,268,323,60,EB4DD
2116,4222,NÆ/86,HG/86,628,752,133,ERF
2119,4223,HG/86,NÆ/86,328,452,106,ERF
2122,4226,NÆ/86,HG/86,688,812,154,EB5DD
2125,4227,HG/86,NÆ/86,388,512,473,EB5DD
2128,4230,NÆ/86,HG/86,748,872,137,ERF
2131,4231,HG/86,NÆ/86,448,572,413,EB5DD
2134,4234,NÆ/86,HG/86,808,932,192,ERF
2137,4235,HG/86,NÆ/86,508,632,296,EB4DD
2140,4238,NÆ/86,HG/86,868,992,352,EB5DD
2143,4239,HG/86,NÆ/86,568,692,139,EB5DD
2146,4242,NÆ/86,HG/86,928,1052,411,EB5DD
2149,4243,HG/86,NÆ/86,628,752,165,EB5DD
2152,4246,NÆ/86,HG/86,988,1112,208,ERF
2155,4247,HG/86,NÆ/86,688,812,150,ERF
2158,4250,NÆ/86,HG/86,1048,1172,110,ERF
2161,4251,HG/86,NÆ/86,748,872,181,ERF
2164,4254,RO/86,HG/86,1147,1232,83,EB4DD
2167,4255,HG/86,NÆ/86,808,932,306,EB5DD
2170,4258,RO/86,HG/86,1207,1292,133,ERF
2173,4259,HG/86,NÆ/86,868,992,435,ERF-ERF
2176,4262,RO/86,HG/86,1267,1352,92,ERF
2179,4263,HG/86,NÆ/86,928,1052,484,EB5DD
2182,4266,RO/86,HG/86,1327,1412,137,EB4DD
2185,4267,HG/86,NÆ/86,988,1112,349,EB5DD
2188,4270,KH/86,HG/86,1417,1472,137,ERF-ERF-ERF-ERF
2191,4271,HG/86,RO/86,1048,1133,135,EB4DD
2194,4274,KH/86,HG/86,37,92,32,EB4DD
2197,4275,HG/86,RO/86,1108,1193,84,ERF
2200,4279,HG/86,RO/86,1168,1253,163,ERF
2203,4283,HG/86,KH/86,1228,1283,78,ICA
2206,4287,HG/86,KH/86,1288,1343,26,ERF
2209,4291,HG/86,KH/86,1348,1403,36,ERF
2212,4402,NÆ/86,KH/86,306,373,81,EB4DD
2215,4406,NÆ/86,KH/86,366,433,253,EB5DD
2218,4410,NÆ/86,KH/86,426,493,307,ERF-ERF
2221,4414,NÆ/86,KK/86,486,562,124,ICA-ERF
2224,4418,NÆ/86,KK/86,546,622,85,EB4DD
2227,4421,KH/86,NÆ/86,347,412,28,ICA
2230,4422,NÆ/86,KK/86,606,682,61,EB4DD
2233,4425,KK/86,NÆ/86,398,472,74,ICA
2236,4426,NÆ/86,KK/86,666,742,54,ERF
2239,4429,KH/86,NÆ/86,467,532,66,ERF
2242,4430,NÆ/86,KK/86,726,802,44,EB4DD
2245,4433,KH/86,NÆ/86,527,592,39,ERF
2248,4434,NÆ/86,KH/86,786,853,58,EB4DD
2251,4437,KH/86,NÆ/86,587,652,32,ERF
2254,4438,NÆ/86,KH/86,846,913,63,ERF
2257,4441,KK/86,NÆ/86,638,712,35,ERF
2260,4442,NÆ/86,KH/86,906,973,90,ERF
2263,4445,KK/86,NÆ/86,698,772,46,ERF
2266,4446,NÆ/86,KH/86,966,1033,79,ICU
2269,4449,KK/86,NÆ/86,758,832,59,EB5DD
2272,4450,NÆ/86,KH/86,1026,1093,54,ERF
2275,4453,KK/86,NÆ/86,818,892,93,EB4DD
2278,4454,NÆ/86,KK/86,1086,1162,34,ERF
2281,4457,KK/86,NÆ/86,878,952,169,MGA
2284,4461,KH/86,NÆ/86,947,1012,209,ERF
2287,4465,KH/86,NÆ/86,1007,1072,237,ICA-ICA
2290,4469,KH/86,NÆ/86,1067,1132,93,ERF
2293,4473,KH/86,NÆ/86,1127,1192,59,EB5DD
2296,4500,KH/86,HG/86,382,437,26,EB5DD
2299,4504,HK/86,HG/86,383,497,314,ERF-ERF
2302,4508,HK/86,HG/86,443,557,507,ERF-ERF-ICA
2305,4512,HK/86,HG/86,503,617,259,EB5DD
2308,4516,HK/86,HG/86,563,677,144,EB5DD
2311,4520,HK/86,HG/86,623,737,126,ERF
2314,4521,KK/86,HK/86,332,397,50,ERF
2317,4524,HK/86,HG/86,683,797,135,ERF
2320,4525,HG/86,HK/86,343,457,108,EB4DD
2323,4528,HK/86,HG/86,743,857,147,ERF
2326,4529,HG/86,HK/86,403,517,324,EB4DD
2329,4532,HK/86,HG/86,803,917,169,EB5DD
2332,4533,HG/86,HK/86,463,577,475,EB5DD
2335,4536,HK/86,HG/86,863,977,267,EB5DD
2338,4537,HG/86,HK/86,523,637,148,EB15Talgo
2341,4540,HK/86,HG/86,923,1037,316,EB15Talgo
2344,4541,HG/86,HK/86,583,697,119,EB5DD
2347,4544,HK/86,HG/86,983,1097,194,EB5DD
2350,4545,HG/86,HK/86,643,757,137,ERF
2353,4548,HK/86,HG/86,1043,1157,121,EB15Talgo
2356,4549,HG/86,HK/86,703,817,138,ERF
2359,4552,HK/86,HG/86,1103,1217,100,ICA
2362,4553,HG/86,HK/86,763,877,182,ERF
2365,4556,HK/86,HG/86,1163,1277,118,EB5DD
2368,4557,HG/86,HK/86,823,937,216,EB5DD
2371,4560,HK/86,HG/86,1223,1337,95,EB5DD
2374,4561,HG/86,HK/86,883,997,340,ICA-ERF
2377,4565,HG/86,HK/86,943,1057,352,EB4DD
2380,4569,HG/86,HK/86,1003,1117,287,EB5DD
2383,4573,HG/86,HK/86,1063,1177,156,EB5DD
2386,4577,HG/86,HK/86,1123,1237,122,ERF
2389,4581,HG/86,HK/86,1183,1297,184,ERF
2392,4585,HG/86,KH/86,1243,1298,87,ERF
2395,4589,HG/86,KH/86,1303,1358,65,EB5DD
2398,4708,FA/86,OD/86,334,376,57,ICA-ICA
2401,4713,OD/86,FA/86,340,386,17,ERF
2404,4714,FA/86,OD/86,422,468,70,EB4DD
2407,4716,FA/86,OD/86,450,496,45,MGA
2410,4719,OD/86,FA/86,432,477,29,MGA
2413,4721,OD/86,FA/86,460,506,30,ICU
2416,4724,FA/86,OD/86,570,616,16,ERF
2419,4729,OD/86,FA/86,580,626,10,ERF
2422,4732,FA/86,OD/86,690,736,8,ERF
2425,4737,OD/86,FA/86,704,750,15,ERF
2428,4740,FA/86,OD/86,810,856,37,ICA
2431,4745,OD/86,FA/86,820,866,28,ICA
2434,4748,FA/86,OD/86,930,976,31,ICA
2437,4753,OD/86,FA/86,943,989,72,ERF
2440,4756,FA/86,OD/86,1050,1096,31,ERF
2443,4761,OD/86,FA/86,1063,1109,24,ERF
2446,4764,FA/86,OD/86,1170,1216,14,ERF-ERF
2449,4769,OD/86,FA/86,1180,1226,40,EB4DD
2452,4772,FA/86,OD/86,1290,1336,9,ERF
2455,4804,NF/86,NÆ/86,307,346,18,ICA
2458,4808,NF/86,NÆ/86,366,405,16,ICA
2461,4812,NF/86,NÆ/86,427,466,29,ICA
2464,4816,NF/86,NÆ/86,487,526,25,ICU
2467,4817,NÆ/86,NF/86,373,412,41,ICA
2470,4820,NF/86,NÆ/86,547,586,19,ICA
2473,4821,NÆ/86,NF/86,433,472,32,ICU
2476,4824,NF/86,NÆ/86,607,646,15,ICU
2479,4825,NÆ/86,NF/86,493,532,36,ICA
2482,4828,NF/86,NÆ/86,667,706,14,ICA
2485,4829,NÆ/86,NF/86,553,592,33,ICU
2488,4832,NF/86,NÆ/86,727,766,23,ICA
2491,4833,NÆ/86,NF/86,613,652,15,ICA
2494,4836,NF/86,NÆ/86,787,826,29,ICA
2497,4837,NÆ/86,NF/86,673,712,15,ICU
2500,4840,NF/86,NÆ/86,847,886,42,ICU
2503,4841,NÆ/86,NF/86,733,772,18,ICA
2506,4844,NF/86,NÆ/86,907,946,53,ICU
2509,4845,NÆ/86,NF/86,793,832,22,ICA
2512,4848,NF/86,NÆ/86,967,1006,34,ICU
2515,4849,NÆ/86,NF/86,853,892,38,ICU
2518,4852,NF/86,NÆ/86,1027,1066,21,ICA
2521,4853,NÆ/86,NF/86,913,952,53,ICU
2524,4856,NF/86,NÆ/86,1087,1126,13,ICA
2527,4857,NÆ/86,NF/86,973,1012,48,ICA
2530,4860,NF/86,NÆ/86,1147,1186,9,ICA
2533,4861,NÆ/86,NF/86,1033,1072,25,ICU
2536,4865,NÆ/86,NF/86,1093,1132,20,ICA
2539,4869,NÆ/86,NF/86,1153,1192,24,ICA-ICA
2542,4873,NÆ/86,NF/86,1213,1252,29,ICA-ICA-ICA
2545,4895,KH/86,NF/86,10,114,52,ICA
2548,5750,FLB/80,FA/86,365,450,31,ERF
2551,5751,FA/86,FLB/80,270,353,9,ERF
2554,5752,FLB/80,FA/86,485,570,30,ICA
2557,5753,FA/86,FLB/80,390,473,17,ICA
2560,5754,FLB/80,FA/86,605,690,16,ERF
2563,5755,FA/86,FLB/80,510,593,65,ERF
2566,5756,FLB/80,FA/86,723,810,38,ERF
2569,5757,FA/86,FLB/80,630,713,17,ERF
2572,5758,FLB/80,FA/86,845,930,37,ERF
2575,5759,FA/86,FLB/80,750,833,30,ERF
2578,5760,FLB/80,FA/86,965,1050,21,ERF
2581,5761,FA/86,FLB/80,870,953,49,ERF
2584,5762,FLB/80,FA/86,1085,1170,15,ERF
2587,5763,FA/86,FLB/80,990,1073,74,ERF
2590,5764,FLB/80,FA/86,1205,1290,34,ERF
2593,5765,FA/86,FLB/80,1110,1193,38,ERF
2596,5766,FLB/80,FA/86,1325,1410,5,ERF
2599,5767,FA/86,FLB/80,1230,1313,46,ERF
2602,80108,FA/86,HGL/86,356,505,445,EB15Talgo
2605,80169,HGL/86,FA/86,1055,1202,194,EB15Talgo
