TrainCategory,TrainId,Route
M,9784,"CPH/86, HGL/86"
IC,2377,"ES/86, FA/86"
RØ,1248,"NF/86, KH/86"
RØ,1249,"KH/86, NF/86"
RØ,2423,"KH/86, NÆ/86"
M,9783,"HGL/86, KH/86"
RØ,3542,"KB/86, KK/86"
RØ,1520,"KB/86, KK/86"
RØ,3435,"HG/86, KH/86"
EX,392,"HMB/80, KH/86"
RØ,2464,"NÆ/86, KH/86"
RØ,4581,"HG/86, HK/86"
M,12198,"KH/86, HGL/86"
RØ,4271,"HG/86, RO/86"
IC,4136,"ABL/86, AR/86"
L,67,"CPH/86, FA/86, VJ/86, AR/86"
RØ,3306,"RO/86, KK/86"
M,9024,"KH/86, HG/86"
RØ,2225,"HG/86, NÆ/86"
RØ,270,"RO/86, CPH/86"
RØ,3206,"NF/86, KH/86"
RØ,3523,"KK/86, KB/86"
IC,2387,"ES/86, FA/86"
RV,2981,"KD/86, FA/86"
IC,193,"KH/86, OD/86"
L,22,"AR/86, VJ/86, FA/86, CPH/86"
RØ,231,"CPH/86, SG/86"
RØ,2265,"HG/86, NÆ/86"
IC,835,"HGL/86, OD/86, ES/86"
RØ,4219,"HG/86, KH/86"
RR,983,"FA/86, SDB/86"
IC,460,"AR/86, FA/86"
RØ,4202,"NÆ/86, HG/86"
RØ,4552,"HK/86, HG/86"
RV,2768,"FA/86, OD/86"
IC,202,"OD/86, CPH/86"
RØ,2583,"HG/86, RO/86"
M,9700,"KH/86, HGL/86"
L,11,"OD/86, FA/86, VJ/86, AR/86"
RØ,2228,"NÆ/86, HG/86"
L,4018,"AB/86, AR/86"
IC,161,"HGL/86, FA/86"
M,6320,"CPH/86, HGL/86"
RØ,4283,"HG/86, KH/86"
RØ,2229,"HG/86, NÆ/86"
IC,818,"ES/86, OD/86, HGL/86"
RV,4737,"OD/86, FA/86"
M,7098,"AR/86, FA/86"
IC,101,"KH/86, FA/86, AR/86"
IC,227,"CPH/86, OD/86"
RV,2320,"FA/86, ES/86"
IC,2321,"ES/86, FA/86"
IC,2333,"ES/86, FA/86"
RØ,4536,"HK/86, HG/86"
IC,1493,"CPH/86, KH/86"
IC,172,"FA/86, KH/86"
IC,4145,"AR/86, ABL/86"
L,19,"CPH/86, FA/86, VJ/86, AR/86"
RØ,218,"SG/86, CPH/86"
L,967,"FA/86, SDB/86"
RØ,2447,"KK/86, NÆ/86"
IC,2361,"ES/86, FA/86"
IC,4172,"ABL/86, AR/86"
IC,5754,"FLB/80, FA/86"
RØ,2575,"HG/86, HK/86"
RØ,4247,"HG/86, NÆ/86"
IC,100,"OD/86, KK/86"
IC,449,"FA/86, AR/86"
RØ,2240,"NÆ/86, HG/86"
L,27,"CPH/86, FA/86, VJ/86, AR/86"
RV,2765,"OD/86, FA/86"
RØ,243,"CPH/86, SG/86"
RV,2759,"OD/86, FA/86"
RØ,2221,"KH/86, NÆ/86"
RØ,4402,"NÆ/86, KH/86"
M,6459,"HGL/86, KK/86"
RØ,287,"CPH/86, RO/86"
M,9785,"HGL/86, CPH/86"
RØ,4837,"NÆ/86, NF/86"
RV,2974,"FA/86, KD/86"
RØ,4279,"HG/86, RO/86"
L,722,"STR/86, FA/86"
RØ,2232,"NÆ/86, HG/86"
IC,867,"HGL/86, OD/86, ES/86"
RØ,2487,"KK/86, NÆ/86"
IC,468,"AR/86, FA/86"
RØ,226,"SG/86, CPH/86"
RØ,2506,"HK/86, HG/86"
RØ,2257,"HG/86, NÆ/86"
L,10,"AR/86, VJ/86, FA/86, CPH/86"
RV,2325,"ES/86, FA/86"
RØ,4817,"NÆ/86, NF/86"
RØ,2542,"HK/86, HG/86"
IC,5762,"FLB/80, FA/86"
RØ,1240,"NF/86, KH/86"
IC,847,"HGL/86, OD/86, ES/86"
RØ,2559,"HG/86, HK/86"
RØ,4816,"NF/86, NÆ/86"
IC,117,"KH/86, FA/86"
RØ,1545,"KK/86, KB/86"
RØ,2443,"KK/86, NÆ/86"
RØ,2291,"KH/86, NÆ/86"
RV,3922,"AR/86, FA/86"
IC,160,"FA/86, KH/86"
IC,433,"FA/86, AR/86"
RØ,2455,"KK/86, NÆ/86"
M,9115,"NÆ/86, VO/86"
RØ,3310,"RO/86, KK/86"
RØ,4437,"KH/86, NÆ/86"
IC,465,"FA/86, AR/86"
IC,850,"ES/86, OD/86, HGL/86"
L,4062,"ABL/86, AR/86"
IC,802,"OD/86, HGL/86"
RØ,254,"SG/86, CPH/86"
M,12199,"HGL/86, KH/86"
RØ,2554,"HK/86, HG/86"
RØ,2404,"NÆ/86, KH/86"
M,6432,"KH/86, CPH/86"
RØ,3431,"HG/86, KH/86"
M,6348,"KH/86, HGL/86"
L,35,"CPH/86, FA/86, VJ/86, AR/86"
IC,246,"OD/86, CPH/86"
RØ,1512,"KB/86, KK/86"
RØ,4266,"RO/86, HG/86"
RØ,4869,"NÆ/86, NF/86"
IC,4153,"AR/86, ABL/86"
RR,4714,"FA/86, OD/86"
IC,4128,"ABL/86, AR/86"
IC,185,"KH/86, OD/86"
IC,4107,"AR/86, ABL/86"
RØ,3429,"HG/86, KH/86"
RØ,3467,"HG/86, KH/86"
RØ,4422,"NÆ/86, KK/86"
RØ,2241,"HG/86, NÆ/86"
M,6431,"HGL/86, CPH/86"
RØ,2270,"NÆ/86, KH/86"
IC,416,"AR/86, FA/86"
IC,2353,"ES/86, FA/86"
IC,4144,"ABL/86, AR/86"
M,9000,"KH/86, HG/86"
RØ,1573,"KK/86, KB/86"
L,74,"AR/86, VJ/86, FA/86"
IC,862,"ES/86, OD/86, KK/86"
RØ,4565,"HG/86, HK/86"
RØ,1537,"KK/86, KB/86"
RØ,4461,"KH/86, NÆ/86"
RØ,2416,"NÆ/86, KK/86"
RØ,2451,"KK/86, NÆ/86"
L,649,"KH/86, FA/86"
L,950,"SDB/86, FA/86"
IC,428,"AR/86, FA/86"
M,9323,"KH/86, CPH/86"
L,951,"FA/86, SDB/86"
RØ,1233,"KH/86, NF/86"
RV,2909,"FA/86, AR/86"
RØ,2427,"KH/86, NÆ/86"
RØ,2571,"HG/86, HK/86"
RØ,2249,"HG/86, NÆ/86"
RØ,4553,"HG/86, HK/86"
RØ,4548,"HK/86, HG/86"
IC,157,"HGL/86, FA/86, AR/86"
IC,5753,"FA/86, FLB/80"
IC,206,"OD/86, CPH/86"
RV,4745,"OD/86, FA/86"
RØ,4833,"NÆ/86, NF/86"
RØ,2428,"NÆ/86, KK/86"
RØ,1581,"KK/86, KB/86"
IC,5767,"FA/86, FLB/80"
RØ,4512,"HK/86, HG/86"
RØ,1500,"KB/86, KK/86"
RØ,4524,"HK/86, HG/86"
IC,1489,"CPH/86, KH/86"
RV,4761,"OD/86, FA/86"
IC,168,"FA/86, KH/86"
RØ,4255,"HG/86, NÆ/86"
RV,4713,"OD/86, FA/86"
RØ,267,"CPH/86, SG/86"
RØ,2567,"HG/86, HK/86"
RØ,4528,"HK/86, HG/86"
IC,2332,"FA/86, ES/86"
RØ,2530,"HK/86, HG/86"
RØ,4239,"HG/86, NÆ/86"
RØ,4537,"HG/86, HK/86"
M,12397,"HGL/86, KH/86"
RØ,1204,"NF/86, KH/86"
RØ,2202,"KH/86, HG/86"
RØ,3546,"KB/86, KK/86"
RØ,1532,"KB/86, KK/86"
RV,2969,"FA/86, AR/86"
RØ,3404,"KH/86, HG/86"
RØ,4473,"KH/86, NÆ/86"
IC,173,"KK/86, FA/86"
RØ,1541,"KH/86, KB/86"
IC,429,"FA/86, AR/86"
IC,2328,"FA/86, ES/86"
RV,4740,"FA/86, OD/86"
RV,3915,"FA/86, AR/86"
IC,5760,"FLB/80, FA/86"
IC,1401,"CPH/86, KH/86"
RV,2932,"AR/86, FA/86"
L,659,"KH/86, FA/86"
L,4019,"AR/86, ABL/86"
RØ,2514,"HK/86, HG/86"
RV,2949,"FA/86, AR/86"
RØ,234,"SG/86, CPH/86"
RV,2728,"FA/86, OD/86"
RØ,4508,"HK/86, HG/86"
M,12398,"KH/86, HGL/86"
IC,854,"ES/86, OD/86, HGL/86"
L,4011,"AR/86, ABL/86"
RØ,2527,"HG/86, HK/86"
RØ,3446,"KH/86, HG/86"
RV,2736,"FA/86, OD/86"
IC,112,"FA/86, HGL/86"
IC,2371,"ES/86, FA/86"
RØ,2448,"NÆ/86, KH/86"
IC,830,"ES/86, OD/86, HGL/86"
RØ,4421,"KH/86, NÆ/86"
IC,471,"FA/86, AR/86"
IC,5761,"FA/86, FLB/80"
IC,2308,"FA/86, ES/86"
IC,4192,"AB/86, AR/86"
IC,177,"HGL/86, FA/86"
RØ,230,"SG/86, CPH/86"
RØ,1216,"NF/86, KH/86"
M,940397,"HMB/80, AA/80"
L,23,"CPH/86, FA/86, VJ/86, AR/86"
L,18,"AR/86, VJ/86, FA/86, CPH/86"
IC,214,"OD/86, CPH/86"
RØ,3463,"HG/86, KH/86"
IC,823,"KK/86, OD/86, ES/86"
RØ,2431,"KH/86, NÆ/86"
L,4007,"AR/86, ABL/86"
RØ,4529,"HG/86, HK/86"
RØ,4820,"NF/86, NÆ/86"
IC,190,"AR/86, FA/86, KH/86"
IC,181,"KH/86, FA/86, AR/86"
RØ,3436,"KH/86, HG/86"
RV,3951,"FA/86, AR/86"
RV,2727,"OD/86, FA/86"
RØ,271,"CPH/86, SG/86"
IC,156,"FA/86, KK/86"
IC,4168,"ABL/86, AR/86"
RØ,4832,"NF/86, NÆ/86"
IC,2368,"FA/86, ES/86"
RØ,1525,"KK/86, KB/86"
IC,4179,"AR/86, AB/86"
RØ,1208,"NF/86, KH/86"
L,43,"CPH/86, FA/86, VJ/86, AR/86"
RØ,4845,"NÆ/86, NF/86"
RØ,2400,"NÆ/86, KH/86"
IC,145,"KK/86, FA/86"
RØ,2233,"HG/86, NÆ/86"
IC,1490,"KH/86, CPH/86"
L,4058,"ABL/86, AR/86"
RØ,1577,"KH/86, KB/86"
RØ,2562,"HK/86, HGL/86"
RØ,4545,"HG/86, HK/86"
IC,826,"ES/86, OD/86, HGL/86"
IC,474,"AR/86, FA/86"
RØ,4251,"HG/86, NÆ/86"
RØ,1544,"KB/86, KK/86"
IC,136,"AR/86, FA/86, HGL/86"
IC,855,"HGL/86, OD/86, ES/86"
RV,2785,"OD/86, FA/86"
RØ,4234,"NÆ/86, HG/86"
IC,4148,"ABL/86, AR/86"
L,4066,"ABL/86, AR/86"
RØ,2420,"NÆ/86, KK/86"
RØ,3810,"NF/86, NÆ/86"
M,6370,"KK/86, KH/86"
RØ,2460,"NÆ/86, KH/86"
L,927,"FA/86, SDB/86"
RØ,4577,"HG/86, HK/86"
IC,223,"CPH/86, OD/86"
IC,1485,"CPH/86, KH/86"
L,4035,"AR/86, ABL/86"
IC,4156,"ABL/86, AR/86"
RØ,3863,"NÆ/86, NF/86"
L,30,"AR/86, VJ/86, FA/86, CPH/86"
EX,398,"HMB/80, KH/86"
M,9300,"CPH/86, KH/86"
M,9730,"KH/86, HGL/86"
RØ,1548,"KB/86, KK/86"
RØ,2459,"KK/86, NÆ/86"
RØ,4556,"HK/86, HG/86"
RØ,4450,"NÆ/86, KH/86"
RØ,3327,"KK/86, RO/86"
RV,4716,"FA/86, OD/86"
L,15,"OD/86, FA/86, VJ/86, AR/86"
RØ,2253,"HG/86, NÆ/86"
IC,5757,"FA/86, FLB/80"
L,6,"AR/86, VJ/86, FA/86, CPH/86"
IC,814,"ES/86, OD/86, HGL/86"
RV,2352,"FA/86, ES/86"
L,910,"SDB/86, FA/86"
L,934,"SDB/86, FA/86"
L,54,"AR/86, VJ/86, FA/86, CPH/86"
L,919,"FA/86, SDB/86"
RØ,1256,"NF/86, KH/86"
RØ,3427,"HG/86, KH/86"
RØ,1260,"NF/86, KH/86"
IC,1482,"KH/86, CPH/86"
RØ,4446,"NÆ/86, KH/86"
EX,393,"KH/86, HMB/80"
RØ,4589,"HG/86, KH/86"
M,9795,"HGL/86, KH/86"
IC,4149,"AR/86, ABL/86"
RØ,1533,"KK/86, KB/86"
RØ,4804,"NF/86, NÆ/86"
RØ,1583,"KK/86, KB/86"
IC,819,"HGL/86, OD/86, ES/86"
RØ,2539,"HG/86, HK/86"
IC,4117,"AR/86, ABL/86"
RØ,2510,"HK/86, HG/86"
IC,5750,"FLB/80, FA/86"
RØ,4521,"KK/86, HK/86"
IC,5755,"FA/86, FLB/80"
IC,456,"AR/86, FA/86"
IC,80169,"HGL/86, FA/86"
IC,263,"CPH/86, OD/86"
L,4027,"AR/86, ABL/86"
IC,4175,"AR/86, AB/86"
RØ,4235,"HG/86, NÆ/86"
M,9362,"CPH/86, KH/86"
RØ,4856,"NF/86, NÆ/86"
M,9113,"VO/86, NF/86"
IC,843,"HGL/86, OD/86, ES/86"
RØ,4226,"NÆ/86, HG/86"
RØ,1528,"KB/86, KK/86"
M,12395,"HGL/86, KH/86"
RØ,247,"CPH/86, SG/86"
IC,2348,"FA/86, ES/86"
RØ,2217,"KH/86, NÆ/86"
M,12393,"HGL/86, KH/86"
RV,2933,"FA/86, AR/86"
RØ,3469,"HG/86, KH/86"
RØ,2093,"HG/86, KH/86"
IC,883,"HGL/86, OD/86"
RØ,2220,"NÆ/86, HG/86"
IC,140,"FA/86, KK/86"
L,738,"STR/86, FA/86"
IC,2312,"FA/86, ES/86"
RV,2336,"FA/86, ES/86"
RØ,4433,"KH/86, NÆ/86"
RV,2916,"AR/86, FA/86"
RØ,3444,"KH/86, HG/86"
RV,2929,"FA/86, AR/86"
RØ,4525,"HG/86, HK/86"
RØ,2555,"HG/86, HK/86"
IC,2356,"FA/86, ES/86"
RV,4729,"OD/86, FA/86"
IC,133,"HGL/86, FA/86"
L,918,"SDB/86, FA/86"
RØ,4430,"NÆ/86, KK/86"
RØ,4533,"HG/86, HK/86"
L,55,"CPH/86, FA/86, VJ/86, AR/86"
RØ,3406,"KH/86, HG/86"
RØ,2219,"HG/86, KH/86"
RØ,2467,"KH/86, NÆ/86"
RØ,4465,"KH/86, NÆ/86"
RV,2952,"AR/86, FA/86"
RØ,4840,"NF/86, NÆ/86"
IC,432,"AR/86, FA/86"
L,46,"AR/86, VJ/86, FA/86, CPH/86"
IC,2349,"ES/86, FA/86"
RØ,1228,"NF/86, KH/86"
IC,4121,"AR/86, ABL/86"
RØ,4541,"HG/86, HK/86"
M,12191,"HGL/86, KH/86"
IC,464,"AR/86, FA/86"
RV,2957,"FA/86, AR/86"
RV,4724,"FA/86, OD/86"
RØ,4812,"NF/86, NÆ/86"
IC,5758,"FLB/80, FA/86"
L,4022,"ABL/86, AR/86"
RV,2357,"ES/86, FA/86"
RØ,4227,"HG/86, NÆ/86"
EX,1199,"KH/86, PA/86, HMB/80"
IC,4120,"ABL/86, AR/86"
IC,121,"KH/86, FA/86"
M,9179,"SG/86, OD/86"
L,926,"SDB/86, FA/86"
RV,4719,"OD/86, FA/86"
IC,858,"ES/86, OD/86, HGL/86"
M,7087,"KD/86, FA/86"
RØ,1504,"KB/86, KK/86"
RØ,3359,"HGL/86, RO/86"
RØ,4267,"HG/86, NÆ/86"
M,12392,"KH/86, HGL/86"
RØ,1565,"KK/86, KB/86"
RØ,2595,"HG/86, HK/86"
RØ,2479,"KK/86, NÆ/86"
RØ,2563,"HG/86, HK/86"
IC,148,"FA/86, KK/86"
RØ,2475,"KH/86, NÆ/86"
RR,2776,"FA/86, OD/86"
IC,2369,"ES/86, FA/86"
IC,2344,"FA/86, ES/86"
RØ,2248,"NÆ/86, HG/86"
M,9782,"CPH/86, HGL/86"
RØ,4414,"NÆ/86, KK/86"
M,9302,"CPH/86, KH/86"
RØ,4222,"NÆ/86, HG/86"
RV,3958,"AR/86, FA/86"
RØ,3442,"KH/86, HG/86"
EX,395,"KH/86, HMB/80"
RØ,1232,"NF/86, KH/86"
M,9701,"HGL/86, CPH/86"
RØ,2471,"KH/86, NÆ/86"
RØ,4291,"HG/86, KH/86"
RØ,2244,"NÆ/86, HG/86"
IC,153,"KK/86, FA/86"
M,9360,"CPH/86, KH/86"
IC,4129,"AR/86, ABL/86"
EX,396,"HMB/80, KH/86"
RV,4764,"FA/86, OD/86"
RØ,275,"CPH/86, SG/86"
RV,2741,"OD/86, FA/86"
RØ,2535,"HG/86, HK/86"
RØ,1241,"KH/86, NF/86"
IC,128,"FA/86, KK/86"
M,12394,"KH/86, HGL/86"
RV,2913,"FA/86, AR/86"
RØ,1212,"NF/86, KH/86"
RV,2912,"AR/86, FA/86"
L,75,"CPH/86, FA/86, VJ/86, AR/86"
IC,2374,"FA/86, ES/86"
L,943,"FA/86, SDB/86"
L,4014,"AB/86, AR/86"
RØ,2502,"HK/86, HG/86"
RR,4708,"FA/86, OD/86"
IC,5751,"FA/86, FLB/80"
IC,4140,"ABL/86, AR/86"
RØ,1591,"KH/86, KB/86"
RØ,1253,"KH/86, NF/86"
RØ,2273,"HG/86, NÆ/86"
RØ,258,"SG/86, CPH/86"
RØ,4561,"HG/86, HK/86"
IC,484,"AR/86, KD/86"
RØ,2534,"HK/86, HG/86"
RV,2710,"FA/86, OD/86"
L,4051,"AR/86, ABL/86"
IC,2345,"ES/86, FA/86"
IC,4105,"AR/86, ABL/86"
RV,4772,"FA/86, OD/86"
L,70,"AR/86, VJ/86, FA/86, CPH/86"
RØ,2200,"KH/86, HG/86"
RØ,2491,"KH/86, NÆ/86"
IC,1407,"CPH/86, KH/86"
RØ,4585,"HG/86, KH/86"
RØ,2432,"NÆ/86, KK/86"
L,731,"FA/86, STR/86"
RV,2964,"AR/86, FA/86"
IC,838,"ES/86, OD/86, HGL/86"
RØ,1560,"KB/86, KK/86"
IC,4116,"AB/86, AR/86"
RØ,4425,"KK/86, NÆ/86"
RV,2960,"AR/86, FA/86"
L,4031,"AR/86, ABL/86"
RØ,4808,"NF/86, NÆ/86"
RØ,1225,"KH/86, NF/86"
L,4067,"AR/86, AB/86"
RØ,4516,"HK/86, HG/86"
L,966,"SDB/86, FA/86"
RØ,2474,"NÆ/86, KK/86"
IC,176,"AR/86, FA/86, KH/86"
RØ,1556,"KB/86, HGL/86"
RØ,2281,"HG/86, NÆ/86"
RØ,4500,"KH/86, HG/86"
RØ,1285,"KH/86, NF/86"
RØ,4457,"KK/86, NÆ/86"
RV,2941,"FA/86, AR/86"
L,4050,"ABL/86, AR/86"
RØ,4287,"HG/86, KH/86"
RØ,1244,"NF/86, KH/86"
L,4046,"ABL/86, AR/86"
L,4074,"AB/86, AR/86"
RØ,4857,"NÆ/86, NF/86"
IC,164,"FA/86, KH/86"
RØ,3465,"HG/86, KH/86"
IC,4125,"AR/86, ABL/86"
M,9797,"HGL/86, CPH/86"
RØ,2599,"HG/86, KH/86"
RV,4732,"FA/86, OD/86"
RØ,4573,"HG/86, HK/86"
RØ,4449,"KK/86, NÆ/86"
RØ,4223,"HG/86, NÆ/86"
IC,182,"AR/86, FA/86, KH/86"
IC,251,"CPH/86, OD/86"
RØ,4865,"NÆ/86, NF/86"
RØ,2495,"KH/86, NÆ/86"
EX,394,"HMB/80, KH/86"
IC,2304,"FA/86, ES/86"
RØ,1557,"KK/86, KB/86"
RØ,4429,"KH/86, NÆ/86"
IC,4190,"ABL/86, AR/86"
L,746,"STR/86, FA/86"
RØ,1277,"KH/86, NF/86"
RV,2976,"AR/86, FA/86"
IC,165,"KK/86, FA/86"
RØ,2531,"HG/86, HK/86"
L,34,"AR/86, VJ/86, FA/86, CPH/86"
RØ,4204,"VO/86, HG/86"
M,12396,"KH/86, HGL/86"
RØ,2483,"KK/86, NÆ/86"
IC,5756,"FLB/80, FA/86"
IC,412,"AR/86, FA/86"
RØ,2260,"NÆ/86, HG/86"
IC,485,"FA/86, AR/86"
IC,2340,"FA/86, ES/86"
RV,2920,"AR/86, FA/86"
RØ,4258,"RO/86, HG/86"
IC,149,"KK/86, FA/86"
RØ,3555,"KK/86, KB/86"
IC,5752,"FLB/80, FA/86"
RØ,1237,"KH/86, NF/86"
RØ,1269,"KH/86, NF/86"
L,4034,"ABL/86, AR/86"
L,4063,"AR/86, AB/86"
IC,5759,"FA/86, FLB/80"
RØ,2277,"HG/86, NÆ/86"
RV,2754,"FA/86, OD/86"
RV,2925,"FA/86, AR/86"
RØ,235,"CPH/86, SG/86"
RØ,2264,"NÆ/86, HG/86"
RØ,4849,"NÆ/86, NF/86"
RV,2742,"FA/86, OD/86"
RØ,1221,"KH/86, NF/86"
RV,2936,"AR/86, FA/86"
IC,2316,"FA/86, ES/86"
RØ,4206,"VO/86, HG/86"
RV,2972,"AR/86, FA/86"
IC,238,"OD/86, CPH/86"
RØ,2452,"NÆ/86, KH/86"
IC,5765,"FA/86, FLB/80"
M,6314,"CPH/86, KH/86"
RØ,2546,"HK/86, HG/86"
RØ,3363,"HGL/86, RO/86"
RØ,4829,"NÆ/86, NF/86"
M,12399,"HGL/86, KH/86"
IC,448,"AR/86, FA/86"
RØ,2547,"HG/86, HK/86"
RØ,4242,"NÆ/86, HG/86"
RV,2956,"AR/86, FA/86"
IC,4133,"AR/86, ABL/86"
IC,191,"KH/86, FA/86, AR/86"
RØ,2272,"KH/86, HG/86"
IC,152,"AR/86, FA/86, KH/86"
IC,5763,"FA/86, FLB/80"
RØ,1272,"NF/86, KH/86"
RØ,2550,"HK/86, HG/86"
L,59,"CPH/86, FA/86, VJ/86, AR/86"
EX,1198,"HMB/80, PA/86, KH/86"
RØ,1220,"NF/86, KH/86"
RØ,4218,"NÆ/86, HG/86"
RØ,1552,"KB/86, KK/86"
EX,1191,"KH/86, PA/86, HMB/80"
L,935,"FA/86, SDB/86"
RV,2720,"FA/86, OD/86"
RØ,1574,"KB/86, KH/86"
RØ,3859,"NÆ/86, NF/86"
M,9720,"KK/86, HGL/86"
IC,846,"ES/86, OD/86, HGL/86"
RR,982,"SDB/86, FA/86"
IC,141,"KH/86, FA/86, AR/86"
IC,4113,"AR/86, ABL/86"
IC,144,"FA/86, HGL/86"
IC,4176,"ABL/86, AR/86"
IC,827,"HGL/86, OD/86, ES/86"
IC,839,"KK/86, OD/86, ES/86"
RV,4721,"OD/86, FA/86"
IC,1472,"KH/86, CPH/86"
IC,80108,"FA/86, HGL/86"
RØ,2089,"HG/86, KH/86"
L,26,"AR/86, VJ/86, FA/86, CPH/86"
IC,132,"FA/86, HGL/86"
L,4054,"ABL/86, AR/86"
IC,4165,"AR/86, ABL/86"
RØ,274,"RO/86, CPH/86"
RØ,4441,"KK/86, NÆ/86"
RØ,4263,"HG/86, NÆ/86"
RØ,1273,"KH/86, NF/86"
IC,4184,"ABL/86, AR/86"
RØ,4410,"NÆ/86, KH/86"
IC,875,"HGL/86, OD/86, ES/86"
RØ,2439,"KK/86, NÆ/86"
RØ,2419,"KH/86, NÆ/86"
RØ,1229,"KH/86, NF/86"
RØ,2444,"NÆ/86, KH/86"
RØ,2412,"NÆ/86, KK/86"
L,4042,"ABL/86, AR/86"
RØ,4426,"NÆ/86, KK/86"
RØ,1265,"KH/86, NF/86"
RV,2961,"FA/86, AR/86"
IC,125,"KK/86, FA/86, AR/86"
L,959,"FA/86, SDB/86"
L,4055,"AR/86, AB/86"
RØ,3510,"KB/86, KK/86"
IC,124,"FA/86, KH/86"
M,7085,"FA/86, AR/86"
RØ,1236,"NF/86, KH/86"
M,12196,"KH/86, HGL/86"
RØ,3400,"KH/86, HG/86"
RØ,4453,"KK/86, NÆ/86"
RØ,2579,"HG/86, KH/86"
L,63,"CPH/86, FA/86, VJ/86, AR/86"
L,62,"AR/86, VJ/86, FA/86, CPH/86"
RØ,2436,"NÆ/86, KH/86"
RØ,3471,"HG/86, KH/86"
M,9387,"KH/86, CPH/86"
RØ,3802,"NF/86, VO/86"
RØ,4254,"RO/86, HG/86"
RØ,4214,"NÆ/86, HG/86"
RØ,1224,"NF/86, KH/86"
RØ,2252,"NÆ/86, HG/86"
RØ,4824,"NF/86, NÆ/86"
IC,2329,"ES/86, FA/86"
RØ,3448,"KH/86, HG/86"
RØ,4274,"KH/86, HG/86"
RØ,4828,"NF/86, NÆ/86"
RØ,2558,"HK/86, HG/86"
RØ,262,"SG/86, CPH/86"
RØ,4230,"NÆ/86, HG/86"
RV,4748,"FA/86, OD/86"
RØ,2208,"NÆ/86, HG/86"
M,9676,"KH/86, KK/86"
RØ,4852,"NF/86, NÆ/86"
M,9043,"HG/86, KK/86"
IC,417,"FA/86, AR/86"
IC,129,"KK/86, FA/86"
RØ,4262,"RO/86, HG/86"
M,6322,"KK/86, HGL/86"
RØ,2538,"HK/86, HG/86"
RØ,239,"CPH/86, SG/86"
RØ,4569,"HG/86, HK/86"
RØ,3440,"KH/86, HG/86"
L,42,"AR/86, VJ/86, FA/86, CPH/86"
L,66,"AR/86, VJ/86, FA/86, CPH/86"
L,4026,"ABL/86, AR/86"
RV,2940,"AR/86, FA/86"
IC,116,"FA/86, HGL/86"
RV,4756,"FA/86, OD/86"
RV,2733,"OD/86, FA/86"
RØ,4544,"HK/86, HG/86"
RØ,4821,"NÆ/86, NF/86"
IC,2376,"FA/86, ES/86"
RØ,2500,"KH/86, HG/86"
RØ,4549,"HG/86, HK/86"
IC,5764,"FLB/80, FA/86"
IC,2337,"ES/86, FA/86"
RØ,279,"CPH/86, SG/86"
IC,1476,"KH/86, CPH/86"
IC,2383,"ES/86, FA/86"
RØ,3559,"KK/86, KB/86"
RV,3954,"AR/86, FA/86"
RØ,2245,"HG/86, NÆ/86"
L,723,"FA/86, STR/86"
RØ,1268,"NF/86, KH/86"
RØ,4825,"NÆ/86, NF/86"
IC,4141,"AR/86, ABL/86"
RØ,4434,"NÆ/86, KH/86"
IC,4164,"ABL/86, AR/86"
IC,1413,"CPH/86, KH/86"
L,50,"AR/86, VJ/86, FA/86, CPH/86"
RØ,2435,"KH/86, NÆ/86"
IC,822,"ES/86, OD/86, KK/86"
L,38,"AR/86, VJ/86, FA/86, CPH/86"
IC,107,"KH/86, FA/86, AR/86"
IC,242,"OD/86, CPH/86"
RØ,2297,"HG/86, KH/86"
M,6343,"KH/86, CPH/86"
RØ,291,"CPH/86, RO/86"
EX,1196,"HMB/80, PA/86, KH/86"
L,14,"AR/86, VJ/86, FA/86, CPH/86"
IC,120,"AR/86, FA/86, KK/86"
RØ,2268,"NÆ/86, HG/86"
IC,469,"FA/86, AR/86"
RØ,1281,"KH/86, NF/86"
L,747,"VJ/86, STR/86"
RV,4753,"OD/86, FA/86"
RØ,3506,"KB/86, KK/86"
RØ,3402,"KH/86, HG/86"
RØ,2224,"NÆ/86, HG/86"
IC,842,"ES/86, OD/86, HGL/86"
RØ,4275,"HG/86, RO/86"
RØ,2522,"HK/86, HG/86"
L,942,"SDB/86, FA/86"
RV,2953,"FA/86, AR/86"
IC,461,"FA/86, AR/86"
M,9176,"RO/86, KK/86"
RØ,2236,"NÆ/86, HG/86"
RØ,4560,"HK/86, HG/86"
RØ,2519,"KH/86, HK/86"
RØ,3475,"HG/86, KH/86"
L,4038,"ABL/86, AR/86"
RØ,4418,"NÆ/86, KK/86"
RØ,4844,"NF/86, NÆ/86"
RØ,2566,"HK/86, HGL/86"
RØ,4259,"HG/86, NÆ/86"
RV,3947,"FA/86, AR/86"
L,58,"AR/86, VJ/86, FA/86, CPH/86"
RV,3950,"AR/86, FA/86"
RØ,1508,"KB/86, HGL/86"
RØ,2269,"HG/86, NÆ/86"
RØ,4841,"NÆ/86, NF/86"
IC,863,"HGL/86, OD/86, ES/86"
RØ,2468,"NÆ/86, KH/86"
RR,974,"SDB/86, FA/86"
RØ,4438,"NÆ/86, KH/86"
IC,208,"OD/86, CPH/86"
RØ,222,"SG/86, CPH/86"
IC,2365,"ES/86, FA/86"
RV,2917,"FA/86, AR/86"
RØ,4454,"NÆ/86, KK/86"
RØ,266,"RO/86, CPH/86"
IC,137,"KH/86, FA/86"
IC,113,"KH/86, FA/86"
RØ,2237,"HG/86, NÆ/86"
L,4039,"AR/86, ABL/86"
IC,453,"FA/86, AR/86"
RØ,4238,"NÆ/86, HG/86"
EX,397,"KH/86, HMB/80"
RØ,2551,"HG/86, HK/86"
IC,831,"HGL/86, OD/86, ES/86"
IC,421,"FA/86, AR/86"
L,4043,"AR/86, ABL/86"
RØ,4860,"NF/86, NÆ/86"
RØ,1587,"KK/86, KB/86"
RV,2924,"AR/86, FA/86"
IC,4180,"AB/86, AR/86"
RØ,1264,"NF/86, KH/86"
IC,834,"ES/86, OD/86, HGL/86"
RØ,4895,"KH/86, NF/86"
RV,2928,"AR/86, FA/86"
RØ,1252,"NF/86, KH/86"
IC,4161,"AR/86, ABL/86"
RØ,3450,"KH/86, HG/86"
RV,2760,"FA/86, OD/86"
IC,259,"CPH/86, OD/86"
RØ,4243,"HG/86, NÆ/86"
IC,866,"ES/86, OD/86, KK/86"
RØ,4836,"NF/86, NÆ/86"
L,47,"CPH/86, FA/86, VJ/86, AR/86"
IC,1417,"CPH/86, KH/86"
IC,4124,"ABL/86, AR/86"
RØ,4861,"NÆ/86, NF/86"
RØ,1529,"KK/86, KB/86"
M,9702,"CPH/86, HGL/86"
M,9301,"KH/86, CPH/86"
RØ,2440,"NÆ/86, KH/86"
RV,3918,"AR/86, FA/86"
RØ,1516,"KB/86, KK/86"
RV,2341,"ES/86, FA/86"
RØ,1564,"KB/86, KK/86"
IC,871,"HGL/86, OD/86, ES/86"
RØ,2424,"NÆ/86, KH/86"
M,940387,"AA/80, HMB/80"
RØ,2299,"KH/86, NÆ/86"
RØ,1517,"KK/86, KB/86"
RØ,2085,"HG/86, KH/86"
RØ,2287,"HG/86, NÆ/86"
RØ,295,"CPH/86, RO/86"
RV,2777,"OD/86, FA/86"
RØ,2256,"NÆ/86, HG/86"
L,39,"CPH/86, FA/86, VJ/86, AR/86"
L,4047,"AR/86, ABL/86"
RV,2948,"AR/86, FA/86"
RV,2973,"FA/86, AR/86"
RØ,3438,"KH/86, HG/86"
RØ,1536,"KB/86, KK/86"
RR,3408,"KH/86, HG/86"
IC,4137,"AR/86, ABL/86"
L,4070,"ABL/86, AR/86"
RØ,2463,"KH/86, NÆ/86"
RØ,3434,"KH/86, HG/86"
L,763,"FA/86, STR/86"
RØ,1540,"KB/86, KK/86"
RØ,4532,"HK/86, HG/86"
IC,810,"ES/86, OD/86, HGL/86"
IC,477,"FA/86, AR/86"
IC,2317,"ES/86, FA/86"
RØ,1570,"KB/86, KH/86"
RØ,2526,"HK/86, HG/86"
IC,104,"FA/86, KK/86"
RØ,1257,"KH/86, NF/86"
RØ,1289,"KH/86, NF/86"
IC,4178,"ABL/86, AB/86"
L,911,"FA/86, SDB/86"
RV,3919,"FA/86, AR/86"
RV,2715,"OD/86, FA/86"
IC,255,"CPH/86, OD/86"
L,79,"CPH/86, FA/86, VJ/86, AR/86"
RØ,4504,"HK/86, HG/86"
RØ,4231,"HG/86, NÆ/86"
RØ,4445,"KK/86, NÆ/86"
RØ,3502,"KB/86, KK/86"
RV,2965,"FA/86, AR/86"
RØ,2456,"NÆ/86, KK/86"
RV,2921,"FA/86, AR/86"
RØ,2204,"NÆ/86, HG/86"
IC,859,"HGL/86, OD/86, ES/86"
RØ,4873,"NÆ/86, NF/86"
RØ,1261,"KH/86, NF/86"
RØ,4520,"HK/86, HG/86"
EX,399,"KH/86, HMB/80"
RØ,2261,"HG/86, NÆ/86"
IC,4152,"ABL/86, AR/86"
RØ,2543,"HG/86, HK/86"
RV,4769,"OD/86, FA/86"
RV,2751,"OD/86, FA/86"
RØ,1553,"KK/86, KB/86"
RØ,1549,"KK/86, KB/86"
M,9163,"RO/86, NÆ/86"
M,9111,"NÆ/86, VO/86"
RØ,4557,"HG/86, HK/86"
RØ,3563,"KK/86, KB/86"
RØ,1521,"HGL/86, KB/86"
RØ,2476,"NÆ/86, HGL/86"
RØ,3473,"HG/86, KH/86"
L,762,"STR/86, FA/86"
RØ,1276,"NF/86, KH/86"
L,51,"CPH/86, FA/86, VJ/86, AR/86"
RØ,1569,"KK/86, KB/86"
RV,2945,"FA/86, AR/86"
RØ,2523,"HGL/86, HK/86"
RØ,1245,"KH/86, NF/86"
RØ,1561,"KK/86, KB/86"
RV,4169,"AB/86, ABL/86"
RØ,200,"RO/86, CPH/86"
RØ,4250,"NÆ/86, HG/86"
L,31,"CPH/86, FA/86, VJ/86, AR/86"
IC,879,"HGL/86, OD/86"
RØ,4540,"HK/86, HG/86"
L,4023,"AR/86, ABL/86"
L,958,"SDB/86, FA/86"
RØ,2408,"NÆ/86, KH/86"
RØ,4246,"NÆ/86, HG/86"
RV,2980,"AR/86, FA/86"
IC,815,"OD/86, ES/86"
IC,2360,"FA/86, ES/86"
M,9303,"KH/86, CPH/86"
L,71,"CPH/86, FA/86, VJ/86, AR/86"
IC,413,"FA/86, AR/86"
RØ,3437,"HG/86, KH/86"
L,4059,"AR/86, AB/86"
IC,2364,"FA/86, ES/86"
RØ,2518,"HK/86, HG/86"
L,4015,"AR/86, ABL/86"
IC,4101,"AR/86, ABL/86"
IC,4132,"ABL/86, AR/86"
L,608,"OD/86, KH/86"
RØ,3433,"HG/86, KH/86"
IC,444,"AR/86, FA/86"
IC,851,"HGL/86, OD/86, ES/86"
RØ,1524,"KB/86, KK/86"
RØ,4853,"NÆ/86, NF/86"
RØ,4406,"NÆ/86, KH/86"
IC,2324,"FA/86, ES/86"
RV,2937,"FA/86, AR/86"
IC,4160,"ABL/86, AR/86"
RØ,4442,"NÆ/86, KH/86"
M,9017,"HGL/86, RO/86"
IC,250,"OD/86, CPH/86"
RØ,2216,"NÆ/86, HG/86"
IC,4171,"AR/86, AB/86"
RØ,4270,"KH/86, HG/86"
RØ,4848,"NF/86, NÆ/86"
IC,424,"AR/86, FA/86"
RØ,4469,"KH/86, NÆ/86"
L,975,"FA/86, SDB/86"
RØ,2212,"NÆ/86, HG/86"
RV,2944,"AR/86, FA/86"
L,4030,"ABL/86, AR/86"
IC,2313,"ES/86, FA/86"
IC,437,"FA/86, AR/86"
RØ,283,"CPH/86, RO/86"
RV,4003,"AB/86, ABL/86"
IC,806,"ES/86, OD/86, HGL/86"
IC,445,"FA/86, AR/86"
RV,2968,"AR/86, FA/86"
IC,440,"AR/86, FA/86"
IC,4157,"AR/86, ABL/86"
IC,5766,"FLB/80, FA/86"
RØ,4210,"NÆ/86, HG/86"
