TripId,TrainCategory,TrainId,FromStation,ToStation,Departure,Arrival,Demand,Distance,UnitSpecificId
437,RØ,295,CPH/86,RO/86,5,39,9,37.9,EB15Talgo_1
2662,M,9176,RO/86,KK/86,60,92,0,34.4,EB15Talgo_1
224,IC,129,KK/86,FA/86,461,602,252,223.7,EB15Talgo_1
221,IC,128,FA/86,KK/86,656,799,125,223.7,EB15Talgo_1
2275,RØ,4453,KK/86,NÆ/86,818,892,93,82.3,EB15Talgo_1
2146,RØ,4242,NÆ/86,HG/86,928,1052,411,136.9,EB15Talgo_1
1798,RØ,3473,HG/86,KH/86,1074,1124,60,46.2,EB15Talgo_1
2746,M,12394,KH/86,HGL/86,1183,1193,0,5.2,EB15Talgo_1
2719,M,9785,HGL/86,CPH/86,1297,1326,0,17.0,EB15Talgo_1
907,IC,1401,CPH/86,KH/86,12,25,74,11.8,EB15Talgo_2
1192,RØ,2299,KH/86,NÆ/86,70,134,28,90.7,EB15Talgo_2
1309,RØ,2400,NÆ/86,KH/86,276,343,55,79.2,EB15Talgo_2
1429,RØ,2500,KH/86,HG/86,352,407,13,46.2,EB15Talgo_2
1105,RØ,2229,HG/86,NÆ/86,418,542,398,136.9,EB15Talgo_2
2224,RØ,4418,NÆ/86,KK/86,546,622,85,82.3,EB15Talgo_2
646,IC,839,KK/86,OD/86,623,720,157,161.2,EB15Talgo_2
647,IC,839,OD/86,ES/86,729,806,104,142.3,EB15Talgo_2
650,IC,842,ES/86,OD/86,812,892,152,142.3,EB15Talgo_2
651,IC,842,OD/86,HGL/86,900,1003,242,163.3,EB15Talgo_2
702,IC,867,HGL/86,OD/86,1036,1140,372,163.3,EB15Talgo_2
703,IC,867,OD/86,ES/86,1149,1226,114,142.3,EB15Talgo_2
1300,IC,2377,ES/86,FA/86,1263,1327,48,88.5,EB15Talgo_2
1585,RR,2776,FA/86,OD/86,1347,1401,15,60.3,EB15Talgo_2
1591,RV,2785,OD/86,FA/86,1416,1470,14,60.3,EB15Talgo_2
913,IC,1413,CPH/86,KH/86,206,219,4,11.8,EB15Talgo_3
1084,RØ,2217,KH/86,NÆ/86,296,362,36,90.7,EB15Talgo_3
2215,RØ,4406,NÆ/86,KH/86,366,433,253,79.2,EB15Talgo_3
1336,RØ,2427,KH/86,NÆ/86,437,502,85,79.2,EB15Talgo_3
2107,RØ,4214,NÆ/86,HG/86,508,632,265,136.9,EB15Talgo_3
2350,RØ,4545,HG/86,HK/86,643,757,137,113.3,EB15Talgo_3
1462,RØ,2530,HK/86,HG/86,773,887,161,113.3,EB15Talgo_3
1153,RØ,2261,HG/86,NÆ/86,898,1022,437,136.9,EB15Talgo_3
2272,RØ,4450,NÆ/86,KH/86,1026,1093,54,79.2,EB15Talgo_3
792,EX,1199,KH/86,PA/86,1102,1257,158,321.6,EB15Talgo_3
793,EX,1199,PA/86,HMB/80,1262,1384,0,184.5,EB15Talgo_3
1195,IC,2304,FA/86,ES/86,307,370,19,88.5,EB15Talgo_4
595,IC,814,ES/86,OD/86,392,472,191,142.3,EB15Talgo_4
596,IC,814,OD/86,HGL/86,480,583,305,163.3,EB15Talgo_4
2620,M,6431,HGL/86,CPH/86,669,695,0,17.0,EB15Talgo_4
380,RØ,247,CPH/86,SG/86,725,795,42,99.5,EB15Talgo_4
359,RØ,234,SG/86,CPH/86,824,894,134,99.5,EB15Talgo_4
398,IC,259,CPH/86,OD/86,905,1010,347,166.9,EB15Talgo_4
383,IC,250,OD/86,CPH/86,1029,1134,70,166.9,EB15Talgo_4
422,RØ,275,CPH/86,SG/86,1145,1215,44,99.5,EB15Talgo_4
401,RØ,262,SG/86,CPH/86,1244,1314,27,99.5,EB15Talgo_4
431,RØ,287,CPH/86,RO/86,1325,1359,24,37.9,EB15Talgo_4
413,RØ,270,RO/86,CPH/86,1400,1434,10,37.9,EB15Talgo_4
788,EX,1198,HMB/80,PA/86,410,534,0,184.5,EB15Talgo_5
789,EX,1198,PA/86,KH/86,543,698,68,321.6,EB15Talgo_5
449,EX,395,KH/86,HMB/80,742,1024,282,506.1,EB15Talgo_5
452,EX,396,HMB/80,KH/86,653,938,274,506.1,EB15Talgo_6
461,EX,399,KH/86,HMB/80,982,1264,201,506.1,EB15Talgo_6
784,EX,1196,HMB/80,PA/86,712,833,0,184.5,EB15Talgo_7
785,EX,1196,PA/86,KH/86,843,998,149,321.6,EB15Talgo_7
2287,RØ,4465,KH/86,NÆ/86,1007,1072,237,79.2,EB15Talgo_7
1138,RØ,2252,NÆ/86,HG/86,1078,1202,89,136.9,EB15Talgo_7
1531,RØ,2583,HG/86,RO/86,1213,1298,86,77.5,EB15Talgo_7
407,RØ,266,RO/86,CPH/86,1340,1374,12,37.9,EB15Talgo_7
1171,RØ,2272,KH/86,HG/86,7,62,29,46.2,EB4DD_1
2113,RØ,4219,HG/86,KH/86,268,323,60,46.2,EB4DD_1
211,IC,121,KH/86,FA/86,350,482,212,220.6,EB4DD_1
2563,IC,5755,FA/86,FLB/80,510,593,65,121.6,EB4DD_1
2560,IC,5754,FLB/80,FA/86,605,690,16,121.6,EB4DD_1
2422,RV,4732,FA/86,OD/86,690,736,8,60.3,EB4DD_1
1561,RV,2741,OD/86,FA/86,758,811,19,60.3,EB4DD_1
240,IC,140,FA/86,KK/86,836,979,236,223.7,EB4DD_1
282,IC,165,KK/86,FA/86,1001,1142,395,223.7,EB4DD_1
279,IC,164,FA/86,KH/86,1196,1330,92,220.6,EB4DD_1
1072,RØ,2204,NÆ/86,HG/86,358,482,229,136.9,EB4DD_10
1471,RØ,2535,HG/86,HK/86,493,607,259,113.3,EB4DD_10
2311,RØ,4520,HK/86,HG/86,623,737,126,113.3,EB4DD_10
2362,RØ,4553,HG/86,HK/86,763,877,182,113.3,EB4DD_10
1474,RØ,2538,HK/86,HG/86,893,1007,354,113.3,EB4DD_10
1792,RØ,3469,HG/86,KH/86,1014,1064,78,46.2,EB4DD_10
2290,RØ,4469,KH/86,NÆ/86,1067,1132,93,79.2,EB4DD_10
1144,RØ,2256,NÆ/86,HG/86,1138,1262,104,136.9,EB4DD_10
1183,RØ,2287,HG/86,NÆ/86,1273,1396,184,136.9,EB4DD_10
1315,RØ,2408,NÆ/86,KH/86,396,463,300,79.2,EB4DD_11
1342,RØ,2431,KH/86,NÆ/86,497,562,63,79.2,EB4DD_11
2110,RØ,4218,NÆ/86,HG/86,568,692,128,136.9,EB4DD_11
2356,RØ,4549,HG/86,HK/86,703,817,138,113.3,EB4DD_11
1468,RØ,2534,HK/86,HG/86,833,947,211,113.3,EB4DD_11
1159,RØ,2265,HG/86,NÆ/86,958,1082,340,136.9,EB4DD_11
2278,RØ,4454,NÆ/86,KK/86,1086,1162,34,82.3,EB4DD_11
1414,RØ,2479,KK/86,NÆ/86,1208,1282,75,82.3,EB4DD_11
1168,RØ,2270,NÆ/86,KH/86,1365,1430,20,90.7,EB4DD_11
919,IC,1472,KH/86,CPH/86,19,32,3,11.8,EB4DD_2
2668,M,9300,CPH/86,KH/86,192,205,0,11.8,EB4DD_2
198,IC,113,KH/86,FA/86,230,362,49,220.6,EB4DD_2
195,IC,112,FA/86,HGL/86,416,565,391,225.8,EB4DD_2
654,IC,843,HGL/86,OD/86,676,780,157,163.3,EB4DD_2
655,IC,843,OD/86,ES/86,789,866,116,142.3,EB4DD_2
658,IC,846,ES/86,OD/86,872,952,177,142.3,EB4DD_2
659,IC,846,OD/86,HGL/86,960,1063,232,163.3,EB4DD_2
2737,M,12199,HGL/86,KH/86,1085,1097,0,5.2,EB4DD_2
1402,RØ,2471,KH/86,NÆ/86,1097,1162,88,79.2,EB4DD_2
1150,RØ,2260,NÆ/86,HG/86,1198,1322,88,136.9,EB4DD_2
1063,RØ,2093,HG/86,KH/86,1378,1433,20,46.2,EB4DD_2
2194,RØ,4274,KH/86,HG/86,37,92,32,46.2,EB4DD_3
1087,RØ,2219,HG/86,KH/86,298,353,57,46.2,EB4DD_3
1093,RØ,2221,KH/86,NÆ/86,356,422,55,90.7,EB4DD_3
2218,RØ,4410,NÆ/86,KH/86,426,493,307,79.2,EB4DD_3
443,EX,393,KH/86,HMB/80,502,786,229,506.1,EB4DD_3
446,EX,394,HMB/80,KH/86,893,1178,232,506.1,EB4DD_3
1186,RØ,2291,KH/86,NÆ/86,1390,1454,102,90.7,EB4DD_3
922,IC,1476,KH/86,CPH/86,79,92,22,11.8,EB4DD_4
2674,M,9302,CPH/86,KH/86,222,235,0,11.8,EB4DD_4
2638,M,9000,KH/86,HG/86,300,332,0,46.2,EB4DD_4
2320,RØ,4525,HG/86,HK/86,343,457,108,113.3,EB4DD_4
1438,RØ,2510,HK/86,HG/86,473,587,424,113.3,EB4DD_4
1123,RØ,2241,HG/86,NÆ/86,598,722,106,136.9,EB4DD_4
2242,RØ,4430,NÆ/86,KK/86,726,802,44,82.3,EB4DD_4
263,IC,153,KK/86,FA/86,821,962,241,223.7,EB4DD_4
1261,RV,2352,FA/86,ES/86,1011,1074,55,88.5,EB4DD_4
690,IC,862,ES/86,OD/86,1112,1192,32,142.3,EB4DD_4
691,IC,862,OD/86,KK/86,1200,1297,93,161.2,EB4DD_4
1420,RØ,2487,KK/86,NÆ/86,1328,1402,66,82.3,EB4DD_4
925,IC,1482,KH/86,CPH/86,163,177,38,11.8,EB4DD_5
916,IC,1417,CPH/86,KH/86,266,279,263,11.8,EB4DD_5
1447,RØ,2519,KH/86,HK/86,312,367,18,67.1,EB4DD_5
2299,RØ,4504,HK/86,HG/86,383,497,314,113.3,EB4DD_5
2137,RØ,4235,HG/86,NÆ/86,508,632,296,136.9,EB4DD_5
1333,RØ,2424,NÆ/86,KH/86,636,703,51,79.2,EB4DD_5
2734,M,12198,KH/86,HGL/86,703,715,0,5.2,EB4DD_5
2749,M,12395,HGL/86,KH/86,725,737,0,5.2,EB4DD_5
2644,M,9024,KH/86,HG/86,748,801,0,46.2,EB4DD_5
2167,RØ,4255,HG/86,NÆ/86,808,932,306,136.9,EB4DD_5
1126,RØ,2244,NÆ/86,HG/86,958,1082,319,136.9,EB4DD_5
1801,RØ,3475,HG/86,KH/86,1104,1154,41,46.2,EB4DD_5
1408,RØ,2475,KH/86,NÆ/86,1157,1222,71,79.2,EB4DD_5
1156,RØ,2264,NÆ/86,HG/86,1258,1382,125,136.9,EB4DD_5
1189,RØ,2297,HG/86,KH/86,1438,1493,2,46.2,EB4DD_5
2095,RØ,4202,NÆ/86,HG/86,265,392,106,136.9,EB4DD_6
2326,RØ,4529,HG/86,HK/86,403,517,324,113.3,EB4DD_6
1441,RØ,2514,HK/86,HG/86,533,647,279,113.3,EB4DD_6
1129,RØ,2245,HG/86,NÆ/86,658,782,110,136.9,EB4DD_6
2248,RØ,4434,NÆ/86,KH/86,786,853,58,79.2,EB4DD_6
455,EX,397,KH/86,HMB/80,862,1144,149,506.1,EB4DD_6
2773,M,940397,HMB/80,AA/80,1164,1177,0,6.9,EB4DD_6
2650,M,9111,NÆ/86,VO/86,281,295,0,27.4,EB4DD_7
2098,RØ,4204,VO/86,HG/86,310,452,222,164.3,EB4DD_7
1111,RØ,2233,HG/86,NÆ/86,478,602,377,136.9,EB4DD_7
2230,RØ,4422,NÆ/86,KK/86,606,682,61,82.3,EB4DD_7
250,IC,145,KK/86,FA/86,701,842,123,223.7,EB4DD_7
247,IC,144,FA/86,HGL/86,896,1049,262,225.8,EB4DD_7
2767,IC,80169,HGL/86,FA/86,1055,1202,194,225.8,EB4DD_7
285,IC,168,FA/86,KH/86,1256,1390,58,220.6,EB4DD_7
2770,M,940387,AA/80,HMB/80,285,294,0,6.9,EB4DD_8
458,EX,398,HMB/80,KH/86,535,818,243,506.1,EB4DD_8
2758,M,12398,KH/86,HGL/86,823,835,0,5.2,EB4DD_8
678,IC,855,HGL/86,OD/86,856,960,314,163.3,EB4DD_8
679,IC,855,OD/86,ES/86,969,1046,171,142.3,EB4DD_8
682,IC,858,ES/86,OD/86,1052,1132,70,142.3,EB4DD_8
683,IC,858,OD/86,HGL/86,1140,1243,99,163.3,EB4DD_8
2713,M,9783,HGL/86,KH/86,1267,1277,0,5.2,EB4DD_8
1423,RØ,2491,KH/86,NÆ/86,1397,1462,49,79.2,EB4DD_8
2212,RØ,4402,NÆ/86,KH/86,306,373,81,79.2,EB4DD_9
1726,RØ,3402,KH/86,HG/86,376,426,38,46.2,EB4DD_9
1465,RØ,2531,HG/86,HK/86,433,547,421,113.3,EB4DD_9
2308,RØ,4516,HK/86,HG/86,563,677,144,113.3,EB4DD_9
2155,RØ,4247,HG/86,NÆ/86,688,812,150,136.9,EB4DD_9
1351,RØ,2436,NÆ/86,KH/86,816,883,84,79.2,EB4DD_9
1756,RØ,3436,KH/86,HG/86,886,936,159,46.2,EB4DD_9
2377,RØ,4565,HG/86,HK/86,943,1057,352,113.3,EB4DD_9
1492,RØ,2550,HK/86,HG/86,1073,1187,107,113.3,EB4DD_9
1180,RØ,2281,HG/86,NÆ/86,1198,1322,87,136.9,EB4DD_9
1426,RØ,2495,KH/86,NÆ/86,17,77,22,79.2,EB5DD_1
1312,RØ,2404,NÆ/86,KH/86,336,403,122,79.2,EB5DD_1
1729,RØ,3404,KH/86,HG/86,406,456,50,46.2,EB5DD_1
2332,RØ,4533,HG/86,HK/86,463,577,475,113.3,EB5DD_1
1444,RØ,2518,HK/86,HG/86,593,707,131,113.3,EB5DD_1
1135,RØ,2249,HG/86,NÆ/86,718,842,109,136.9,EB5DD_1
2140,RØ,4238,NÆ/86,HG/86,868,992,352,136.9,EB5DD_1
2380,RØ,4569,HG/86,HK/86,1003,1117,287,113.3,EB5DD_1
2365,RØ,4556,HK/86,HG/86,1163,1277,118,113.3,EB5DD_1
2395,RØ,4589,HG/86,KH/86,1303,1358,65,46.2,EB5DD_1
2104,RØ,4210,NÆ/86,HG/86,448,572,520,136.9,EB5DD_10
2149,RØ,4243,HG/86,NÆ/86,628,752,165,136.9,EB5DD_10
1108,RØ,2232,NÆ/86,HG/86,778,902,143,136.9,EB5DD_10
1513,RØ,2563,HG/86,HK/86,913,1027,431,113.3,EB5DD_10
2353,RØ,4548,HK/86,HG/86,1043,1157,121,113.3,EB5DD_10
2200,RØ,4279,HG/86,RO/86,1168,1253,163,77.5,EB5DD_10
2176,RØ,4262,RO/86,HG/86,1267,1352,92,77.5,EB5DD_10
2677,M,9303,KH/86,CPH/86,85,97,0,11.8,EB5DD_2
2710,M,9782,CPH/86,HGL/86,152,179,0,17.0,EB5DD_2
1453,RØ,2523,HGL/86,HK/86,356,427,55,72.3,EB5DD_2
2302,RØ,4508,HK/86,HG/86,443,557,507,113.3,EB5DD_2
2143,RØ,4239,HG/86,NÆ/86,568,692,139,136.9,EB5DD_2
1102,RØ,2228,NÆ/86,HG/86,718,842,113,136.9,EB5DD_2
1507,RØ,2559,HG/86,HK/86,853,967,354,113.3,EB5DD_2
2347,RØ,4544,HK/86,HG/86,983,1097,194,113.3,EB5DD_2
1177,RØ,2277,HG/86,NÆ/86,1138,1262,95,136.9,EB5DD_2
934,IC,1490,KH/86,CPH/86,279,292,132,11.8,EB5DD_3
2701,M,9702,CPH/86,HGL/86,369,397,0,17.0,EB5DD_3
622,IC,827,HGL/86,OD/86,436,540,259,163.3,EB5DD_3
623,IC,827,OD/86,ES/86,549,626,107,142.3,EB5DD_3
626,IC,830,ES/86,OD/86,632,712,98,142.3,EB5DD_3
627,IC,830,OD/86,HGL/86,720,823,155,163.3,EB5DD_3
276,IC,161,HGL/86,FA/86,934,1082,519,225.8,EB5DD_3
2593,IC,5765,FA/86,FLB/80,1110,1193,38,121.6,EB5DD_3
2590,IC,5764,FLB/80,FA/86,1205,1290,34,121.6,EB5DD_3
288,IC,172,FA/86,KH/86,1316,1450,61,220.6,EB5DD_3
1066,RØ,2200,KH/86,HG/86,307,362,29,46.2,EB5DD_4
1459,RØ,2527,HG/86,HK/86,373,487,360,113.3,EB5DD_4
2305,RØ,4512,HK/86,HG/86,503,617,259,113.3,EB5DD_4
2647,M,9043,HG/86,KK/86,633,684,0,43.1,EB5DD_4
2269,RØ,4449,KK/86,NÆ/86,758,832,59,82.3,EB5DD_4
1114,RØ,2236,NÆ/86,HG/86,838,962,323,136.9,EB5DD_4
1519,RØ,2567,HG/86,HK/86,973,1087,354,113.3,EB5DD_4
2359,RØ,4552,HK/86,HG/86,1103,1217,100,113.3,EB5DD_4
2206,RØ,4287,HG/86,KH/86,1288,1343,26,46.2,EB5DD_4
2656,M,9115,NÆ/86,VO/86,341,355,0,27.4,EB5DD_5
2101,RØ,4206,VO/86,HG/86,370,512,463,164.3,EB5DD_5
1759,RØ,3437,HG/86,KH/86,534,584,212,46.2,EB5DD_5
2251,RØ,4437,KH/86,NÆ/86,587,652,32,79.2,EB5DD_5
1096,RØ,2224,NÆ/86,HG/86,658,782,106,136.9,EB5DD_5
1501,RØ,2555,HG/86,HK/86,793,907,233,113.3,EB5DD_5
2341,RØ,4540,HK/86,HG/86,923,1037,316,113.3,EB5DD_5
2383,RØ,4573,HG/86,HK/86,1063,1177,156,113.3,EB5DD_5
1504,RØ,2558,HK/86,HG/86,1193,1307,135,113.3,EB5DD_5
1060,RØ,2089,HG/86,KH/86,1318,1373,36,46.2,EB5DD_5
1069,RØ,2202,KH/86,HG/86,367,422,19,46.2,EB5DD_6
2131,RØ,4231,HG/86,NÆ/86,448,572,413,136.9,EB5DD_6
1090,RØ,2220,NÆ/86,HG/86,598,722,82,136.9,EB5DD_6
1495,RØ,2551,HG/86,HK/86,733,847,144,113.3,EB5DD_6
2335,RØ,4536,HK/86,HG/86,863,977,267,113.3,EB5DD_6
2185,RØ,4267,HG/86,NÆ/86,988,1112,349,136.9,EB5DD_6
1381,RØ,2456,NÆ/86,KK/86,1116,1192,33,82.3,EB5DD_6
1417,RØ,2483,KK/86,NÆ/86,1268,1342,71,82.3,EB5DD_6
2125,RØ,4227,HG/86,NÆ/86,388,512,473,136.9,EB5DD_7
1321,RØ,2416,NÆ/86,KK/86,516,592,123,82.3,EB5DD_7
1354,RØ,2439,KK/86,NÆ/86,608,682,33,82.3,EB5DD_7
2122,RØ,4226,NÆ/86,HG/86,688,812,154,136.9,EB5DD_7
1147,RØ,2257,HG/86,NÆ/86,838,962,305,136.9,EB5DD_7
2266,RØ,4446,NÆ/86,KH/86,966,1033,79,79.2,EB5DD_7
1774,RØ,3446,KH/86,HG/86,1036,1086,153,46.2,EB5DD_7
1525,RØ,2575,HG/86,HK/86,1093,1207,106,113.3,EB5DD_7
2371,RØ,4560,HK/86,HG/86,1223,1337,95,113.3,EB5DD_7
2209,RØ,4291,HG/86,KH/86,1348,1403,36,46.2,EB5DD_7
1741,RØ,3429,HG/86,KH/86,414,464,292,46.2,EB5DD_8
2239,RØ,4429,KH/86,NÆ/86,467,532,66,79.2,EB5DD_8
1081,RØ,2216,NÆ/86,HG/86,538,662,199,136.9,EB5DD_8
1489,RØ,2547,HG/86,HK/86,673,787,122,113.3,EB5DD_8
2329,RØ,4532,HK/86,HG/86,803,917,169,113.3,EB5DD_8
2179,RØ,4263,HG/86,NÆ/86,928,1052,484,136.9,EB5DD_8
1375,RØ,2452,NÆ/86,KH/86,1056,1123,44,79.2,EB5DD_8
2293,RØ,4473,KH/86,NÆ/86,1127,1192,59,79.2,EB5DD_8
1162,RØ,2268,NÆ/86,HG/86,1318,1442,94,136.9,EB5DD_8
1075,RØ,2208,NÆ/86,HG/86,418,542,481,136.9,EB5DD_9
1477,RØ,2539,HG/86,HK/86,553,667,198,113.3,EB5DD_9
2317,RØ,4524,HK/86,HG/86,683,797,135,113.3,EB5DD_9
2368,RØ,4557,HG/86,HK/86,823,937,216,113.3,EB5DD_9
1480,RØ,2542,HK/86,HG/86,953,1067,315,113.3,EB5DD_9
1174,RØ,2273,HG/86,NÆ/86,1078,1202,98,136.9,EB5DD_9
1537,RØ,2599,HG/86,KH/86,28,83,16,46.2,ERF_1
204,IC,117,KH/86,FA/86,290,422,107,220.6,ERF_1
2404,RR,4714,FA/86,OD/86,422,468,70,60.3,ERF_1
335,IC,214,OD/86,CPH/86,490,594,143,166.9,ERF_1
374,RØ,243,CPH/86,SG/86,665,735,42,99.5,ERF_1
353,RØ,230,SG/86,CPH/86,764,834,74,99.5,ERF_1
132,L,59,CPH/86,FA/86,926,1054,653,230.2,ERF_1
266,IC,156,FA/86,KK/86,1076,1219,85,223.7,ERF_1
720,L,910,SDB/86,FA/86,284,377,67,136.5,ERF_10
9,L,10,FA/86,CPH/86,387,512,614,230.2,ERF_10
362,RØ,235,CPH/86,SG/86,545,615,72,99.5,ERF_10
341,RØ,222,SG/86,CPH/86,644,714,74,99.5,ERF_10
2605,M,6320,CPH/86,HGL/86,768,799,0,17.0,ERF_10
686,IC,859,HGL/86,OD/86,916,1020,561,163.3,ERF_10
2443,RV,4761,OD/86,FA/86,1063,1109,24,60.3,ERF_10
273,IC,160,FA/86,KH/86,1136,1270,80,220.6,ERF_10
2689,M,9387,KH/86,CPH/86,1321,1334,0,11.8,ERF_10
188,IC,104,FA/86,KK/86,296,439,319,223.7,ERF_11
1714,RØ,3327,KK/86,RO/86,446,478,187,34.4,ERF_11
1711,RØ,3310,RO/86,KK/86,497,529,164,34.4,ERF_11
2257,RØ,4441,KK/86,NÆ/86,638,712,35,82.3,ERF_11
1345,RØ,2432,NÆ/86,KK/86,756,832,47,82.3,ERF_11
2281,RØ,4457,KK/86,NÆ/86,878,952,169,82.3,ERF_11
2152,RØ,4246,NÆ/86,HG/86,988,1112,208,136.9,ERF_11
2386,RØ,4577,HG/86,HK/86,1123,1237,122,113.3,ERF_11
1516,RØ,2566,HK/86,HGL/86,1313,1384,40,72.3,ERF_11
584,IC,802,OD/86,HGL/86,300,403,246,163.3,ERF_12
2743,M,12393,HGL/86,KH/86,471,485,0,5.2,ERF_12
2245,RØ,4433,KH/86,NÆ/86,527,592,39,79.2,ERF_12
2236,RØ,4426,NÆ/86,KK/86,666,742,54,82.3,ERF_12
256,IC,149,KK/86,FA/86,761,902,141,223.7,ERF_12
753,L,951,FA/86,SDB/86,941,1032,111,136.5,ERF_12
762,L,966,SDB/86,FA/86,1124,1217,32,136.5,ERF_12
2599,IC,5767,FA/86,FLB/80,1230,1313,46,121.6,ERF_12
2596,IC,5766,FLB/80,FA/86,1325,1410,5,121.6,ERF_12
584,IC,802,OD/86,HGL/86,300,403,246,163.3,ERF_13
630,IC,831,HGL/86,OD/86,496,600,155,163.3,ERF_13
631,IC,831,OD/86,ES/86,609,686,84,142.3,ERF_13
634,IC,834,ES/86,OD/86,692,772,102,142.3,ERF_13
635,IC,834,OD/86,HGL/86,780,883,205,163.3,ERF_13
2761,M,12399,HGL/86,KH/86,949,962,0,5.2,ERF_13
1768,RØ,3442,KH/86,HG/86,976,1026,214,46.2,ERF_13
2191,RØ,4271,HG/86,RO/86,1048,1133,135,77.5,ERF_13
2164,RØ,4254,RO/86,HG/86,1147,1232,83,77.5,ERF_13
1534,RØ,2595,HG/86,HK/86,1408,1525,33,113.3,ERF_13
1204,IC,2313,ES/86,FA/86,303,367,49,88.5,ERF_14
1198,IC,2308,FA/86,ES/86,367,430,44,88.5,ERF_14
602,IC,818,ES/86,OD/86,451,532,112,142.3,ERF_14
603,IC,818,OD/86,HGL/86,540,643,143,163.3,ERF_14
2755,M,12397,HGL/86,KH/86,844,857,0,5.2,ERF_14
2752,M,12396,KH/86,HGL/86,943,953,0,5.2,ERF_14
694,IC,863,HGL/86,OD/86,976,1080,583,163.3,ERF_14
695,IC,863,OD/86,ES/86,1089,1166,155,142.3,ERF_14
1303,IC,2383,ES/86,FA/86,1361,1425,26,88.5,ERF_14
326,IC,202,OD/86,CPH/86,307,414,162,166.9,ERF_15
350,IC,227,CPH/86,OD/86,425,530,208,166.9,ERF_15
2419,RV,4729,OD/86,FA/86,580,626,10,60.3,ERF_15
1225,IC,2328,FA/86,ES/86,651,714,37,88.5,ERF_15
1246,RV,2341,ES/86,FA/86,724,789,26,88.5,ERF_15
747,L,943,FA/86,SDB/86,821,912,105,136.5,ERF_15
756,L,958,SDB/86,FA/86,1004,1097,55,136.5,ERF_15
1576,RV,2760,FA/86,OD/86,1110,1164,16,60.3,ERF_15
606,IC,819,HGL/86,OD/86,316,420,109,163.3,ERF_16
592,IC,810,OD/86,HGL/86,420,523,558,163.3,ERF_16
670,IC,851,HGL/86,OD/86,796,900,189,163.3,ERF_16
671,IC,851,OD/86,ES/86,909,986,148,142.3,ERF_16
674,IC,854,ES/86,OD/86,992,1072,105,142.3,ERF_16
675,IC,854,OD/86,HGL/86,1080,1183,119,163.3,ERF_16
714,IC,879,HGL/86,OD/86,1216,1320,191,163.3,ERF_16
606,IC,819,HGL/86,OD/86,316,420,109,163.3,ERF_17
332,IC,208,OD/86,CPH/86,429,534,238,166.9,ERF_17
368,RØ,239,CPH/86,SG/86,605,675,46,99.5,ERF_17
347,RØ,226,SG/86,CPH/86,704,774,87,99.5,ERF_17
386,IC,251,CPH/86,OD/86,785,890,138,166.9,ERF_17
371,IC,242,OD/86,CPH/86,909,1014,179,166.9,ERF_17
416,RØ,271,CPH/86,SG/86,1085,1155,69,99.5,ERF_17
395,RØ,258,SG/86,CPH/86,1184,1254,63,99.5,ERF_17
928,IC,1485,CPH/86,KH/86,1286,1300,46,11.8,ERF_17
2188,RØ,4270,KH/86,HG/86,1417,1472,137,46.2,ERF_17
2119,RØ,4223,HG/86,NÆ/86,328,452,106,136.9,ERF_18
2221,RØ,4414,NÆ/86,KK/86,486,562,124,82.3,ERF_18
2704,M,9720,KK/86,HGL/86,692,696,0,2.1,ERF_18
269,IC,157,HGL/86,FA/86,874,1022,465,225.8,ERF_18
2440,RV,4756,FA/86,OD/86,1050,1096,31,60.3,ERF_18
2449,RV,4769,OD/86,FA/86,1180,1226,40,60.3,ERF_18
2452,RV,4772,FA/86,OD/86,1290,1336,9,60.3,ERF_18
2314,RØ,4521,KK/86,HK/86,332,397,50,70.2,ERF_19
1435,RØ,2506,HK/86,HG/86,413,527,523,113.3,ERF_19
2344,RØ,4541,HG/86,HK/86,583,697,119,113.3,ERF_19
1456,RØ,2526,HK/86,HG/86,713,827,163,113.3,ERF_19
2173,RØ,4259,HG/86,NÆ/86,868,992,435,136.9,ERF_19
1369,RØ,2448,NÆ/86,KH/86,996,1063,56,79.2,ERF_19
1777,RØ,3448,KH/86,HG/86,1066,1116,100,46.2,ERF_19
1528,RØ,2579,HG/86,KH/86,1153,1208,52,46.2,ERF_19
309,IC,185,KH/86,OD/86,1310,1408,163,160.3,ERF_19
1537,RØ,2599,HG/86,KH/86,28,83,16,46.2,ERF_2
1324,RØ,2419,KH/86,NÆ/86,317,382,19,79.2,ERF_2
1318,RØ,2412,NÆ/86,KK/86,456,532,231,82.3,ERF_2
2608,M,6322,KK/86,HGL/86,670,672,0,2.1,ERF_2
2755,M,12397,HGL/86,KH/86,844,857,0,5.2,ERF_2
557,L,659,KH/86,FA/86,922,1027,176,218.4,ERF_2
759,L,959,FA/86,SDB/86,1061,1152,109,136.5,ERF_2
768,RR,974,SDB/86,FA/86,1244,1337,17,136.5,ERF_2
1693,RV,2974,FA/86,KD/86,1348,1359,3,19.9,ERF_2
1702,RV,2981,KD/86,FA/86,1369,1381,2,19.9,ERF_2
777,RR,983,FA/86,SDB/86,1436,1527,8,136.5,ERF_2
2314,RØ,4521,KK/86,HK/86,332,397,50,70.2,ERF_20
1435,RØ,2506,HK/86,HG/86,413,527,523,113.3,ERF_20
1117,RØ,2237,HG/86,NÆ/86,538,662,99,136.9,ERF_20
2128,RØ,4230,NÆ/86,HG/86,748,872,137,136.9,ERF_20
2374,RØ,4561,HG/86,HK/86,883,997,340,113.3,ERF_20
1486,RØ,2546,HK/86,HG/86,1013,1127,170,113.3,ERF_20
2389,RØ,4581,HG/86,HK/86,1183,1297,184,113.3,ERF_20
2401,RV,4713,OD/86,FA/86,340,386,17,60.3,ERF_21
2557,IC,5753,FA/86,FLB/80,390,473,17,121.6,ERF_21
2554,IC,5752,FLB/80,FA/86,485,570,30,121.6,ERF_21
735,L,927,FA/86,SDB/86,581,672,64,136.5,ERF_21
744,L,942,SDB/86,FA/86,764,857,67,136.5,ERF_21
1564,RV,2742,FA/86,OD/86,873,934,30,60.3,ERF_21
2437,RV,4753,OD/86,FA/86,943,989,72,60.3,ERF_21
1570,RV,2754,FA/86,OD/86,1000,1067,12,60.3,ERF_21
1579,RV,2765,OD/86,FA/86,1116,1170,19,60.3,ERF_21
765,L,967,FA/86,SDB/86,1181,1272,65,136.5,ERF_21
774,RR,982,SDB/86,FA/86,1364,1457,2,136.5,ERF_21
723,L,911,FA/86,SDB/86,341,432,13,136.5,ERF_22
732,L,926,SDB/86,FA/86,524,617,87,136.5,ERF_22
2569,IC,5757,FA/86,FLB/80,630,713,17,121.6,ERF_22
2566,IC,5756,FLB/80,FA/86,723,810,38,121.6,ERF_22
1243,IC,2340,FA/86,ES/86,831,894,108,88.5,ERF_22
1264,IC,2353,ES/86,FA/86,903,967,147,88.5,ERF_22
109,L,50,FA/86,CPH/86,987,1112,494,230.2,ERF_22
2683,M,9360,CPH/86,KH/86,1243,1256,0,11.8,ERF_22
2689,M,9387,KH/86,CPH/86,1321,1334,0,11.8,ERF_22
937,IC,1493,CPH/86,KH/86,1406,1420,59,11.8,ERF_22
1432,RØ,2502,HK/86,HG/86,353,467,206,113.3,ERF_23
1747,RØ,3433,HG/86,KH/86,474,524,332,46.2,ERF_23
237,IC,137,KH/86,FA/86,590,722,85,220.6,ERF_23
1558,RV,2736,FA/86,OD/86,750,801,15,60.3,ERF_23
365,IC,238,OD/86,CPH/86,849,954,218,166.9,ERF_23
410,RØ,267,CPH/86,SG/86,1025,1095,87,99.5,ERF_23
389,RØ,254,SG/86,CPH/86,1124,1194,44,99.5,ERF_23
428,RØ,283,CPH/86,RO/86,1265,1299,73,37.9,ERF_23
2182,RØ,4266,RO/86,HG/86,1327,1412,137,77.5,ERF_23
2764,IC,80108,FA/86,HGL/86,356,505,445,225.8,ERF_24
638,IC,835,HGL/86,OD/86,556,660,114,163.3,ERF_24
639,IC,835,OD/86,ES/86,669,746,74,142.3,ERF_24
642,IC,838,ES/86,OD/86,752,832,106,142.3,ERF_24
643,IC,838,OD/86,HGL/86,840,943,175,163.3,ERF_24
694,IC,863,HGL/86,OD/86,976,1080,583,163.3,ERF_24
695,IC,863,OD/86,ES/86,1089,1166,155,142.3,ERF_24
1291,IC,2371,ES/86,FA/86,1203,1267,78,88.5,ERF_24
2452,RV,4772,FA/86,OD/86,1290,1336,9,60.3,ERF_24
2764,IC,80108,FA/86,HGL/86,356,505,445,225.8,ERF_25
662,IC,847,HGL/86,OD/86,736,840,139,163.3,ERF_25
663,IC,847,OD/86,ES/86,849,926,91,142.3,ERF_25
666,IC,850,ES/86,OD/86,932,1012,174,142.3,ERF_25
667,IC,850,OD/86,HGL/86,1020,1123,165,163.3,ERF_25
710,IC,875,HGL/86,OD/86,1156,1260,174,163.3,ERF_25
711,IC,875,OD/86,ES/86,1269,1346,80,142.3,ERF_25
1099,RØ,2225,HG/86,NÆ/86,358,482,192,136.9,ERF_26
2116,RØ,4222,NÆ/86,HG/86,628,752,133,136.9,ERF_26
1141,RØ,2253,HG/86,NÆ/86,778,902,197,136.9,ERF_26
2260,RØ,4442,NÆ/86,KH/86,906,973,90,79.2,ERF_26
1390,RØ,2463,KH/86,NÆ/86,977,1042,386,79.2,ERF_26
1393,RØ,2464,NÆ/86,KH/86,1236,1303,46,79.2,ERF_26
2188,RØ,4270,KH/86,HG/86,1417,1472,137,46.2,ERF_26
329,IC,206,OD/86,CPH/86,369,474,249,166.9,ERF_27
356,RØ,231,CPH/86,SG/86,485,555,109,99.5,ERF_27
338,RØ,218,SG/86,CPH/86,584,654,70,99.5,ERF_27
2602,M,6314,CPH/86,KH/86,695,709,0,11.8,ERF_27
2623,M,6432,KH/86,CPH/86,815,828,0,11.8,ERF_27
392,IC,255,CPH/86,OD/86,845,950,217,166.9,ERF_27
377,IC,246,OD/86,CPH/86,969,1074,97,166.9,ERF_27
176,L,79,CPH/86,FA/86,1226,1354,308,230.2,ERF_27
1297,IC,2376,FA/86,ES/86,1392,1455,55,88.5,ERF_27
599,IC,815,OD/86,ES/86,369,456,88,142.3,ERF_28
1222,RV,2325,ES/86,FA/86,484,549,54,88.5,ERF_28
2416,RV,4724,FA/86,OD/86,570,616,16,60.3,ERF_28
1555,RV,2733,OD/86,FA/86,639,689,8,60.3,ERF_28
227,IC,132,FA/86,HGL/86,716,869,165,225.8,ERF_28
686,IC,859,HGL/86,OD/86,916,1020,561,163.3,ERF_28
687,IC,859,OD/86,ES/86,1029,1106,205,142.3,ERF_28
1288,IC,2369,ES/86,FA/86,1143,1207,55,88.5,ERF_28
1582,RV,2768,FA/86,OD/86,1230,1284,58,60.3,ERF_28
1330,RØ,2423,KH/86,NÆ/86,377,442,43,79.2,ERF_29
1078,RØ,2212,NÆ/86,HG/86,478,602,203,136.9,ERF_29
2161,RØ,4251,HG/86,NÆ/86,748,872,181,136.9,ERF_29
1120,RØ,2240,NÆ/86,HG/86,898,1022,415,136.9,ERF_29
1522,RØ,2571,HG/86,HK/86,1033,1147,161,113.3,ERF_29
1510,RØ,2562,HK/86,HGL/86,1253,1324,52,72.3,ERF_29
1537,RØ,2599,HG/86,KH/86,28,83,16,46.2,ERF_3
204,IC,117,KH/86,FA/86,290,422,107,220.6,ERF_3
729,L,919,FA/86,SDB/86,461,552,64,136.5,ERF_3
738,L,934,SDB/86,FA/86,644,737,73,136.5,ERF_3
2575,IC,5759,FA/86,FLB/80,750,833,30,121.6,ERF_3
2572,IC,5758,FLB/80,FA/86,845,930,37,121.6,ERF_3
253,IC,148,FA/86,KK/86,956,1099,187,223.7,ERF_3
551,L,608,OD/86,KH/86,379,458,368,158.1,ERF_30
1735,RR,3408,KH/86,HG/86,466,516,109,46.2,ERF_30
2338,RØ,4537,HG/86,HK/86,523,637,148,113.3,ERF_30
1450,RØ,2522,HK/86,HG/86,653,767,148,113.3,ERF_30
2173,RØ,4259,HG/86,NÆ/86,868,992,435,136.9,ERF_30
1132,RØ,2248,NÆ/86,HG/86,1018,1142,109,136.9,ERF_30
2203,RØ,4283,HG/86,KH/86,1228,1283,78,46.2,ERF_30
2689,M,9387,KH/86,CPH/86,1321,1334,0,11.8,ERF_30
614,IC,823,KK/86,OD/86,383,480,186,161.2,ERF_31
615,IC,823,OD/86,ES/86,489,566,137,142.3,ERF_31
618,IC,826,ES/86,OD/86,572,652,54,142.3,ERF_31
619,IC,826,OD/86,HGL/86,660,763,140,163.3,ERF_31
1717,RØ,3359,HGL/86,RO/86,905,943,144,36.5,ERF_31
2659,M,9163,RO/86,NÆ/86,1008,1040,0,59.4,ERF_31
1387,RØ,2460,NÆ/86,KH/86,1176,1243,52,79.2,ERF_31
2689,M,9387,KH/86,CPH/86,1321,1334,0,11.8,ERF_31
931,IC,1489,CPH/86,KH/86,1346,1360,53,11.8,ERF_31
2740,M,12392,KH/86,HGL/86,1421,1431,0,5.2,ERF_31
1738,RØ,3427,HG/86,KH/86,384,434,140,46.2,ERF_32
1732,RØ,3406,KH/86,HG/86,436,486,134,46.2,ERF_32
1753,RØ,3435,HG/86,KH/86,504,554,198,46.2,ERF_32
554,L,649,KH/86,FA/86,802,907,50,218.4,ERF_32
1255,IC,2348,FA/86,ES/86,951,1014,109,88.5,ERF_32
1276,IC,2361,ES/86,FA/86,1023,1087,72,88.5,ERF_32
1576,RV,2760,FA/86,OD/86,1110,1164,16,60.3,ERF_32
2233,RØ,4425,KK/86,NÆ/86,398,472,74,82.3,ERF_33
1327,RØ,2420,NÆ/86,KK/86,576,652,64,82.3,ERF_33
2263,RØ,4445,KK/86,NÆ/86,698,772,46,82.3,ERF_33
2254,RØ,4438,NÆ/86,KH/86,846,913,63,79.2,ERF_33
1765,RØ,3440,KH/86,HG/86,946,996,177,46.2,ERF_33
1165,RØ,2269,HG/86,NÆ/86,1018,1142,155,136.9,ERF_33
1411,RØ,2476,NÆ/86,HGL/86,1416,1506,1,84.4,ERF_33
1543,RV,2715,OD/86,FA/86,400,450,29,60.3,ERF_34
201,IC,116,FA/86,HGL/86,476,625,169,225.8,ERF_34
2755,M,12397,HGL/86,KH/86,844,857,0,5.2,ERF_34
1762,RØ,3438,KH/86,HG/86,916,966,187,46.2,ERF_34
1789,RØ,3467,HG/86,KH/86,984,1034,86,46.2,ERF_34
1396,RØ,2467,KH/86,NÆ/86,1037,1102,176,79.2,ERF_34
1405,RØ,2474,NÆ/86,KK/86,1356,1440,25,82.3,ERF_34
1435,RØ,2506,HK/86,HG/86,413,527,523,113.3,ERF_35
1483,RØ,2543,HG/86,HK/86,613,727,104,113.3,ERF_35
2323,RØ,4528,HK/86,HG/86,743,857,147,113.3,ERF_35
2374,RØ,4561,HG/86,HK/86,883,997,340,113.3,ERF_35
1498,RØ,2554,HK/86,HG/86,1133,1247,80,113.3,ERF_35
2410,RV,4719,OD/86,FA/86,432,477,29,60.3,ERF_36
1213,RV,2320,FA/86,ES/86,531,594,37,88.5,ERF_36
1234,IC,2333,ES/86,FA/86,603,667,59,88.5,ERF_36
1231,IC,2332,FA/86,ES/86,711,774,82,88.5,ERF_36
1252,IC,2345,ES/86,FA/86,783,847,82,88.5,ERF_36
2581,IC,5761,FA/86,FLB/80,870,953,49,121.6,ERF_36
2578,IC,5760,FLB/80,FA/86,965,1050,21,121.6,ERF_36
1267,IC,2356,FA/86,ES/86,1071,1134,82,88.5,ERF_36
698,IC,866,ES/86,OD/86,1172,1252,46,142.3,ERF_36
699,IC,866,OD/86,KK/86,1260,1360,61,161.2,ERF_36
1744,RØ,3431,HG/86,KH/86,444,494,302,46.2,ERF_37
1348,RØ,2435,KH/86,NÆ/86,557,622,45,79.2,ERF_37
1339,RØ,2428,NÆ/86,KK/86,696,772,64,82.3,ERF_37
1378,RØ,2455,KK/86,NÆ/86,848,922,132,82.3,ERF_37
1363,RØ,2444,NÆ/86,KH/86,936,1003,107,79.2,ERF_37
2731,M,12196,KH/86,HGL/86,1003,1015,0,5.2,ERF_37
706,IC,871,HGL/86,OD/86,1096,1200,158,163.3,ERF_37
707,IC,871,OD/86,ES/86,1209,1286,75,142.3,ERF_37
1306,IC,2387,ES/86,FA/86,1421,1485,3,88.5,ERF_37
2725,M,9797,HGL/86,CPH/86,39,64,0,17.0,ERF_4
910,IC,1407,CPH/86,KH/86,132,145,15,11.8,ERF_4
2227,RØ,4421,KH/86,NÆ/86,347,412,28,79.2,ERF_4
1318,RØ,2412,NÆ/86,KK/86,456,532,231,82.3,ERF_4
1360,RØ,2443,KK/86,NÆ/86,668,742,42,82.3,ERF_4
2134,RØ,4234,NÆ/86,HG/86,808,932,192,136.9,ERF_4
1786,RØ,3465,HG/86,KH/86,954,1004,180,46.2,ERF_4
1771,RØ,3444,KH/86,HG/86,1006,1056,177,46.2,ERF_4
2197,RØ,4275,HG/86,RO/86,1108,1193,84,77.5,ERF_4
2170,RØ,4258,RO/86,HG/86,1207,1292,133,77.5,ERF_4
2671,M,9301,KH/86,CPH/86,75,88,0,11.8,ERF_5
910,IC,1407,CPH/86,KH/86,132,145,15,11.8,ERF_5
780,EX,1191,KH/86,PA/86,322,477,58,321.6,ERF_5
781,EX,1191,PA/86,HMB/80,482,604,0,184.5,ERF_5
440,EX,392,HMB/80,KH/86,1130,1417,25,506.1,ERF_5
2698,M,9701,HGL/86,CPH/86,76,101,0,17.0,ERF_6
2716,M,9784,CPH/86,HGL/86,170,192,0,17.0,ERF_6
2641,M,9017,HGL/86,RO/86,264,299,0,36.5,ERF_6
323,RØ,200,RO/86,CPH/86,320,354,60,37.9,ERF_6
344,IC,223,CPH/86,OD/86,365,468,188,166.9,ERF_6
1549,RV,2727,OD/86,FA/86,526,588,10,60.3,ERF_6
214,IC,124,FA/86,KH/86,596,730,135,220.6,ERF_6
1750,RØ,3434,KH/86,HG/86,856,906,194,46.2,ERF_6
1783,RØ,3463,HG/86,KH/86,924,974,191,46.2,ERF_6
1390,RØ,2463,KH/86,NÆ/86,977,1042,386,79.2,ERF_6
1399,RØ,2468,NÆ/86,KH/86,1296,1363,24,79.2,ERF_6
320,IC,193,KH/86,OD/86,1430,1528,213,160.3,ERF_6
2716,M,9784,CPH/86,HGL/86,170,192,0,17.0,ERF_7
606,IC,819,HGL/86,OD/86,316,420,109,163.3,ERF_7
592,IC,810,OD/86,HGL/86,420,523,558,163.3,ERF_7
2626,M,6459,HGL/86,KK/86,754,757,0,2.1,ERF_7
1372,RØ,2451,KK/86,NÆ/86,788,862,78,82.3,ERF_7
1120,RØ,2240,NÆ/86,HG/86,898,1022,415,136.9,ERF_7
1795,RØ,3471,HG/86,KH/86,1044,1094,62,46.2,ERF_7
1780,RØ,3450,KH/86,HG/86,1096,1146,139,46.2,ERF_7
2392,RØ,4585,HG/86,KH/86,1243,1298,87,46.2,ERF_7
2188,RØ,4270,KH/86,HG/86,1417,1472,137,46.2,ERF_7
2716,M,9784,CPH/86,HGL/86,170,192,0,17.0,ERF_8
606,IC,819,HGL/86,OD/86,316,420,109,163.3,ERF_8
607,IC,819,OD/86,ES/86,429,506,145,142.3,ERF_8
610,IC,822,ES/86,OD/86,511,592,74,142.3,ERF_8
611,IC,822,OD/86,KK/86,600,697,158,161.2,ERF_8
1366,RØ,2447,KK/86,NÆ/86,728,802,55,82.3,ERF_8
1357,RØ,2440,NÆ/86,KH/86,876,943,90,79.2,ERF_8
2284,RØ,4461,KH/86,NÆ/86,947,1012,209,79.2,ERF_8
2158,RØ,4250,NÆ/86,HG/86,1048,1172,110,136.9,ERF_8
1057,RØ,2085,HG/86,KH/86,1258,1313,48,46.2,ERF_8
2188,RØ,4270,KH/86,HG/86,1417,1472,137,46.2,ERF_8
587,IC,806,ES/86,OD/86,272,352,35,142.3,ERF_9
588,IC,806,OD/86,HGL/86,360,463,529,163.3,ERF_9
230,IC,133,HGL/86,FA/86,515,662,151,225.8,ERF_9
741,L,935,FA/86,SDB/86,701,792,63,136.5,ERF_9
750,L,950,SDB/86,FA/86,884,977,78,136.5,ERF_9
2587,IC,5763,FA/86,FLB/80,990,1073,74,121.6,ERF_9
2584,IC,5762,FLB/80,FA/86,1085,1170,15,121.6,ERF_9
2446,RV,4764,FA/86,OD/86,1170,1216,14,60.3,ERF_9
2092,IC,4192,AB/86,AR/86,25,103,4,139.8,ICA_1
2635,M,7098,AR/86,FA/86,145,225,0,108.5,ICA_1
2551,IC,5751,FA/86,FLB/80,270,353,9,121.6,ICA_1
2548,IC,5750,FLB/80,FA/86,365,450,31,121.6,ICA_1
1849,RV,3919,FA/86,AR/86,461,529,30,108.5,ICA_1
47,L,26,AR/86,VJ/86,560,604,226,82.8,ICA_1
48,L,26,VJ/86,FA/86,606,621,257,25.7,ICA_1
49,L,26,FA/86,CPH/86,627,752,373,230.2,ICA_1
132,L,59,CPH/86,FA/86,926,1054,653,230.2,ICA_1
133,L,59,FA/86,VJ/86,1058,1071,407,25.7,ICA_1
134,L,59,VJ/86,AR/86,1073,1118,355,82.8,ICA_1
524,IC,464,AR/86,FA/86,1130,1189,100,108.5,ICA_1
1285,IC,2368,FA/86,ES/86,1251,1314,55,88.5,ICA_1
910,IC,1407,CPH/86,KH/86,132,145,15,11.8,ICA_10
811,RØ,1221,KH/86,NF/86,364,449,79,144.7,ICA_10
802,RØ,1212,NF/86,KH/86,458,535,258,144.7,ICA_10
865,RØ,1257,KH/86,NF/86,908,983,320,144.7,ICA_10
856,RØ,1252,NF/86,KH/86,1058,1135,64,144.7,ICA_10
889,RØ,1273,KH/86,NF/86,1148,1223,88,144.7,ICA_10
2716,M,9784,CPH/86,HGL/86,170,192,0,17.0,ICA_11
961,RØ,1521,HGL/86,KB/86,347,445,151,115.8,ICA_11
949,RØ,1512,KB/86,KK/86,457,547,242,113.7,ICA_11
997,RØ,1545,KK/86,KB/86,713,805,80,113.7,ICA_11
1816,RØ,3542,KB/86,KK/86,907,994,212,113.7,ICA_11
1030,RØ,1569,KK/86,KB/86,1073,1165,132,113.7,ICA_11
1039,RØ,1574,KB/86,KH/86,1370,1470,21,110.6,ICA_11
181,IC,100,OD/86,KK/86,249,361,141,163.4,ICA_12
967,RØ,1525,KK/86,KB/86,413,505,219,113.7,ICA_12
958,RØ,1520,KB/86,KK/86,577,667,99,113.7,ICA_12
1003,RØ,1549,KK/86,KB/86,773,865,89,113.7,ICA_12
994,RØ,1544,KB/86,KK/86,937,1027,220,113.7,ICA_12
1036,RØ,1573,KK/86,KB/86,1133,1225,78,113.7,ICA_12
2,L,6,AR/86,VJ/86,254,304,54,82.8,ICA_13
3,L,6,VJ/86,FA/86,306,321,58,25.7,ICA_13
4,L,6,FA/86,CPH/86,327,452,246,230.2,ICA_13
62,L,31,CPH/86,FA/86,506,634,350,230.2,ICA_13
63,L,31,FA/86,VJ/86,638,651,227,25.7,ICA_13
64,L,31,VJ/86,AR/86,653,698,218,82.8,ICA_13
2008,IC,4133,AR/86,ABL/86,735,824,106,145.3,ICA_13
2035,IC,4152,ABL/86,AR/86,848,943,108,145.3,ICA_13
2032,IC,4149,AR/86,ABL/86,975,1064,302,145.3,ICA_13
2074,IC,4176,ABL/86,AR/86,1208,1303,63,145.3,ICA_13
2,L,6,AR/86,VJ/86,254,304,54,82.8,ICA_14
3,L,6,VJ/86,FA/86,306,321,58,25.7,ICA_14
4,L,6,FA/86,CPH/86,327,452,246,230.2,ICA_14
62,L,31,CPH/86,FA/86,506,634,350,230.2,ICA_14
63,L,31,FA/86,VJ/86,638,651,227,25.7,ICA_14
64,L,31,VJ/86,AR/86,653,698,218,82.8,ICA_14
233,IC,136,AR/86,FA/86,710,771,103,108.5,ICA_14
234,IC,136,FA/86,HGL/86,776,929,250,225.8,ICA_14
694,IC,863,HGL/86,OD/86,976,1080,583,163.3,ICA_14
695,IC,863,OD/86,ES/86,1089,1166,155,142.3,ICA_14
940,RØ,1500,KB/86,KK/86,270,376,115,113.7,ICA_15
973,RØ,1529,KK/86,KB/86,473,565,166,113.7,ICA_15
970,RØ,1528,KB/86,KK/86,697,787,102,113.7,ICA_15
1021,RØ,1561,KK/86,KB/86,953,1045,280,113.7,ICA_15
1006,RØ,1552,KB/86,KK/86,1057,1147,80,113.7,ICA_15
2617,M,6370,KK/86,KH/86,1311,1317,0,3.1,ICA_15
904,RØ,1289,KH/86,NF/86,1387,1475,117,144.7,ICA_15
587,IC,806,ES/86,OD/86,272,352,35,142.3,ICA_16
588,IC,806,OD/86,HGL/86,360,463,529,163.3,ICA_16
2626,M,6459,HGL/86,KK/86,754,757,0,2.1,ICA_16
1384,RØ,2459,KK/86,NÆ/86,908,982,235,82.3,ICA_16
2533,RØ,4861,NÆ/86,NF/86,1033,1072,25,56.2,ICA_16
880,RØ,1268,NF/86,KH/86,1286,1374,44,144.7,ICA_16
587,IC,806,ES/86,OD/86,272,352,35,142.3,ICA_17
588,IC,806,OD/86,HGL/86,360,463,529,163.3,ICA_17
2626,M,6459,HGL/86,KK/86,754,757,0,2.1,ICA_17
1384,RØ,2459,KK/86,NÆ/86,908,982,235,82.3,ICA_17
1840,RØ,3863,NÆ/86,NF/86,1058,1097,49,56.2,ICA_17
886,RØ,1272,NF/86,KH/86,1346,1434,21,144.7,ICA_17
1831,RØ,3802,NF/86,VO/86,283,304,8,28.8,ICA_18
2653,M,9113,VO/86,NF/86,314,329,0,28.8,ICA_18
796,RØ,1204,NF/86,KH/86,338,415,224,144.7,ICA_18
829,RØ,1233,KH/86,NF/86,548,623,71,144.7,ICA_18
2482,RØ,4828,NF/86,NÆ/86,667,706,14,56.2,ICA_18
2509,RØ,4845,NÆ/86,NF/86,793,832,22,56.2,ICA_18
2500,RØ,4840,NF/86,NÆ/86,847,886,42,56.2,ICA_18
2527,RØ,4857,NÆ/86,NF/86,973,1012,48,56.2,ICA_18
2524,RØ,4856,NF/86,NÆ/86,1087,1126,13,56.2,ICA_18
2542,RØ,4873,NÆ/86,NF/86,1213,1252,29,56.2,ICA_18
12,L,11,OD/86,FA/86,303,334,10,60.3,ICA_19
2398,RR,4708,FA/86,OD/86,334,376,57,60.3,ICA_19
551,L,608,OD/86,KH/86,379,458,368,158.1,ICA_19
243,IC,141,KH/86,FA/86,650,782,121,220.6,ICA_19
244,IC,141,FA/86,AR/86,789,848,111,108.5,ICA_19
97,L,46,AR/86,VJ/86,860,904,247,82.8,ICA_19
98,L,46,VJ/86,FA/86,906,921,264,25.7,ICA_19
99,L,46,FA/86,CPH/86,927,1052,409,230.2,ICA_19
171,L,75,CPH/86,FA/86,1166,1294,248,230.2,ICA_19
172,L,75,FA/86,VJ/86,1298,1311,161,25.7,ICA_19
173,L,75,VJ/86,AR/86,1313,1358,131,82.8,ICA_19
312,IC,190,AR/86,FA/86,40,111,35,108.5,ICA_2
313,IC,190,FA/86,KH/86,116,265,151,220.6,ICA_2
2296,RØ,4500,KH/86,HG/86,382,437,26,46.2,ICA_2
1747,RØ,3433,HG/86,KH/86,474,524,332,46.2,ICA_2
2707,M,9730,KH/86,HGL/86,820,830,0,5.2,ICA_2
686,IC,859,HGL/86,OD/86,916,1020,561,163.3,ICA_2
1588,RV,2777,OD/86,FA/86,1296,1350,37,60.3,ICA_2
1804,RØ,3502,KB/86,KK/86,303,391,133,113.7,ICA_20
973,RØ,1529,KK/86,KB/86,473,565,166,113.7,ICA_20
976,RØ,1532,KB/86,KK/86,757,847,142,113.7,ICA_20
1021,RØ,1561,KK/86,KB/86,953,1045,280,113.7,ICA_20
1012,RØ,1556,KB/86,HGL/86,1117,1214,49,115.8,ICA_20
717,IC,883,HGL/86,OD/86,1276,1380,123,163.3,ICA_20
1879,L,4014,AB/86,AR/86,303,372,74,139.8,ICA_21
17,L,14,AR/86,VJ/86,380,424,413,82.8,ICA_21
18,L,14,VJ/86,FA/86,426,441,462,25.7,ICA_21
19,L,14,FA/86,CPH/86,447,572,663,230.2,ICA_21
92,L,43,CPH/86,FA/86,686,814,324,230.2,ICA_21
93,L,43,FA/86,VJ/86,818,831,278,25.7,ICA_21
94,L,43,VJ/86,AR/86,833,878,261,82.8,ICA_21
2026,IC,4145,AR/86,ABL/86,915,1004,279,145.3,ICA_21
2053,IC,4164,ABL/86,AR/86,1028,1123,94,145.3,ICA_21
147,L,66,AR/86,VJ/86,1160,1204,106,82.8,ICA_21
148,L,66,VJ/86,FA/86,1206,1221,119,25.7,ICA_21
149,L,66,FA/86,CPH/86,1227,1352,182,230.2,ICA_21
192,IC,107,FA/86,AR/86,305,365,96,108.5,ICA_22
1975,IC,4107,AR/86,ABL/86,372,464,143,145.3,ICA_22
1999,IC,4128,ABL/86,AR/86,488,583,110,145.3,ICA_22
57,L,30,AR/86,VJ/86,620,664,253,82.8,ICA_22
58,L,30,VJ/86,FA/86,666,681,278,25.7,ICA_22
59,L,30,FA/86,CPH/86,687,812,333,230.2,ICA_22
142,L,63,CPH/86,FA/86,986,1114,589,230.2,ICA_22
143,L,63,FA/86,VJ/86,1118,1131,364,25.7,ICA_22
144,L,63,VJ/86,AR/86,1133,1178,337,82.8,ICA_22
1687,RV,2972,AR/86,FA/86,1238,1306,61,108.5,ICA_22
542,IC,477,FA/86,AR/86,1329,1400,48,108.5,ICA_22
2455,RØ,4804,NF/86,NÆ/86,307,346,18,56.2,ICA_23
2467,RØ,4817,NÆ/86,NF/86,373,412,41,56.2,ICA_23
2461,RØ,4812,NF/86,NÆ/86,427,466,29,56.2,ICA_23
2485,RØ,4829,NÆ/86,NF/86,553,592,33,56.2,ICA_23
814,RØ,1224,NF/86,KH/86,638,715,103,144.7,ICA_23
865,RØ,1257,KH/86,NF/86,908,983,320,144.7,ICA_23
2518,RØ,4852,NF/86,NÆ/86,1027,1066,21,56.2,ICA_23
2539,RØ,4869,NÆ/86,NF/86,1153,1192,24,56.2,ICA_23
1972,IC,4105,AR/86,ABL/86,312,404,21,145.3,ICA_24
1891,L,4022,ABL/86,AR/86,406,493,234,145.3,ICA_24
37,L,22,AR/86,VJ/86,500,544,280,82.8,ICA_24
38,L,22,VJ/86,FA/86,546,561,268,25.7,ICA_24
39,L,22,FA/86,CPH/86,567,692,337,230.2,ICA_24
122,L,55,CPH/86,FA/86,866,994,441,230.2,ICA_24
123,L,55,FA/86,VJ/86,998,1011,379,25.7,ICA_24
124,L,55,VJ/86,AR/86,1013,1058,330,82.8,ICA_24
518,IC,460,AR/86,FA/86,1070,1129,87,108.5,ICA_24
1678,RV,2965,FA/86,AR/86,1154,1223,19,108.5,ICA_24
1696,RV,2976,AR/86,FA/86,1298,1366,45,108.5,ICA_24
1972,IC,4105,AR/86,ABL/86,312,404,21,145.3,ICA_25
1891,L,4022,ABL/86,AR/86,406,493,234,145.3,ICA_25
37,L,22,AR/86,VJ/86,500,544,280,82.8,ICA_25
38,L,22,VJ/86,FA/86,546,561,268,25.7,ICA_25
39,L,22,FA/86,CPH/86,567,692,337,230.2,ICA_25
112,L,51,CPH/86,FA/86,806,934,386,230.2,ICA_25
113,L,51,FA/86,VJ/86,938,951,322,25.7,ICA_25
114,L,51,VJ/86,AR/86,953,998,298,82.8,ICA_25
1936,L,4051,AR/86,ABL/86,1005,1088,156,145.3,ICA_25
2077,IC,4178,ABL/86,AB/86,1268,1280,10,5.5,ICA_25
1972,IC,4105,AR/86,ABL/86,312,404,21,145.3,ICA_26
1897,L,4026,ABL/86,AR/86,466,553,141,145.3,ICA_26
47,L,26,AR/86,VJ/86,560,604,226,82.8,ICA_26
48,L,26,VJ/86,FA/86,606,621,257,25.7,ICA_26
49,L,26,FA/86,CPH/86,627,752,373,230.2,ICA_26
132,L,59,CPH/86,FA/86,926,1054,653,230.2,ICA_26
133,L,59,FA/86,VJ/86,1058,1071,407,25.7,ICA_26
134,L,59,VJ/86,AR/86,1073,1118,355,82.8,ICA_26
2050,IC,4161,AR/86,ABL/86,1155,1244,55,145.3,ICA_26
2086,IC,4184,ABL/86,AR/86,1328,1423,16,145.3,ICA_26
7,L,10,AR/86,VJ/86,320,364,153,82.8,ICA_27
8,L,10,VJ/86,FA/86,366,381,203,25.7,ICA_27
9,L,10,FA/86,CPH/86,387,512,614,230.2,ICA_27
82,L,39,CPH/86,FA/86,626,754,322,230.2,ICA_27
83,L,39,FA/86,VJ/86,758,771,295,25.7,ICA_27
84,L,39,VJ/86,AR/86,773,818,263,82.8,ICA_27
500,IC,444,AR/86,FA/86,830,889,230,108.5,ICA_27
1861,RV,3951,FA/86,AR/86,941,1009,98,108.5,ICA_27
127,L,58,AR/86,VJ/86,1040,1084,251,82.8,ICA_27
128,L,58,VJ/86,FA/86,1086,1101,280,25.7,ICA_27
129,L,58,FA/86,CPH/86,1107,1232,309,230.2,ICA_27
7,L,10,AR/86,VJ/86,320,364,153,82.8,ICA_28
8,L,10,VJ/86,FA/86,366,381,203,25.7,ICA_28
9,L,10,FA/86,CPH/86,387,512,614,230.2,ICA_28
72,L,35,CPH/86,FA/86,566,694,237,230.2,ICA_28
73,L,35,FA/86,VJ/86,698,711,160,25.7,ICA_28
74,L,35,VJ/86,AR/86,713,758,146,82.8,ICA_28
497,IC,440,AR/86,FA/86,770,829,113,108.5,ICA_28
503,IC,445,FA/86,AR/86,849,908,217,108.5,ICA_28
107,L,50,AR/86,VJ/86,920,964,306,82.8,ICA_28
108,L,50,VJ/86,FA/86,966,981,360,25.7,ICA_28
109,L,50,FA/86,CPH/86,987,1112,494,230.2,ICA_28
1981,IC,4116,AB/86,AR/86,325,403,137,139.8,ICA_29
470,IC,416,AR/86,FA/86,410,469,239,108.5,ICA_29
476,IC,421,FA/86,AR/86,489,548,138,108.5,ICA_29
47,L,26,AR/86,VJ/86,560,604,226,82.8,ICA_29
48,L,26,VJ/86,FA/86,606,621,257,25.7,ICA_29
49,L,26,FA/86,CPH/86,627,752,373,230.2,ICA_29
132,L,59,CPH/86,FA/86,926,1054,653,230.2,ICA_29
133,L,59,FA/86,VJ/86,1058,1071,407,25.7,ICA_29
134,L,59,VJ/86,AR/86,1073,1118,355,82.8,ICA_29
147,L,66,AR/86,VJ/86,1160,1204,106,82.8,ICA_29
148,L,66,VJ/86,FA/86,1206,1221,119,25.7,ICA_29
149,L,66,FA/86,CPH/86,1227,1352,182,230.2,ICA_29
2692,M,9676,KH/86,KK/86,64,70,0,3.1,ICA_3
967,RØ,1525,KK/86,KB/86,413,505,219,113.7,ICA_3
964,RØ,1524,KB/86,KK/86,637,727,129,113.7,ICA_3
1822,RØ,3555,KK/86,KB/86,866,960,206,113.7,ICA_3
1819,RØ,3546,KB/86,KK/86,967,1054,142,113.7,ICA_3
2617,M,6370,KK/86,KH/86,1311,1317,0,3.1,ICA_3
316,IC,191,KH/86,FA/86,1370,1502,340,220.6,ICA_3
317,IC,191,FA/86,AR/86,1508,1578,170,108.5,ICA_3
32,L,19,CPH/86,FA/86,326,454,332,230.2,ICA_30
33,L,19,FA/86,VJ/86,458,471,300,25.7,ICA_30
34,L,19,VJ/86,AR/86,473,518,232,82.8,ICA_30
1888,L,4019,AR/86,ABL/86,525,608,63,145.3,ICA_30
1915,L,4038,ABL/86,AR/86,646,733,106,145.3,ICA_30
77,L,38,AR/86,VJ/86,740,784,221,82.8,ICA_30
78,L,38,VJ/86,FA/86,786,801,229,25.7,ICA_30
79,L,38,FA/86,CPH/86,807,932,388,230.2,ICA_30
152,L,67,CPH/86,FA/86,1047,1174,380,230.2,ICA_30
153,L,67,FA/86,VJ/86,1178,1191,270,25.7,ICA_30
154,L,67,VJ/86,AR/86,1193,1238,233,82.8,ICA_30
2065,IC,4171,AR/86,AB/86,1305,1379,49,139.8,ICA_30
32,L,19,CPH/86,FA/86,326,454,332,230.2,ICA_31
33,L,19,FA/86,VJ/86,458,471,300,25.7,ICA_31
34,L,19,VJ/86,AR/86,473,518,232,82.8,ICA_31
1990,IC,4121,AR/86,ABL/86,555,644,47,145.3,ICA_31
2017,IC,4140,ABL/86,AR/86,668,763,103,145.3,ICA_31
87,L,42,AR/86,VJ/86,800,844,267,82.8,ICA_31
88,L,42,VJ/86,FA/86,846,861,298,25.7,ICA_31
89,L,42,FA/86,CPH/86,867,992,419,230.2,ICA_31
171,L,75,CPH/86,FA/86,1166,1294,248,230.2,ICA_31
172,L,75,FA/86,VJ/86,1298,1311,161,25.7,ICA_31
173,L,75,VJ/86,AR/86,1313,1358,131,82.8,ICA_31
32,L,19,CPH/86,FA/86,326,454,332,230.2,ICA_32
33,L,19,FA/86,VJ/86,458,471,300,25.7,ICA_32
34,L,19,VJ/86,AR/86,473,518,232,82.8,ICA_32
1615,RV,2924,AR/86,FA/86,518,586,139,108.5,ICA_32
1624,RV,2929,FA/86,AR/86,614,683,34,108.5,ICA_32
1906,L,4031,AR/86,ABL/86,705,788,80,145.3,ICA_32
1933,L,4050,ABL/86,AR/86,826,913,123,145.3,ICA_32
107,L,50,AR/86,VJ/86,920,964,306,82.8,ICA_32
108,L,50,VJ/86,FA/86,966,981,360,25.7,ICA_32
109,L,50,FA/86,CPH/86,987,1112,494,230.2,ICA_32
591,IC,810,ES/86,OD/86,332,412,141,142.3,ICA_33
592,IC,810,OD/86,HGL/86,420,523,558,163.3,ICA_33
269,IC,157,HGL/86,FA/86,874,1022,465,225.8,ICA_33
521,IC,461,FA/86,AR/86,1089,1148,128,108.5,ICA_33
1681,RV,2968,AR/86,FA/86,1178,1246,38,108.5,ICA_33
771,L,975,FA/86,SDB/86,1301,1392,43,136.5,ICA_33
13,L,11,FA/86,VJ/86,338,351,15,25.7,ICA_34
14,L,11,VJ/86,AR/86,353,398,69,82.8,ICA_34
1876,L,4011,AR/86,ABL/86,405,488,125,145.3,ICA_34
2005,IC,4132,ABL/86,AR/86,548,643,92,145.3,ICA_34
67,L,34,AR/86,VJ/86,680,724,226,82.8,ICA_34
68,L,34,VJ/86,FA/86,726,741,248,25.7,ICA_34
69,L,34,FA/86,CPH/86,747,872,348,230.2,ICA_34
142,L,63,CPH/86,FA/86,986,1114,589,230.2,ICA_34
143,L,63,FA/86,VJ/86,1118,1131,364,25.7,ICA_34
144,L,63,VJ/86,AR/86,1133,1178,337,82.8,ICA_34
1960,L,4067,AR/86,AB/86,1245,1313,87,139.8,ICA_34
796,RØ,1204,NF/86,KH/86,338,415,224,144.7,ICA_35
823,RØ,1229,KH/86,NF/86,488,563,128,144.7,ICA_35
2476,RØ,4824,NF/86,NÆ/86,607,646,15,56.2,ICA_35
2503,RØ,4841,NÆ/86,NF/86,733,772,18,56.2,ICA_35
832,RØ,1236,NF/86,KH/86,818,895,120,144.7,ICA_35
871,RØ,1261,KH/86,NF/86,968,1043,417,144.7,ICA_35
2530,RØ,4860,NF/86,NÆ/86,1147,1186,9,56.2,ICA_35
2542,RØ,4873,NÆ/86,NF/86,1213,1252,29,56.2,ICA_35
1597,RV,2912,AR/86,FA/86,338,406,85,108.5,ICA_36
473,IC,417,FA/86,AR/86,429,488,213,108.5,ICA_36
1852,RV,3922,AR/86,FA/86,489,567,64,108.5,ICA_36
485,IC,429,FA/86,AR/86,609,668,92,108.5,ICA_36
67,L,34,AR/86,VJ/86,680,724,226,82.8,ICA_36
68,L,34,VJ/86,FA/86,726,741,248,25.7,ICA_36
69,L,34,FA/86,CPH/86,747,872,348,230.2,ICA_36
142,L,63,CPH/86,FA/86,986,1114,589,230.2,ICA_36
143,L,63,FA/86,VJ/86,1118,1131,364,25.7,ICA_36
144,L,63,VJ/86,AR/86,1133,1178,337,82.8,ICA_36
2056,IC,4165,AR/86,ABL/86,1215,1304,55,145.3,ICA_36
2089,IC,4190,ABL/86,AR/86,1378,1473,20,145.3,ICA_36
1870,RV,4003,AB/86,ABL/86,358,368,3,5.5,ICA_37
1987,IC,4120,ABL/86,AR/86,368,463,377,145.3,ICA_37
207,IC,120,AR/86,FA/86,470,531,254,108.5,ICA_37
208,IC,120,FA/86,KK/86,536,679,146,223.7,ICA_37
1009,RØ,1553,KK/86,KB/86,833,925,126,113.7,ICA_37
994,RØ,1544,KB/86,KK/86,937,1027,220,113.7,ICA_37
2617,M,6370,KK/86,KH/86,1311,1317,0,3.1,ICA_37
316,IC,191,KH/86,FA/86,1370,1502,340,220.6,ICA_37
317,IC,191,FA/86,AR/86,1508,1578,170,108.5,ICA_37
1870,RV,4003,AB/86,ABL/86,358,368,3,5.5,ICA_38
1987,IC,4120,ABL/86,AR/86,368,463,377,145.3,ICA_38
207,IC,120,AR/86,FA/86,470,531,254,108.5,ICA_38
208,IC,120,FA/86,KK/86,536,679,146,223.7,ICA_38
1822,RØ,3555,KK/86,KB/86,866,960,206,113.7,ICA_38
1000,RØ,1548,KB/86,KK/86,997,1087,144,113.7,ICA_38
2617,M,6370,KK/86,KH/86,1311,1317,0,3.1,ICA_38
1210,IC,2317,ES/86,FA/86,362,427,86,88.5,ICA_39
473,IC,417,FA/86,AR/86,429,488,213,108.5,ICA_39
1984,IC,4117,AR/86,ABL/86,495,584,88,145.3,ICA_39
2011,IC,4136,ABL/86,AR/86,608,703,105,145.3,ICA_39
77,L,38,AR/86,VJ/86,740,784,221,82.8,ICA_39
78,L,38,VJ/86,FA/86,786,801,229,25.7,ICA_39
79,L,38,FA/86,CPH/86,807,932,388,230.2,ICA_39
152,L,67,CPH/86,FA/86,1047,1174,380,230.2,ICA_39
153,L,67,FA/86,VJ/86,1178,1191,270,25.7,ICA_39
154,L,67,VJ/86,AR/86,1193,1238,233,82.8,ICA_39
1696,RV,2976,AR/86,FA/86,1298,1366,45,108.5,ICA_39
2692,M,9676,KH/86,KK/86,64,70,0,3.1,ICA_4
217,IC,125,KK/86,FA/86,401,542,305,223.7,ICA_4
218,IC,125,FA/86,AR/86,549,608,115,108.5,ICA_4
57,L,30,AR/86,VJ/86,620,664,253,82.8,ICA_4
58,L,30,VJ/86,FA/86,666,681,278,25.7,ICA_4
59,L,30,FA/86,CPH/86,687,812,333,230.2,ICA_4
404,IC,263,CPH/86,OD/86,965,1070,248,166.9,ICA_4
1705,RØ,3206,NF/86,KH/86,363,437,173,144.7,ICA_40
835,RØ,1237,KH/86,NF/86,608,683,71,144.7,ICA_40
2488,RØ,4832,NF/86,NÆ/86,727,766,23,56.2,ICA_40
2515,RØ,4849,NÆ/86,NF/86,853,892,38,56.2,ICA_40
2506,RØ,4844,NF/86,NÆ/86,907,946,53,56.2,ICA_40
1837,RØ,3859,NÆ/86,NF/86,998,1037,50,56.2,ICA_40
862,RØ,1256,NF/86,KH/86,1118,1195,51,144.7,ICA_40
895,RØ,1277,KH/86,NF/86,1207,1291,94,144.7,ICA_40
1705,RØ,3206,NF/86,KH/86,363,437,173,144.7,ICA_41
2614,M,6348,KH/86,HGL/86,580,590,0,5.2,ICA_41
269,IC,157,HGL/86,FA/86,874,1022,465,225.8,ICA_41
270,IC,157,FA/86,AR/86,1029,1088,151,108.5,ICA_41
137,L,62,AR/86,VJ/86,1100,1144,147,82.8,ICA_41
138,L,62,VJ/86,FA/86,1146,1161,139,25.7,ICA_41
139,L,62,FA/86,CPH/86,1167,1292,205,230.2,ICA_41
1885,L,4018,AB/86,AR/86,363,433,197,139.8,ICA_42
27,L,18,AR/86,VJ/86,440,484,485,82.8,ICA_42
28,L,18,VJ/86,FA/86,486,501,467,25.7,ICA_42
29,L,18,FA/86,CPH/86,507,632,492,230.2,ICA_42
112,L,51,CPH/86,FA/86,806,934,386,230.2,ICA_42
113,L,51,FA/86,VJ/86,938,951,322,25.7,ICA_42
114,L,51,VJ/86,AR/86,953,998,298,82.8,ICA_42
1936,L,4051,AR/86,ABL/86,1005,1088,156,145.3,ICA_42
2077,IC,4178,ABL/86,AB/86,1268,1280,10,5.5,ICA_42
1885,L,4018,AB/86,AR/86,363,433,197,139.8,ICA_43
27,L,18,AR/86,VJ/86,440,484,485,82.8,ICA_43
28,L,18,VJ/86,FA/86,486,501,467,25.7,ICA_43
29,L,18,FA/86,CPH/86,507,632,492,230.2,ICA_43
112,L,51,CPH/86,FA/86,806,934,386,230.2,ICA_43
113,L,51,FA/86,VJ/86,938,951,322,25.7,ICA_43
114,L,51,VJ/86,AR/86,953,998,298,82.8,ICA_43
515,IC,456,AR/86,FA/86,1010,1069,151,108.5,ICA_43
1672,RV,2961,FA/86,AR/86,1094,1163,30,108.5,ICA_43
530,IC,468,AR/86,FA/86,1190,1249,52,108.5,ICA_43
1294,IC,2374,FA/86,ES/86,1311,1374,35,88.5,ICA_43
2458,RØ,4808,NF/86,NÆ/86,366,405,16,56.2,ICA_44
2473,RØ,4821,NÆ/86,NF/86,433,472,32,56.2,ICA_44
2464,RØ,4816,NF/86,NÆ/86,487,526,25,56.2,ICA_44
2491,RØ,4833,NÆ/86,NF/86,613,652,15,56.2,ICA_44
820,RØ,1228,NF/86,KH/86,698,775,98,144.7,ICA_44
871,RØ,1261,KH/86,NF/86,968,1043,417,144.7,ICA_44
874,RØ,1264,NF/86,KH/86,1229,1315,77,144.7,ICA_44
901,RØ,1285,KH/86,NF/86,1327,1415,87,144.7,ICA_44
1987,IC,4120,ABL/86,AR/86,368,463,377,145.3,ICA_45
1882,L,4015,AR/86,ABL/86,465,548,81,145.3,ICA_45
1909,L,4034,ABL/86,AR/86,586,673,125,145.3,ICA_45
1633,RV,2936,AR/86,FA/86,698,766,142,108.5,ICA_45
2428,RV,4740,FA/86,OD/86,810,856,37,60.3,ICA_45
1567,RV,2751,OD/86,FA/86,885,948,52,60.3,ICA_45
1666,RV,2957,FA/86,AR/86,1034,1103,243,108.5,ICA_45
1675,RV,2964,AR/86,FA/86,1118,1186,112,108.5,ICA_45
1684,RV,2969,FA/86,AR/86,1214,1283,55,108.5,ICA_45
329,IC,206,OD/86,CPH/86,369,474,249,166.9,ICA_46
62,L,31,CPH/86,FA/86,506,634,350,230.2,ICA_46
63,L,31,FA/86,VJ/86,638,651,227,25.7,ICA_46
64,L,31,VJ/86,AR/86,653,698,218,82.8,ICA_46
233,IC,136,AR/86,FA/86,710,771,103,108.5,ICA_46
234,IC,136,FA/86,HGL/86,776,929,250,225.8,ICA_46
298,IC,177,HGL/86,FA/86,1174,1322,125,225.8,ICA_46
1540,RV,2710,FA/86,OD/86,371,436,29,60.3,ICA_47
2413,RV,4721,OD/86,FA/86,460,506,30,60.3,ICA_47
563,L,723,FA/86,STR/86,523,648,67,155.4,ICA_47
569,L,738,STR/86,FA/86,664,794,82,155.4,ICA_47
503,IC,445,FA/86,AR/86,849,908,217,108.5,ICA_47
107,L,50,AR/86,VJ/86,920,964,306,82.8,ICA_47
108,L,50,VJ/86,FA/86,966,981,360,25.7,ICA_47
109,L,50,FA/86,CPH/86,987,1112,494,230.2,ICA_47
1600,RV,2913,FA/86,AR/86,376,446,54,108.5,ICA_48
1609,RV,2920,AR/86,FA/86,458,526,138,108.5,ICA_48
1618,RV,2925,FA/86,AR/86,554,623,98,108.5,ICA_48
1900,L,4027,AR/86,ABL/86,645,728,65,145.3,ICA_48
1927,L,4046,ABL/86,AR/86,766,853,111,145.3,ICA_48
97,L,46,AR/86,VJ/86,860,904,247,82.8,ICA_48
98,L,46,VJ/86,FA/86,906,921,264,25.7,ICA_48
99,L,46,FA/86,CPH/86,927,1052,409,230.2,ICA_48
425,RØ,279,CPH/86,SG/86,1205,1275,64,99.5,ICA_48
2665,M,9179,SG/86,OD/86,1279,1312,0,67.4,ICA_48
17,L,14,AR/86,VJ/86,380,424,413,82.8,ICA_49
18,L,14,VJ/86,FA/86,426,441,462,25.7,ICA_49
19,L,14,FA/86,CPH/86,447,572,663,230.2,ICA_49
82,L,39,CPH/86,FA/86,626,754,322,230.2,ICA_49
83,L,39,FA/86,VJ/86,758,771,295,25.7,ICA_49
84,L,39,VJ/86,AR/86,773,818,263,82.8,ICA_49
1918,L,4039,AR/86,ABL/86,825,908,141,145.3,ICA_49
2041,IC,4156,ABL/86,AR/86,908,1003,142,145.3,ICA_49
1867,RV,3958,AR/86,FA/86,1029,1097,75,108.5,ICA_49
581,L,763,FA/86,STR/86,1123,1248,97,155.4,ICA_49
2692,M,9676,KH/86,KK/86,64,70,0,3.1,ICA_5
955,RØ,1517,KK/86,KB/86,293,385,51,113.7,ICA_5
949,RØ,1512,KB/86,KK/86,457,547,242,113.7,ICA_5
985,RØ,1537,KK/86,KB/86,593,685,71,113.7,ICA_5
988,RØ,1540,KB/86,KK/86,877,967,282,113.7,ICA_5
1027,RØ,1565,KK/86,KB/86,1013,1105,212,113.7,ICA_5
1033,RØ,1570,KB/86,KH/86,1310,1410,36,110.6,ICA_5
17,L,14,AR/86,VJ/86,380,424,413,82.8,ICA_50
18,L,14,VJ/86,FA/86,426,441,462,25.7,ICA_50
19,L,14,FA/86,CPH/86,447,572,663,230.2,ICA_50
92,L,43,CPH/86,FA/86,686,814,324,230.2,ICA_50
93,L,43,FA/86,VJ/86,818,831,278,25.7,ICA_50
94,L,43,VJ/86,AR/86,833,878,261,82.8,ICA_50
1651,RV,2948,AR/86,FA/86,878,946,230,108.5,ICA_50
512,IC,453,FA/86,AR/86,969,1028,231,108.5,ICA_50
127,L,58,AR/86,VJ/86,1040,1084,251,82.8,ICA_50
128,L,58,VJ/86,FA/86,1086,1101,280,25.7,ICA_50
129,L,58,FA/86,CPH/86,1107,1232,309,230.2,ICA_50
17,L,14,AR/86,VJ/86,380,424,413,82.8,ICA_51
18,L,14,VJ/86,FA/86,426,441,462,25.7,ICA_51
19,L,14,FA/86,CPH/86,447,572,663,230.2,ICA_51
102,L,47,CPH/86,FA/86,746,874,365,230.2,ICA_51
103,L,47,FA/86,VJ/86,878,891,383,25.7,ICA_51
104,L,47,VJ/86,AR/86,893,938,305,82.8,ICA_51
259,IC,152,AR/86,FA/86,950,1011,149,108.5,ICA_51
260,IC,152,FA/86,KH/86,1016,1150,145,220.6,ICA_51
1042,RØ,1577,KH/86,KB/86,1202,1285,75,110.6,ICA_51
17,L,14,AR/86,VJ/86,380,424,413,82.8,ICA_52
18,L,14,VJ/86,FA/86,426,441,462,25.7,ICA_52
19,L,14,FA/86,CPH/86,447,572,663,230.2,ICA_52
92,L,43,CPH/86,FA/86,686,814,324,230.2,ICA_52
93,L,43,FA/86,VJ/86,818,831,278,25.7,ICA_52
94,L,43,VJ/86,AR/86,833,878,261,82.8,ICA_52
506,IC,448,AR/86,FA/86,890,949,127,108.5,ICA_52
1666,RV,2957,FA/86,AR/86,1034,1103,243,108.5,ICA_52
1948,L,4059,AR/86,AB/86,1125,1193,90,139.8,ICA_52
2083,IC,4180,AB/86,AR/86,1285,1363,30,139.8,ICA_52
2680,M,9323,KH/86,CPH/86,382,396,0,11.8,ICA_53
52,L,27,CPH/86,FA/86,446,574,482,230.2,ICA_53
53,L,27,FA/86,VJ/86,578,591,231,25.7,ICA_53
54,L,27,VJ/86,AR/86,593,638,195,82.8,ICA_53
2002,IC,4129,AR/86,ABL/86,675,764,70,145.3,ICA_53
2029,IC,4148,ABL/86,AR/86,788,883,112,145.3,ICA_53
2026,IC,4145,AR/86,ABL/86,915,1004,279,145.3,ICA_53
1951,L,4062,ABL/86,AR/86,1006,1093,90,145.3,ICA_53
137,L,62,AR/86,VJ/86,1100,1144,147,82.8,ICA_53
138,L,62,VJ/86,FA/86,1146,1161,139,25.7,ICA_53
139,L,62,FA/86,CPH/86,1167,1292,205,230.2,ICA_53
42,L,23,CPH/86,FA/86,386,514,414,230.2,ICA_54
43,L,23,FA/86,VJ/86,518,531,253,25.7,ICA_54
44,L,23,VJ/86,AR/86,533,578,226,82.8,ICA_54
1894,L,4023,AR/86,ABL/86,585,668,49,145.3,ICA_54
1921,L,4042,ABL/86,AR/86,706,793,109,145.3,ICA_54
87,L,42,AR/86,VJ/86,800,844,267,82.8,ICA_54
88,L,42,VJ/86,FA/86,846,861,298,25.7,ICA_54
89,L,42,FA/86,CPH/86,867,992,419,230.2,ICA_54
162,L,71,CPH/86,FA/86,1106,1234,232,230.2,ICA_54
163,L,71,FA/86,VJ/86,1238,1251,208,25.7,ICA_54
164,L,71,VJ/86,AR/86,1253,1298,205,82.8,ICA_54
42,L,23,CPH/86,FA/86,386,514,414,230.2,ICA_55
43,L,23,FA/86,VJ/86,518,531,253,25.7,ICA_55
44,L,23,VJ/86,AR/86,533,578,226,82.8,ICA_55
482,IC,428,AR/86,FA/86,590,649,69,108.5,ICA_55
1630,RV,2933,FA/86,AR/86,674,743,30,108.5,ICA_55
1912,L,4035,AR/86,ABL/86,765,848,72,145.3,ICA_55
1939,L,4054,ABL/86,AR/86,886,973,169,145.3,ICA_55
117,L,54,AR/86,VJ/86,980,1024,340,82.8,ICA_55
118,L,54,VJ/86,FA/86,1026,1041,385,25.7,ICA_55
119,L,54,FA/86,CPH/86,1047,1172,393,230.2,ICA_55
42,L,23,CPH/86,FA/86,386,514,414,230.2,ICA_56
43,L,23,FA/86,VJ/86,518,531,253,25.7,ICA_56
44,L,23,VJ/86,AR/86,533,578,226,82.8,ICA_56
1996,IC,4125,AR/86,ABL/86,615,704,77,145.3,ICA_56
2023,IC,4144,ABL/86,AR/86,728,823,99,145.3,ICA_56
97,L,46,AR/86,VJ/86,860,904,247,82.8,ICA_56
98,L,46,VJ/86,FA/86,906,921,264,25.7,ICA_56
99,L,46,FA/86,CPH/86,927,1052,409,230.2,ICA_56
176,L,79,CPH/86,FA/86,1226,1354,308,230.2,ICA_56
177,L,79,FA/86,VJ/86,1358,1371,116,25.7,ICA_56
178,L,79,VJ/86,AR/86,1373,1418,115,82.8,ICA_56
9,L,10,FA/86,CPH/86,387,512,614,230.2,ICA_57
72,L,35,CPH/86,FA/86,566,694,237,230.2,ICA_57
73,L,35,FA/86,VJ/86,698,711,160,25.7,ICA_57
74,L,35,VJ/86,AR/86,713,758,146,82.8,ICA_57
2014,IC,4137,AR/86,ABL/86,795,884,127,145.3,ICA_57
1939,L,4054,ABL/86,AR/86,886,973,169,145.3,ICA_57
117,L,54,AR/86,VJ/86,980,1024,340,82.8,ICA_57
118,L,54,VJ/86,FA/86,1026,1041,385,25.7,ICA_57
119,L,54,FA/86,CPH/86,1047,1172,393,230.2,ICA_57
799,RØ,1208,NF/86,KH/86,398,475,395,144.7,ICA_58
2611,M,6343,KH/86,CPH/86,730,744,0,11.8,ICA_58
122,L,55,CPH/86,FA/86,866,994,441,230.2,ICA_58
123,L,55,FA/86,VJ/86,998,1011,379,25.7,ICA_58
124,L,55,VJ/86,AR/86,1013,1058,330,82.8,ICA_58
2044,IC,4157,AR/86,ABL/86,1095,1184,61,145.3,ICA_58
2077,IC,4178,ABL/86,AB/86,1268,1280,10,5.5,ICA_58
799,RØ,1208,NF/86,KH/86,398,475,395,144.7,ICA_59
841,RØ,1241,KH/86,NF/86,668,743,67,144.7,ICA_59
2494,RØ,4836,NF/86,NÆ/86,787,826,29,56.2,ICA_59
2521,RØ,4853,NÆ/86,NF/86,913,952,53,56.2,ICA_59
2512,RØ,4848,NF/86,NÆ/86,967,1006,34,56.2,ICA_59
2536,RØ,4865,NÆ/86,NF/86,1093,1132,20,56.2,ICA_59
2692,M,9676,KH/86,KK/86,64,70,0,3.1,ICA_6
217,IC,125,KK/86,FA/86,401,542,305,223.7,ICA_6
218,IC,125,FA/86,AR/86,549,608,115,108.5,ICA_6
1627,RV,2932,AR/86,FA/86,638,706,99,108.5,ICA_6
494,IC,437,FA/86,AR/86,729,788,135,108.5,ICA_6
87,L,42,AR/86,VJ/86,800,844,267,82.8,ICA_6
88,L,42,VJ/86,FA/86,846,861,298,25.7,ICA_6
89,L,42,FA/86,CPH/86,867,992,419,230.2,ICA_6
162,L,71,CPH/86,FA/86,1106,1234,232,230.2,ICA_6
163,L,71,FA/86,VJ/86,1238,1251,208,25.7,ICA_6
164,L,71,VJ/86,AR/86,1253,1298,205,82.8,ICA_6
799,RØ,1208,NF/86,KH/86,398,475,395,144.7,ICA_60
991,RØ,1541,KH/86,KB/86,662,745,44,110.6,ICA_60
1816,RØ,3542,KB/86,KK/86,907,994,212,113.7,ICA_60
291,IC,173,KK/86,FA/86,1121,1262,130,223.7,ICA_60
2629,M,7085,FA/86,AR/86,1315,1395,0,108.5,ICA_60
1834,RØ,3810,NF/86,NÆ/86,403,442,47,56.2,ICA_61
2479,RØ,4825,NÆ/86,NF/86,493,532,36,56.2,ICA_61
2470,RØ,4820,NF/86,NÆ/86,547,586,19,56.2,ICA_61
2497,RØ,4837,NÆ/86,NF/86,673,712,15,56.2,ICA_61
826,RØ,1232,NF/86,KH/86,758,835,99,144.7,ICA_61
871,RØ,1261,KH/86,NF/86,968,1043,417,144.7,ICA_61
868,RØ,1260,NF/86,KH/86,1178,1255,69,144.7,ICA_61
898,RØ,1281,KH/86,NF/86,1267,1351,99,144.7,ICA_61
726,L,918,SDB/86,FA/86,404,497,87,136.5,ICA_62
1546,RV,2720,FA/86,OD/86,510,564,27,60.3,ICA_62
2425,RV,4737,OD/86,FA/86,704,750,15,60.3,ICA_62
1642,RV,2941,FA/86,AR/86,794,863,43,108.5,ICA_62
1651,RV,2948,AR/86,FA/86,878,946,230,108.5,ICA_62
1660,RV,2953,FA/86,AR/86,974,1043,102,108.5,ICA_62
1669,RV,2960,AR/86,FA/86,1058,1126,94,108.5,ICA_62
1273,IC,2360,FA/86,ES/86,1131,1194,44,88.5,ICA_62
470,IC,416,AR/86,FA/86,410,469,239,108.5,ICA_63
1207,IC,2316,FA/86,ES/86,471,534,132,88.5,ICA_63
1228,IC,2329,ES/86,FA/86,543,607,30,88.5,ICA_63
1552,RV,2728,FA/86,OD/86,635,694,11,60.3,ICA_63
2431,RV,4745,OD/86,FA/86,820,866,28,60.3,ICA_63
1249,IC,2344,FA/86,ES/86,891,954,124,88.5,ICA_63
1282,IC,2365,ES/86,FA/86,1083,1147,46,88.5,ICA_63
1279,IC,2364,FA/86,ES/86,1191,1254,73,88.5,ICA_63
1216,IC,2321,ES/86,FA/86,422,487,67,88.5,ICA_64
1612,RV,2921,FA/86,AR/86,494,563,33,108.5,ICA_64
1621,RV,2928,AR/86,FA/86,578,646,101,108.5,ICA_64
491,IC,433,FA/86,AR/86,669,728,119,108.5,ICA_64
77,L,38,AR/86,VJ/86,740,784,221,82.8,ICA_64
78,L,38,VJ/86,FA/86,786,801,229,25.7,ICA_64
79,L,38,FA/86,CPH/86,807,932,388,230.2,ICA_64
152,L,67,CPH/86,FA/86,1047,1174,380,230.2,ICA_64
153,L,67,FA/86,VJ/86,1178,1191,270,25.7,ICA_64
154,L,67,VJ/86,AR/86,1193,1238,233,82.8,ICA_64
294,IC,176,AR/86,FA/86,1310,1371,82,108.5,ICA_64
295,IC,176,FA/86,KH/86,1376,1510,68,220.6,ICA_64
560,L,722,STR/86,FA/86,424,554,75,155.4,ICA_65
1219,IC,2324,FA/86,ES/86,591,654,100,88.5,ICA_65
1258,IC,2349,ES/86,FA/86,843,907,88,88.5,ICA_65
512,IC,453,FA/86,AR/86,969,1028,231,108.5,ICA_65
127,L,58,AR/86,VJ/86,1040,1084,251,82.8,ICA_65
128,L,58,VJ/86,FA/86,1086,1101,280,25.7,ICA_65
129,L,58,FA/86,CPH/86,1107,1232,309,230.2,ICA_65
332,IC,208,OD/86,CPH/86,429,534,238,166.9,ICA_66
82,L,39,CPH/86,FA/86,626,754,322,230.2,ICA_66
83,L,39,FA/86,VJ/86,758,771,295,25.7,ICA_66
84,L,39,VJ/86,AR/86,773,818,263,82.8,ICA_66
500,IC,444,AR/86,FA/86,830,889,230,108.5,ICA_66
509,IC,449,FA/86,AR/86,909,968,286,108.5,ICA_66
117,L,54,AR/86,VJ/86,980,1024,340,82.8,ICA_66
118,L,54,VJ/86,FA/86,1026,1041,385,25.7,ICA_66
119,L,54,FA/86,CPH/86,1047,1172,393,230.2,ICA_66
1606,RV,2917,FA/86,AR/86,432,500,104,108.5,ICA_67
37,L,22,AR/86,VJ/86,500,544,280,82.8,ICA_67
38,L,22,VJ/86,FA/86,546,561,268,25.7,ICA_67
39,L,22,FA/86,CPH/86,567,692,337,230.2,ICA_67
122,L,55,CPH/86,FA/86,866,994,441,230.2,ICA_67
123,L,55,FA/86,VJ/86,998,1011,379,25.7,ICA_67
124,L,55,VJ/86,AR/86,1013,1058,330,82.8,ICA_67
1942,L,4055,AR/86,AB/86,1065,1133,111,139.8,ICA_67
1966,L,4074,AB/86,AR/86,1203,1273,28,139.8,ICA_67
27,L,18,AR/86,VJ/86,440,484,485,82.8,ICA_68
28,L,18,VJ/86,FA/86,486,501,467,25.7,ICA_68
29,L,18,FA/86,CPH/86,507,632,492,230.2,ICA_68
102,L,47,CPH/86,FA/86,746,874,365,230.2,ICA_68
103,L,47,FA/86,VJ/86,878,891,383,25.7,ICA_68
104,L,47,VJ/86,AR/86,893,938,305,82.8,ICA_68
1930,L,4047,AR/86,ABL/86,945,1028,249,145.3,ICA_68
2059,IC,4168,ABL/86,AR/86,1088,1183,26,145.3,ICA_68
167,L,74,AR/86,VJ/86,1280,1324,38,82.8,ICA_68
168,L,74,VJ/86,FA/86,1326,1341,15,25.7,ICA_68
27,L,18,AR/86,VJ/86,440,484,485,82.8,ICA_69
28,L,18,VJ/86,FA/86,486,501,467,25.7,ICA_69
29,L,18,FA/86,CPH/86,507,632,492,230.2,ICA_69
102,L,47,CPH/86,FA/86,746,874,365,230.2,ICA_69
103,L,47,FA/86,VJ/86,878,891,383,25.7,ICA_69
104,L,47,VJ/86,AR/86,893,938,305,82.8,ICA_69
1930,L,4047,AR/86,ABL/86,945,1028,249,145.3,ICA_69
1957,L,4066,ABL/86,AR/86,1066,1153,56,145.3,ICA_69
1954,L,4063,AR/86,AB/86,1185,1253,78,139.8,ICA_69
2062,RV,4169,AB/86,ABL/86,1354,1364,1,5.5,ICA_69
2692,M,9676,KH/86,KK/86,64,70,0,3.1,ICA_7
217,IC,125,KK/86,FA/86,401,542,305,223.7,ICA_7
218,IC,125,FA/86,AR/86,549,608,115,108.5,ICA_7
57,L,30,AR/86,VJ/86,620,664,253,82.8,ICA_7
58,L,30,VJ/86,FA/86,666,681,278,25.7,ICA_7
59,L,30,FA/86,CPH/86,687,812,333,230.2,ICA_7
404,IC,263,CPH/86,OD/86,965,1070,248,166.9,ICA_7
52,L,27,CPH/86,FA/86,446,574,482,230.2,ICA_70
53,L,27,FA/86,VJ/86,578,591,231,25.7,ICA_70
575,L,747,VJ/86,STR/86,899,1008,76,129.7,ICA_70
578,L,762,STR/86,FA/86,1024,1154,52,155.4,ICA_70
533,IC,469,FA/86,AR/86,1209,1268,94,108.5,ICA_70
2080,IC,4179,AR/86,AB/86,1425,1499,11,139.8,ICA_70
52,L,27,CPH/86,FA/86,446,574,482,230.2,ICA_71
53,L,27,FA/86,VJ/86,578,591,231,25.7,ICA_71
54,L,27,VJ/86,AR/86,593,638,195,82.8,ICA_71
67,L,34,AR/86,VJ/86,680,724,226,82.8,ICA_71
68,L,34,VJ/86,FA/86,726,741,248,25.7,ICA_71
69,L,34,FA/86,CPH/86,747,872,348,230.2,ICA_71
142,L,63,CPH/86,FA/86,986,1114,589,230.2,ICA_71
143,L,63,FA/86,VJ/86,1118,1131,364,25.7,ICA_71
144,L,63,VJ/86,AR/86,1133,1178,337,82.8,ICA_71
539,IC,474,AR/86,FA/86,1250,1309,95,108.5,ICA_71
52,L,27,CPH/86,FA/86,446,574,482,230.2,ICA_72
53,L,27,FA/86,VJ/86,578,591,231,25.7,ICA_72
54,L,27,VJ/86,AR/86,593,638,195,82.8,ICA_72
488,IC,432,AR/86,FA/86,650,709,96,108.5,ICA_72
1636,RV,2937,FA/86,AR/86,734,803,35,108.5,ICA_72
1645,RV,2944,AR/86,FA/86,818,886,110,108.5,ICA_72
509,IC,449,FA/86,AR/86,909,968,286,108.5,ICA_72
2032,IC,4149,AR/86,ABL/86,975,1064,302,145.3,ICA_72
2068,IC,4172,ABL/86,AR/86,1148,1243,31,145.3,ICA_72
2071,IC,4175,AR/86,AB/86,1365,1439,25,139.8,ICA_72
802,RØ,1212,NF/86,KH/86,458,535,258,144.7,ICA_73
865,RØ,1257,KH/86,NF/86,908,983,320,144.7,ICA_73
850,RØ,1248,NF/86,KH/86,998,1075,104,144.7,ICA_73
883,RØ,1269,KH/86,NF/86,1088,1163,138,144.7,ICA_73
838,RØ,1240,NF/86,KH/86,878,955,157,144.7,ICA_74
877,RØ,1265,KH/86,NF/86,1028,1103,240,144.7,ICA_74
910,IC,1407,CPH/86,KH/86,132,145,15,11.8,ICA_8
191,IC,107,KH/86,FA/86,155,295,53,220.6,ICA_8
188,IC,104,FA/86,KK/86,296,439,319,223.7,ICA_8
979,RØ,1533,KK/86,KB/86,533,625,95,113.7,ICA_8
988,RØ,1540,KB/86,KK/86,877,967,282,113.7,ICA_8
1027,RØ,1565,KK/86,KB/86,1013,1105,212,113.7,ICA_8
1018,RØ,1560,KB/86,KK/86,1177,1266,100,113.7,ICA_8
2617,M,6370,KK/86,KH/86,1311,1317,0,3.1,ICA_8
316,IC,191,KH/86,FA/86,1370,1502,340,220.6,ICA_8
317,IC,191,FA/86,AR/86,1508,1578,170,108.5,ICA_8
910,IC,1407,CPH/86,KH/86,132,145,15,11.8,ICA_9
1723,RØ,3400,KH/86,HG/86,346,396,24,46.2,ICA_9
1744,RØ,3431,HG/86,KH/86,444,494,302,46.2,ICA_9
853,RØ,1249,KH/86,NF/86,788,863,99,144.7,ICA_9
838,RØ,1240,NF/86,KH/86,878,955,157,144.7,ICA_9
877,RØ,1265,KH/86,NF/86,1028,1103,240,144.7,ICA_9
548,IC,485,FA/86,AR/86,9,80,7,108.5,ICU_1
1969,IC,4101,AR/86,ABL/86,255,344,69,145.3,ICU_1
1993,IC,4124,ABL/86,AR/86,428,523,233,145.3,ICU_1
479,IC,424,AR/86,FA/86,530,589,151,108.5,ICU_1
1237,RV,2336,FA/86,ES/86,771,834,43,88.5,ICU_1
1270,RV,2357,ES/86,FA/86,964,1029,146,88.5,ICU_1
1690,RV,2973,FA/86,AR/86,1274,1343,14,108.5,ICU_1
545,IC,484,AR/86,KD/86,1430,1513,27,128.4,ICU_1
2545,RØ,4895,KH/86,NF/86,10,114,52,146.9,ICU_2
808,RØ,1220,NF/86,KH/86,578,655,100,144.7,ICU_2
847,RØ,1245,KH/86,NF/86,728,803,76,144.7,ICU_2
892,RØ,1276,NF/86,KH/86,1406,1494,10,144.7,ICU_2
184,IC,101,KH/86,FA/86,35,177,115,220.6,ICU_3
185,IC,101,FA/86,AR/86,183,248,69,108.5,ICU_3
1873,L,4007,AR/86,ABL/86,345,428,48,145.3,ICU_3
1993,IC,4124,ABL/86,AR/86,428,523,233,145.3,ICU_3
1858,RV,3950,AR/86,FA/86,909,977,118,108.5,ICU_3
536,IC,471,FA/86,AR/86,1269,1328,49,108.5,ICU_3
305,IC,182,AR/86,FA/86,1370,1431,53,108.5,ICU_3
306,IC,182,FA/86,KH/86,1436,1585,84,220.6,ICU_3
2632,M,7087,KD/86,FA/86,83,102,0,19.9,ICU_4
1594,RV,2909,FA/86,AR/86,314,383,41,108.5,ICU_4
1603,RV,2916,AR/86,FA/86,398,466,117,108.5,ICU_4
566,L,731,FA/86,STR/86,643,768,72,155.4,ICU_4
572,L,746,STR/86,FA/86,784,914,124,155.4,ICU_4
527,IC,465,FA/86,AR/86,1149,1208,106,108.5,ICU_4
1699,RV,2980,AR/86,FA/86,1358,1426,54,108.5,ICU_4
1201,IC,2312,FA/86,ES/86,411,474,81,88.5,ICU_5
1240,IC,2337,ES/86,FA/86,663,727,69,88.5,ICU_5
2434,RV,4748,FA/86,OD/86,930,976,31,60.3,ICU_5
1573,RV,2759,OD/86,FA/86,1005,1068,45,60.3,ICU_5
2722,M,9795,HGL/86,KH/86,9,20,0,5.2,MGA_1
2695,M,9700,KH/86,HGL/86,373,382,0,5.2,MGA_1
1720,RØ,3363,HGL/86,RO/86,965,1003,177,36.5,MGA_1
1813,RØ,3523,KK/86,KB/86,386,474,108,113.7,MGA_10
952,RØ,1516,KB/86,KK/86,517,607,183,113.7,MGA_10
1048,RØ,1583,KK/86,KB/86,1274,1393,176,113.7,MGA_10
946,RØ,1508,KB/86,HGL/86,397,493,402,115.8,MGA_11
946,RØ,1508,KB/86,HGL/86,397,493,402,115.8,MGA_12
1843,RV,3915,FA/86,AR/86,401,469,85,108.5,MGA_13
2020,IC,4141,AR/86,ABL/86,855,944,150,145.3,MGA_13
1945,L,4058,ABL/86,AR/86,946,1033,160,145.3,MGA_13
2038,IC,4153,AR/86,ABL/86,1035,1124,161,145.3,MGA_13
1963,L,4070,ABL/86,AR/86,1126,1213,37,145.3,MGA_13
1810,RØ,3510,KB/86,KK/86,419,511,370,113.7,MGA_14
1828,RØ,3563,KK/86,KB/86,986,1080,361,113.7,MGA_14
1810,RØ,3510,KB/86,KK/86,419,511,370,113.7,MGA_15
1045,RØ,1581,KK/86,KB/86,1253,1346,123,113.7,MGA_15
1846,RV,3918,AR/86,FA/86,424,492,153,108.5,MGA_16
1648,RV,2945,FA/86,AR/86,854,923,51,108.5,MGA_16
1657,RV,2952,AR/86,FA/86,938,1006,157,108.5,MGA_16
1708,RØ,3306,RO/86,KK/86,437,469,193,34.4,MGA_17
1828,RØ,3563,KK/86,KB/86,986,1080,361,113.7,MGA_17
982,RØ,1536,KB/86,KK/86,817,907,181,113.7,MGA_18
1051,RØ,1587,KK/86,KB/86,1343,1453,171,113.7,MGA_18
1654,RV,2949,FA/86,AR/86,914,983,100,108.5,MGA_19
1663,RV,2956,AR/86,FA/86,998,1066,193,108.5,MGA_19
419,RØ,274,RO/86,CPH/86,20,54,13,37.9,MGA_2
2686,M,9362,CPH/86,KH/86,1239,1252,0,11.8,MGA_2
1054,RØ,1591,KH/86,KB/86,1410,1510,102,110.6,MGA_2
434,RØ,291,CPH/86,RO/86,1385,1419,35,37.9,MGA_20
2728,M,12191,HGL/86,KH/86,296,308,0,5.2,MGA_3
817,RØ,1225,KH/86,NF/86,428,503,165,144.7,MGA_3
805,RØ,1216,NF/86,KH/86,518,595,183,144.7,MGA_3
859,RØ,1253,KH/86,NF/86,848,923,161,144.7,MGA_3
844,RØ,1244,NF/86,KH/86,938,1015,179,144.7,MGA_3
301,IC,181,KH/86,FA/86,1250,1382,166,220.6,MGA_3
302,IC,181,FA/86,AR/86,1388,1458,31,108.5,MGA_3
943,RØ,1504,KB/86,KK/86,337,427,182,113.7,MGA_4
1015,RØ,1557,KK/86,KB/86,893,985,198,113.7,MGA_4
1024,RØ,1564,KB/86,KK/86,1237,1326,56,113.7,MGA_4
464,IC,412,AR/86,FA/86,350,409,162,108.5,MGA_5
2407,RV,4716,FA/86,OD/86,450,496,45,60.3,MGA_5
1807,RØ,3506,KB/86,KK/86,359,451,241,113.7,MGA_6
1825,RØ,3559,KK/86,KB/86,926,1020,343,113.7,MGA_6
1807,RØ,3506,KB/86,KK/86,359,451,241,113.7,MGA_7
1825,RØ,3559,KK/86,KB/86,926,1020,343,113.7,MGA_7
22,L,15,OD/86,FA/86,366,394,92,60.3,MGA_8
23,L,15,FA/86,VJ/86,396,409,126,25.7,MGA_8
24,L,15,VJ/86,AR/86,411,455,182,82.8,MGA_8
1639,RV,2940,AR/86,FA/86,758,826,164,108.5,MGA_8
1855,RV,3947,FA/86,AR/86,881,949,165,108.5,MGA_8
1864,RV,3954,AR/86,FA/86,969,1037,161,108.5,MGA_8
467,IC,413,FA/86,AR/86,369,428,167,108.5,MGA_9
1978,IC,4113,AR/86,ABL/86,435,524,178,145.3,MGA_9
1903,L,4030,ABL/86,AR/86,526,613,119,145.3,MGA_9
1924,L,4043,AR/86,ABL/86,885,968,169,145.3,MGA_9
2047,IC,4160,ABL/86,AR/86,968,1063,113,145.3,MGA_9
157,L,70,AR/86,VJ/86,1220,1264,183,82.8,MGA_9
158,L,70,VJ/86,FA/86,1266,1281,173,25.7,MGA_9
159,L,70,FA/86,CPH/86,1287,1412,170,230.2,MGA_9
