TrainCategory,TrainId,FromStation,DepartureFromStation,ToStation,ArrivalToStation,Demand,Distance_KM,Electrified,GGVId
L,10,AR/86,320,VJ/86,364,153,82.8,false,10_910
L,10,VJ/86,366,FA/86,381,203,25.7,false,10_910
L,10,FA/86,387,CPH/86,512,614,230.2,true,10_910
IC,100,OD/86,249,KK/86,361,141,163.4,true,-1
IC,104,FA/86,296,KK/86,439,319,223.7,true,-1
IC,112,FA/86,416,HGL/86,565,391,225.8,true,112_2312_412
IC,116,FA/86,476,HGL/86,625,169,225.8,true,116_2316_4116_416
EX,1191,KH/86,322,PA/86,477,58,321.6,true,-1
EX,1191,PA/86,482,HMB/80,604,0,184.5,true,-1
EX,1196,HMB/80,712,PA/86,833,0,184.5,true,-1
EX,1196,PA/86,843,KH/86,998,149,321.6,true,-1
EX,1198,HMB/80,410,PA/86,534,0,184.5,true,-1
EX,1198,PA/86,543,KH/86,698,68,321.6,true,-1
EX,1199,KH/86,1102,PA/86,1257,158,321.6,true,-1
EX,1199,PA/86,1262,HMB/80,1384,0,184.5,true,-1
L,11_4011,OD/86,303,FA/86,334,10,60.3,true,11_4011_911
L,11_4011,FA/86,338,VJ/86,351,15,25.7,false,11_4011_911
L,11_4011,VJ/86,353,AR/86,398,69,82.8,false,11_4011_911
L,11_4011,AR/86,405,ABL/86,488,125,145.3,false,11_4011_911
RØ,1204,NF/86,338,KH/86,415,224,144.7,false,-1
RØ,1208,NF/86,398,KH/86,475,395,144.7,false,-1
IC,121,KH/86,350,FA/86,482,212,220.6,true,121_2321_421_4121
RØ,1212,NF/86,458,KH/86,535,258,144.7,false,-1
RØ,1216,NF/86,518,KH/86,595,183,144.7,false,-1
M,12191,HGL/86,296,KH/86,308,0,5.2,true,-1
M,12196,KH/86,1003,HGL/86,1015,0,5.2,true,-1
M,12198,KH/86,703,HGL/86,715,0,5.2,true,-1
M,12199,HGL/86,1085,KH/86,1097,0,5.2,true,-1
RØ,1220,NF/86,578,KH/86,655,100,144.7,false,1220_1541
RØ,1221,KH/86,364,NF/86,449,79,144.7,false,1221_2219_2221_4821
RØ,1224,NF/86,638,KH/86,715,103,144.7,false,-1
RØ,1225,KH/86,428,NF/86,503,165,144.7,false,-1
RØ,1228,NF/86,698,KH/86,775,98,144.7,false,-1
RØ,1229,KH/86,488,NF/86,563,128,144.7,false,-1
RØ,1232,NF/86,758,KH/86,835,99,144.7,false,-1
RØ,1233,KH/86,548,NF/86,623,71,144.7,false,-1
RØ,1236,NF/86,818,KH/86,895,120,144.7,false,-1
RØ,1237,KH/86,608,NF/86,683,71,144.7,false,-1
M,12392,KH/86,1421,HGL/86,1431,0,5.2,true,-1
M,12393,HGL/86,471,KH/86,485,0,5.2,true,-1
M,12394,KH/86,1183,HGL/86,1193,0,5.2,true,-1
M,12395,HGL/86,725,KH/86,737,0,5.2,true,-1
M,12396,KH/86,943,HGL/86,953,0,5.2,true,-1
M,12397,HGL/86,844,KH/86,857,0,5.2,true,-1
M,12398,KH/86,823,HGL/86,835,0,5.2,true,-1
M,12399,HGL/86,949,KH/86,962,0,5.2,true,-1
IC,124,FA/86,596,KH/86,730,135,220.6,true,124_2324_4124_424
RØ,1240,NF/86,878,KH/86,955,157,144.7,false,-1
RØ,1241,KH/86,668,NF/86,743,67,144.7,false,-1
RØ,1244,NF/86,938,KH/86,1015,179,144.7,false,-1
RØ,1245,KH/86,728,NF/86,803,76,144.7,false,-1
RØ,1248,NF/86,998,KH/86,1075,104,144.7,false,-1
RØ,1249,KH/86,788,NF/86,863,99,144.7,false,-1
RØ,1252,NF/86,1058,KH/86,1135,64,144.7,false,-1
RØ,1253,KH/86,848,NF/86,923,161,144.7,false,-1
RØ,1256,NF/86,1118,KH/86,1195,51,144.7,false,1256_1577
RØ,1257,KH/86,908,NF/86,983,320,144.7,false,-1
IC,125_4125,KK/86,401,FA/86,542,305,223.7,true,-1
IC,125_4125,FA/86,549,AR/86,608,115,108.5,false,-1
IC,125_4125,AR/86,615,ABL/86,704,77,145.3,false,-1
RØ,1260,NF/86,1178,KH/86,1255,69,144.7,false,-1
RØ,1261,KH/86,968,NF/86,1043,417,144.7,false,-1
RØ,1264,NF/86,1229,KH/86,1315,77,144.7,false,-1
RØ,1265,KH/86,1028,NF/86,1103,240,144.7,false,-1
RØ,1268,NF/86,1286,KH/86,1374,44,144.7,false,-1
RØ,1269,KH/86,1088,NF/86,1163,138,144.7,false,-1
RØ,1272,NF/86,1346,KH/86,1434,21,144.7,false,-1
RØ,1273,KH/86,1148,NF/86,1223,88,144.7,false,-1
RØ,1276,NF/86,1406,KH/86,1494,10,144.7,false,-1
RØ,1277,KH/86,1207,NF/86,1291,94,144.7,false,-1
IC,128,FA/86,656,KK/86,799,125,223.7,true,128_2328_4128_428
RØ,1281,KH/86,1267,NF/86,1351,99,144.7,false,-1
RØ,1289,KH/86,1387,NF/86,1475,117,144.7,false,1289_2089_2291
IC,129,KK/86,461,FA/86,602,252,223.7,true,129_2329_429_4129
IC,132,FA/86,716,HGL/86,869,165,225.8,true,132_2332_4132_432
IC,133,HGL/86,515,FA/86,662,151,225.8,true,133_2333_433_4133
IC,137,KH/86,590,FA/86,722,85,220.6,true,137_2337_437_4137
IC,140,FA/86,836,KK/86,979,236,223.7,true,140_2340_4140_440
IC,1401_101_4101,CPH/86,12,KH/86,25,74,11.8,true,-1
IC,1401_101_4101,KH/86,35,FA/86,177,115,220.6,true,-1
IC,1401_101_4101,FA/86,183,AR/86,248,69,108.5,false,-1
IC,1401_101_4101,AR/86,255,ABL/86,344,69,145.3,false,-1
IC,1407_107_4107,CPH/86,132,KH/86,145,15,11.8,true,1407_107_4107_2304
IC,1407_107_4107,KH/86,155,FA/86,295,53,220.6,true,1407_107_4107_2304
IC,1407_107_4107,FA/86,305,AR/86,365,96,108.5,false,1407_107_4107_2304
IC,1407_107_4107,AR/86,372,ABL/86,464,143,145.3,false,1407_107_4107_2304
IC,1413_113,CPH/86,206,KH/86,219,4,11.8,true,1413_113_2308_2313_413_4113
IC,1413_113,KH/86,230,FA/86,362,49,220.6,true,1413_113_2308_2313_413_4113
IC,1417_117,CPH/86,266,KH/86,279,263,11.8,true,1417_117_2317_417_4117
IC,1417_117,KH/86,290,FA/86,422,107,220.6,true,1417_117_2317_417_4117
IC,141_4141,KH/86,650,FA/86,782,121,220.6,true,-1
IC,141_4141,FA/86,789,AR/86,848,111,108.5,false,-1
IC,141_4141,AR/86,855,ABL/86,944,150,145.3,false,-1
IC,144,FA/86,896,HGL/86,1049,262,225.8,true,144_2344_4144_444
IC,145,KK/86,701,FA/86,842,123,223.7,true,145_2345_445_4145
IC,1472,KH/86,19,CPH/86,32,3,11.8,true,-1
IC,1476,KH/86,79,CPH/86,92,22,11.8,true,-1
IC,148,FA/86,956,KK/86,1099,187,223.7,true,148_2348_4148_448
IC,1482,KH/86,163,CPH/86,177,38,11.8,true,-1
IC,1485_185,CPH/86,1286,KH/86,1300,46,11.8,true,-1
IC,1485_185,KH/86,1310,OD/86,1408,163,160.3,true,-1
IC,1489_191,CPH/86,1346,KH/86,1360,53,11.8,true,-1
IC,1489_191,KH/86,1370,FA/86,1502,340,220.6,true,-1
IC,1489_191,FA/86,1508,AR/86,1578,170,108.5,false,-1
IC,149,KK/86,761,FA/86,902,141,223.7,true,149_2349_449_4149
IC,1493_193,CPH/86,1406,KH/86,1420,59,11.8,true,-1
IC,1493_193,KH/86,1430,OD/86,1528,213,160.3,true,-1
RØ,1500,KB/86,270,KK/86,376,115,113.7,false,-1
RØ,1504,KB/86,337,KK/86,427,182,113.7,false,-1
RØ,1508,KB/86,397,HGL/86,493,402,115.8,false,-1
RØ,1512,KB/86,457,KK/86,547,242,113.7,false,-1
RØ,1516,KB/86,517,KK/86,607,183,113.7,false,1516_2439
RØ,1517,KK/86,293,KB/86,385,51,113.7,false,-1
RØ,1520,KB/86,577,KK/86,667,99,113.7,false,1520_2443
RØ,1521,HGL/86,347,KB/86,445,151,115.8,false,-1
RØ,1524,KB/86,637,KK/86,727,129,113.7,false,1524_2447
RØ,1525,KK/86,413,KB/86,505,219,113.7,false,-1
RØ,1528,KB/86,697,KK/86,787,102,113.7,false,1528_2451
RØ,1529,KK/86,473,KB/86,565,166,113.7,false,-1
IC,153,KK/86,821,FA/86,962,241,223.7,true,153_2353_453_4153
RØ,1532,KB/86,757,KK/86,847,142,113.7,false,1532_2455
RØ,1533,KK/86,533,KB/86,625,95,113.7,false,1533_2412_3810_4210
RØ,1536,KB/86,817,KK/86,907,181,113.7,false,1536_2459_3859_4259
RØ,1537,KK/86,593,KB/86,685,71,113.7,false,1537_2416
RØ,1540,KB/86,877,KK/86,967,282,113.7,false,-1
RØ,1541,KH/86,662,KB/86,745,44,110.6,false,1220_1541
RØ,1544,KB/86,937,KK/86,1027,220,113.7,false,-1
RØ,1545,KK/86,713,KB/86,805,80,113.7,false,-1
RØ,1548,KB/86,997,KK/86,1087,144,113.7,false,-1
RØ,1549,KK/86,773,KB/86,865,89,113.7,false,1549_2428
RØ,1552,KB/86,1057,KK/86,1147,80,113.7,false,-1
RØ,1553,KK/86,833,KB/86,925,126,113.7,false,1553_2432
RØ,1556,KB/86,1117,HGL/86,1214,49,115.8,false,-1
RØ,1557,KK/86,893,KB/86,985,198,113.7,false,-1
IC,156,FA/86,1076,KK/86,1219,85,223.7,true,156_2356_4156_456
RØ,1560,KB/86,1177,KK/86,1266,100,113.7,false,1560_2483
RØ,1561,KK/86,953,KB/86,1045,280,113.7,false,-1
RØ,1564,KB/86,1237,KK/86,1326,56,113.7,false,1564_2487
RØ,1565,KK/86,1013,KB/86,1105,212,113.7,false,-1
RØ,1569,KK/86,1073,KB/86,1165,132,113.7,false,-1
RØ,1570_4270,KB/86,1310,KH/86,1410,36,110.6,false,-1
RØ,1570_4270,KH/86,1417,HG/86,1472,137,46.2,true,-1
RØ,1573,KK/86,1133,KB/86,1225,78,113.7,false,-1
RØ,1574,KB/86,1370,KH/86,1470,21,110.6,false,-1
RØ,1577,KH/86,1202,KB/86,1285,75,110.6,false,1256_1577
IC,157_4157,HGL/86,874,FA/86,1022,465,225.8,true,-1
IC,157_4157,FA/86,1029,AR/86,1088,151,108.5,false,-1
IC,157_4157,AR/86,1095,ABL/86,1184,61,145.3,false,-1
RØ,1581,KK/86,1253,KB/86,1346,123,113.7,false,-1
RØ,1583,KK/86,1274,KB/86,1393,176,113.7,false,-1
RØ,1587,KK/86,1343,KB/86,1453,171,113.7,false,-1
L,15_4015,OD/86,366,FA/86,394,92,60.3,true,-1
L,15_4015,FA/86,396,VJ/86,409,126,25.7,false,-1
L,15_4015,VJ/86,411,AR/86,455,182,82.8,false,-1
L,15_4015,AR/86,465,ABL/86,548,81,145.3,false,-1
IC,160,FA/86,1136,KH/86,1270,80,220.6,true,160_2360_4160_460
IC,161,HGL/86,934,FA/86,1082,519,225.8,true,161_2361_461_4161
IC,164,FA/86,1196,KH/86,1330,92,220.6,true,164_2364_4164_464
IC,165,KK/86,1001,FA/86,1142,395,223.7,true,165_2365_465_4165
IC,168,FA/86,1256,KH/86,1390,58,220.6,true,168_2368_4168_468
IC,172,FA/86,1316,KH/86,1450,61,220.6,true,172_2374_4172_474
IC,173,KK/86,1121,FA/86,1262,130,223.7,true,173_2371_471
IC,177,HGL/86,1174,FA/86,1322,125,225.8,true,177_2377_477
IC,181,KH/86,1250,FA/86,1382,166,220.6,true,181_2376
IC,181,FA/86,1388,AR/86,1458,31,108.5,false,181_2376
IC,190_1490,AR/86,40,FA/86,111,35,108.5,false,-1
IC,190_1490,FA/86,116,KH/86,265,151,220.6,true,-1
IC,190_1490,KH/86,279,CPH/86,292,132,11.8,true,-1
L,19_4019,CPH/86,326,FA/86,454,332,230.2,true,19_4019_919
L,19_4019,FA/86,458,VJ/86,471,300,25.7,false,19_4019_919
L,19_4019,VJ/86,473,AR/86,518,232,82.8,false,19_4019_919
L,19_4019,AR/86,525,ABL/86,608,63,145.3,false,19_4019_919
RØ,200,RO/86,320,CPH/86,354,60,37.9,true,-1
IC,202,OD/86,307,CPH/86,414,162,166.9,true,-1
IC,206,OD/86,369,CPH/86,474,249,166.9,true,206_806
IC,208,OD/86,429,CPH/86,534,238,166.9,true,208_810
RØ,2085_1285,HG/86,1258,KH/86,1313,48,46.2,true,-1
RØ,2085_1285,KH/86,1327,NF/86,1415,87,144.7,false,-1
RØ,2089,HG/86,1318,KH/86,1373,36,46.2,true,1289_2089_2291
RØ,2093,HG/86,1378,KH/86,1433,20,46.2,true,-1
IC,214,OD/86,490,CPH/86,594,143,166.9,true,214_814
RØ,218,SG/86,584,CPH/86,654,70,99.5,true,-1
RØ,2200,KH/86,307,HG/86,362,29,46.2,true,-1
RØ,2202,KH/86,367,HG/86,422,19,46.2,true,-1
RØ,2204,NÆ/86,358,HG/86,482,229,136.9,true,2204_4406_3406_4804
RØ,2212,NÆ/86,478,HG/86,602,203,136.9,true,2212_4414_4812
RØ,2216,NÆ/86,538,HG/86,662,199,136.9,true,2216_4418_4816
RØ,2217_4817,KH/86,296,NÆ/86,362,36,90.7,true,-1
RØ,2217_4817,NÆ/86,373,NF/86,412,41,56.2,false,-1
RØ,2219,HG/86,298,KH/86,353,57,46.2,true,1221_2219_2221_4821
RØ,222,SG/86,644,CPH/86,714,74,99.5,true,-1
RØ,2220,NÆ/86,598,HG/86,722,82,136.9,true,2220_4422_4820
RØ,2221_4821,KH/86,356,NÆ/86,422,55,90.7,true,1221_2219_2221_4821
RØ,2221_4821,NÆ/86,433,NF/86,472,32,56.2,false,1221_2219_2221_4821
RØ,2224,NÆ/86,658,HG/86,782,106,136.9,true,2224_4426_4824
RØ,2225_4825,HG/86,358,NÆ/86,482,192,136.9,true,-1
RØ,2225_4825,NÆ/86,493,NF/86,532,36,56.2,false,-1
RØ,2228,NÆ/86,718,HG/86,842,113,136.9,true,2228_4430_4828
RØ,2229_4829,HG/86,418,NÆ/86,542,398,136.9,true,-1
RØ,2229_4829,NÆ/86,553,NF/86,592,33,56.2,false,-1
IC,223,CPH/86,365,OD/86,468,188,166.9,true,-1
RØ,2232,NÆ/86,778,HG/86,902,143,136.9,true,2232_4434_3434_4832
RØ,2233_4833,HG/86,478,NÆ/86,602,377,136.9,true,-1
RØ,2233_4833,NÆ/86,613,NF/86,652,15,56.2,false,-1
RØ,2236,NÆ/86,838,HG/86,962,323,136.9,true,2236_4438_3438_4836
RØ,2237_4837,HG/86,538,NÆ/86,662,99,136.9,true,-1
RØ,2237_4837,NÆ/86,673,NF/86,712,15,56.2,false,-1
RØ,2240,NÆ/86,898,HG/86,1022,415,136.9,true,2240_4442_3442_4840
RØ,2241_4841,HG/86,598,NÆ/86,722,106,136.9,true,-1
RØ,2241_4841,NÆ/86,733,NF/86,772,18,56.2,false,-1
RØ,2244,NÆ/86,958,HG/86,1082,319,136.9,true,2244_4446_3446_4844
RØ,2245_4845,HG/86,658,NÆ/86,782,110,136.9,true,-1
RØ,2245_4845,NÆ/86,793,NF/86,832,22,56.2,false,-1
RØ,2248,NÆ/86,1018,HG/86,1142,109,136.9,true,2248_4450_3450_4848
RØ,2249_4849,HG/86,718,NÆ/86,842,109,136.9,true,-1
RØ,2249_4849,NÆ/86,853,NF/86,892,38,56.2,false,-1
RØ,2252,NÆ/86,1078,HG/86,1202,89,136.9,true,2252_4454_4852
RØ,2253_4853,HG/86,778,NÆ/86,902,197,136.9,true,-1
RØ,2253_4853,NÆ/86,913,NF/86,952,53,56.2,false,-1
RØ,2257_4857,HG/86,838,NÆ/86,962,305,136.9,true,-1
RØ,2257_4857,NÆ/86,973,NF/86,1012,48,56.2,false,-1
RØ,226,SG/86,704,CPH/86,774,87,99.5,true,-1
RØ,2261_4861,HG/86,898,NÆ/86,1022,437,136.9,true,-1
RØ,2261_4861,NÆ/86,1033,NF/86,1072,25,56.2,false,-1
RØ,2264,NÆ/86,1258,HG/86,1382,125,136.9,true,-1
RØ,2265_4865,HG/86,958,NÆ/86,1082,340,136.9,true,-1
RØ,2265_4865,NÆ/86,1093,NF/86,1132,20,56.2,false,-1
RØ,2268,NÆ/86,1318,HG/86,1442,94,136.9,true,-1
RØ,2269_4869,HG/86,1018,NÆ/86,1142,155,136.9,true,-1
RØ,2269_4869,NÆ/86,1153,NF/86,1192,24,56.2,false,-1
IC,227,CPH/86,425,OD/86,530,208,166.9,true,227_827
RØ,2270,NÆ/86,1365,KH/86,1430,20,90.7,true,-1
RØ,2272,KH/86,7,HG/86,62,29,46.2,true,-1
RØ,2273_4873,HG/86,1078,NÆ/86,1202,98,136.9,true,-1
RØ,2273_4873,NÆ/86,1213,NF/86,1252,29,56.2,false,-1
RØ,2277,HG/86,1138,NÆ/86,1262,95,136.9,true,-1
RØ,2281,HG/86,1198,NÆ/86,1322,87,136.9,true,-1
RØ,2287,HG/86,1273,NÆ/86,1396,184,136.9,true,-1
RØ,2291,KH/86,1390,NÆ/86,1454,102,90.7,true,1289_2089_2291
RØ,2297,HG/86,1438,KH/86,1493,2,46.2,true,-1
RØ,2299,KH/86,70,NÆ/86,134,28,90.7,true,-1
RØ,230,SG/86,764,CPH/86,834,74,99.5,true,-1
IC,2304,FA/86,307,ES/86,370,19,88.5,true,1407_107_4107_2304
IC,2308,FA/86,367,ES/86,430,44,88.5,true,1413_113_2308_2313_413_4113
RØ,231,CPH/86,485,SG/86,555,109,99.5,true,-1
IC,2312,FA/86,411,ES/86,474,81,88.5,true,112_2312_412
IC,2313,ES/86,303,FA/86,367,49,88.5,true,1413_113_2308_2313_413_4113
IC,2316,FA/86,471,ES/86,534,132,88.5,true,116_2316_4116_416
IC,2317,ES/86,362,FA/86,427,86,88.5,true,1417_117_2317_417_4117
IC,2321,ES/86,422,FA/86,487,67,88.5,true,121_2321_421_4121
IC,2324,FA/86,591,ES/86,654,100,88.5,true,124_2324_4124_424
RV,2325_2925,ES/86,484,FA/86,549,54,88.5,true,-1
RV,2325_2925,FA/86,554,AR/86,623,98,108.5,false,-1
IC,2328,FA/86,651,ES/86,714,37,88.5,true,128_2328_4128_428
IC,2329,ES/86,543,FA/86,607,30,88.5,true,129_2329_429_4129
IC,2332,FA/86,711,ES/86,774,82,88.5,true,132_2332_4132_432
IC,2333,ES/86,603,FA/86,667,59,88.5,true,133_2333_433_4133
IC,2337,ES/86,663,FA/86,727,69,88.5,true,137_2337_437_4137
RØ,234,SG/86,824,CPH/86,894,134,99.5,true,-1
IC,2340,FA/86,831,ES/86,894,108,88.5,true,140_2340_4140_440
RV,2341_2941,ES/86,724,FA/86,789,26,88.5,true,-1
RV,2341_2941,FA/86,794,AR/86,863,43,108.5,false,-1
IC,2344,FA/86,891,ES/86,954,124,88.5,true,144_2344_4144_444
IC,2345,ES/86,783,FA/86,847,82,88.5,true,145_2345_445_4145
IC,2348,FA/86,951,ES/86,1014,109,88.5,true,148_2348_4148_448
IC,2349,ES/86,843,FA/86,907,88,88.5,true,149_2349_449_4149
RØ,235,CPH/86,545,SG/86,615,72,99.5,true,-1
IC,2353,ES/86,903,FA/86,967,147,88.5,true,153_2353_453_4153
IC,2356,FA/86,1071,ES/86,1134,82,88.5,true,156_2356_4156_456
RV,2357_2957,ES/86,964,FA/86,1029,146,88.5,true,-1
RV,2357_2957,FA/86,1034,AR/86,1103,243,108.5,false,-1
IC,2360,FA/86,1131,ES/86,1194,44,88.5,true,160_2360_4160_460
IC,2361,ES/86,1023,FA/86,1087,72,88.5,true,161_2361_461_4161
IC,2364,FA/86,1191,ES/86,1254,73,88.5,true,164_2364_4164_464
IC,2365,ES/86,1083,FA/86,1147,46,88.5,true,165_2365_465_4165
IC,2368,FA/86,1251,ES/86,1314,55,88.5,true,168_2368_4168_468
IC,2369,ES/86,1143,FA/86,1207,55,88.5,true,2369_469_80169
IC,2371,ES/86,1203,FA/86,1267,78,88.5,true,173_2371_471
IC,2374,FA/86,1311,ES/86,1374,35,88.5,true,172_2374_4172_474
IC,2376,FA/86,1392,ES/86,1455,55,88.5,true,181_2376
IC,2377,ES/86,1263,FA/86,1327,48,88.5,true,177_2377_477
IC,238,OD/86,849,CPH/86,954,218,166.9,true,238_838
IC,2387,ES/86,1421,FA/86,1485,3,88.5,true,-1
RØ,239,CPH/86,605,SG/86,675,46,99.5,true,-1
L,23_4023,CPH/86,386,FA/86,514,414,230.2,true,23_4023_723
L,23_4023,FA/86,518,VJ/86,531,253,25.7,false,23_4023_723
L,23_4023,VJ/86,533,AR/86,578,226,82.8,false,23_4023_723
L,23_4023,AR/86,585,ABL/86,668,49,145.3,false,23_4023_723
RØ,2400,NÆ/86,276,KH/86,343,55,79.2,true,2400_2500_3400
RØ,2404_3404,NÆ/86,336,KH/86,403,122,79.2,true,-1
RØ,2404_3404,KH/86,406,HG/86,456,50,46.2,true,-1
RØ,2408,NÆ/86,396,KH/86,463,300,79.2,true,-1
RØ,2412,NÆ/86,456,KK/86,532,231,82.3,true,1533_2412_3810_4210
RØ,2416,NÆ/86,516,KK/86,592,123,82.3,true,1537_2416
RØ,2419,KH/86,317,NÆ/86,382,19,79.2,true,-1
IC,242,OD/86,909,CPH/86,1014,179,166.9,true,242_842
RØ,2420,NÆ/86,576,KK/86,652,64,82.3,true,-1
RØ,2423,KH/86,377,NÆ/86,442,43,79.2,true,-1
RØ,2424,NÆ/86,636,KH/86,703,51,79.2,true,-1
RØ,2428,NÆ/86,696,KK/86,772,64,82.3,true,1549_2428
RØ,243,CPH/86,665,SG/86,735,42,99.5,true,-1
RØ,2432,NÆ/86,756,KK/86,832,47,82.3,true,1553_2432
RØ,2436_3436,NÆ/86,816,KH/86,883,84,79.2,true,-1
RØ,2436_3436,KH/86,886,HG/86,936,159,46.2,true,-1
RØ,2439,KK/86,608,NÆ/86,682,33,82.3,true,1516_2439
RØ,2440_3440,NÆ/86,876,KH/86,943,90,79.2,true,-1
RØ,2440_3440,KH/86,946,HG/86,996,177,46.2,true,-1
RØ,2443,KK/86,668,NÆ/86,742,42,82.3,true,1520_2443
RØ,2444_3444,NÆ/86,936,KH/86,1003,107,79.2,true,-1
RØ,2444_3444,KH/86,1006,HG/86,1056,177,46.2,true,-1
RØ,2447,KK/86,728,NÆ/86,802,55,82.3,true,1524_2447
RØ,2448_3448,NÆ/86,996,KH/86,1063,56,79.2,true,-1
RØ,2448_3448,KH/86,1066,HG/86,1116,100,46.2,true,-1
RØ,2451,KK/86,788,NÆ/86,862,78,82.3,true,1528_2451
RØ,2452,NÆ/86,1056,KH/86,1123,44,79.2,true,-1
RØ,2455,KK/86,848,NÆ/86,922,132,82.3,true,1532_2455
RØ,2456,NÆ/86,1116,KK/86,1192,33,82.3,true,-1
RØ,2459,KK/86,908,NÆ/86,982,235,82.3,true,1536_2459_3859_4259
IC,246,OD/86,969,CPH/86,1074,97,166.9,true,246_846
RØ,2460,NÆ/86,1176,KH/86,1243,52,79.2,true,-1
RØ,2464,NÆ/86,1236,KH/86,1303,46,79.2,true,-1
RØ,2468,NÆ/86,1296,KH/86,1363,24,79.2,true,-1
RØ,247,CPH/86,725,SG/86,795,42,99.5,true,-1
RØ,2474,NÆ/86,1356,KK/86,1440,25,82.3,true,-1
RØ,2476,NÆ/86,1416,HGL/86,1506,1,84.4,true,-1
RØ,2479,KK/86,1208,NÆ/86,1282,75,82.3,true,-1
RØ,2483,KK/86,1268,NÆ/86,1342,71,82.3,true,1560_2483
RØ,2487,KK/86,1328,NÆ/86,1402,66,82.3,true,1564_2487
RØ,2491,KH/86,1397,NÆ/86,1462,49,79.2,true,-1
RØ,2495,KH/86,17,NÆ/86,77,22,79.2,true,-1
IC,250,OD/86,1029,CPH/86,1134,70,166.9,true,250_850
RØ,2500,KH/86,352,HG/86,407,13,46.2,true,2400_2500_3400
RØ,2502,HK/86,353,HG/86,467,206,113.3,true,-1
RØ,2506,HK/86,413,HG/86,527,523,113.3,true,-1
IC,251,CPH/86,785,OD/86,890,138,166.9,true,251_851
RØ,2510,HK/86,473,HG/86,587,424,113.3,true,-1
RØ,2514,HK/86,533,HG/86,647,279,113.3,true,-1
RØ,2518,HK/86,593,HG/86,707,131,113.3,true,-1
RØ,2519,KH/86,312,HK/86,367,18,67.1,true,-1
RØ,2522,HK/86,653,HG/86,767,148,113.3,true,-1
RØ,2523,HGL/86,356,HK/86,427,55,72.3,true,-1
RØ,2526,HK/86,713,HG/86,827,163,113.3,true,-1
RØ,2527,HG/86,373,HK/86,487,360,113.3,true,-1
RØ,2530,HK/86,773,HG/86,887,161,113.3,true,-1
RØ,2531,HG/86,433,HK/86,547,421,113.3,true,-1
RØ,2534,HK/86,833,HG/86,947,211,113.3,true,-1
RØ,2535,HG/86,493,HK/86,607,259,113.3,true,-1
RØ,2538,HK/86,893,HG/86,1007,354,113.3,true,-1
RØ,2539,HG/86,553,HK/86,667,198,113.3,true,-1
RØ,254,SG/86,1124,CPH/86,1194,44,99.5,true,-1
RØ,2542,HK/86,953,HG/86,1067,315,113.3,true,-1
RØ,2543,HG/86,613,HK/86,727,104,113.3,true,-1
RØ,2546,HK/86,1013,HG/86,1127,170,113.3,true,-1
RØ,2547,HG/86,673,HK/86,787,122,113.3,true,-1
IC,255,CPH/86,845,OD/86,950,217,166.9,true,255_855
RØ,2550,HK/86,1073,HG/86,1187,107,113.3,true,-1
RØ,2551,HG/86,733,HK/86,847,144,113.3,true,-1
RØ,2554,HK/86,1133,HG/86,1247,80,113.3,true,-1
RØ,2555,HG/86,793,HK/86,907,233,113.3,true,-1
RØ,2558,HK/86,1193,HG/86,1307,135,113.3,true,-1
RØ,2559,HG/86,853,HK/86,967,354,113.3,true,-1
RØ,2562,HK/86,1253,HGL/86,1324,52,72.3,true,-1
RØ,2563,HG/86,913,HK/86,1027,431,113.3,true,-1
RØ,2566,HK/86,1313,HGL/86,1384,40,72.3,true,-1
RØ,2567,HG/86,973,HK/86,1087,354,113.3,true,-1
RØ,2571,HG/86,1033,HK/86,1147,161,113.3,true,-1
RØ,2575,HG/86,1093,HK/86,1207,106,113.3,true,-1
RØ,2579,HG/86,1153,KH/86,1208,52,46.2,true,-1
RØ,258,SG/86,1184,CPH/86,1254,63,99.5,true,-1
RØ,2583,HG/86,1213,RO/86,1298,86,77.5,true,-1
IC,259,CPH/86,905,OD/86,1010,347,166.9,true,259_859
RØ,2595,HG/86,1408,HK/86,1525,33,113.3,true,-1
RØ,2599,HG/86,28,KH/86,83,16,46.2,true,-1
RØ,262,SG/86,1244,CPH/86,1314,27,99.5,true,-1
IC,263,CPH/86,965,OD/86,1070,248,166.9,true,263_863
RØ,266,RO/86,1340,CPH/86,1374,12,37.9,true,-1
RØ,267,CPH/86,1025,SG/86,1095,87,99.5,true,-1
RØ,270,RO/86,1400,CPH/86,1434,10,37.9,true,-1
RØ,271,CPH/86,1085,SG/86,1155,69,99.5,true,-1
RV,2710,FA/86,371,OD/86,436,29,60.3,true,-1
RV,2715_3919,OD/86,400,FA/86,450,29,60.3,true,-1
RV,2715_3919,FA/86,461,AR/86,529,30,108.5,false,-1
RV,2727,OD/86,526,FA/86,588,10,60.3,true,-1
RV,2728,FA/86,635,OD/86,694,11,60.3,true,-1
RV,2733,OD/86,639,FA/86,689,8,60.3,true,-1
RV,2736,FA/86,750,OD/86,801,15,60.3,true,-1
RØ,274,RO/86,20,CPH/86,54,13,37.9,true,-1
RV,2741,OD/86,758,FA/86,811,19,60.3,true,-1
RV,2742,FA/86,873,OD/86,934,30,60.3,true,-1
RØ,275,CPH/86,1145,SG/86,1215,44,99.5,true,-1
RV,2751,OD/86,885,FA/86,948,52,60.3,true,-1
RV,2754,FA/86,1000,OD/86,1067,12,60.3,true,-1
RV,2759,OD/86,1005,FA/86,1068,45,60.3,true,-1
RV,2765,OD/86,1116,FA/86,1170,19,60.3,true,-1
RV,2768,FA/86,1230,OD/86,1284,58,60.3,true,-1
RV,2777,OD/86,1296,FA/86,1350,37,60.3,true,-1
RV,2785,OD/86,1416,FA/86,1470,14,60.3,true,-1
RØ,279,CPH/86,1205,SG/86,1275,64,99.5,true,-1
L,27_4027,CPH/86,446,FA/86,574,482,230.2,true,27_4027_927
L,27_4027,FA/86,578,VJ/86,591,231,25.7,false,27_4027_927
L,27_4027,VJ/86,593,AR/86,638,195,82.8,false,27_4027_927
L,27_4027,AR/86,645,ABL/86,728,65,145.3,false,27_4027_927
RØ,283,CPH/86,1265,RO/86,1299,73,37.9,true,-1
RØ,287,CPH/86,1325,RO/86,1359,24,37.9,true,-1
RV,2909,FA/86,314,AR/86,383,41,108.5,false,-1
RØ,291,CPH/86,1385,RO/86,1419,35,37.9,true,-1
RV,2912,AR/86,338,FA/86,406,85,108.5,false,-1
RV,2913,FA/86,376,AR/86,446,54,108.5,false,-1
RV,2916,AR/86,398,FA/86,466,117,108.5,false,-1
RV,2917,FA/86,432,AR/86,500,104,108.5,false,-1
RV,2920_2320,AR/86,458,FA/86,526,138,108.5,false,-1
RV,2920_2320,FA/86,531,ES/86,594,37,88.5,true,-1
RV,2924,AR/86,518,FA/86,586,139,108.5,false,-1
RV,2928,AR/86,578,FA/86,646,101,108.5,false,-1
RV,2929,FA/86,614,AR/86,683,34,108.5,false,-1
RV,2932,AR/86,638,FA/86,706,99,108.5,false,-1
RV,2933,FA/86,674,AR/86,743,30,108.5,false,-1
RV,2936_2336,AR/86,698,FA/86,766,142,108.5,false,-1
RV,2936_2336,FA/86,771,ES/86,834,43,88.5,true,-1
RV,2937,FA/86,734,AR/86,803,35,108.5,false,-1
RV,2940,AR/86,758,FA/86,826,164,108.5,false,-1
RV,2944,AR/86,818,FA/86,886,110,108.5,false,-1
RV,2945,FA/86,854,AR/86,923,51,108.5,false,-1
RV,2948,AR/86,878,FA/86,946,230,108.5,false,-1
RV,2949,FA/86,914,AR/86,983,100,108.5,false,-1
RØ,295,CPH/86,5,RO/86,39,9,37.9,true,-1
RV,2952_2352,AR/86,938,FA/86,1006,157,108.5,false,-1
RV,2952_2352,FA/86,1011,ES/86,1074,55,88.5,true,-1
RV,2953,FA/86,974,AR/86,1043,102,108.5,false,-1
RV,2956,AR/86,998,FA/86,1066,193,108.5,false,-1
RV,2960,AR/86,1058,FA/86,1126,94,108.5,false,-1
RV,2961,FA/86,1094,AR/86,1163,30,108.5,false,-1
RV,2964,AR/86,1118,FA/86,1186,112,108.5,false,-1
RV,2965,FA/86,1154,AR/86,1223,19,108.5,false,-1
RV,2968,AR/86,1178,FA/86,1246,38,108.5,false,-1
RV,2969,FA/86,1214,AR/86,1283,55,108.5,false,-1
RV,2972,AR/86,1238,FA/86,1306,61,108.5,false,-1
RV,2973,FA/86,1274,AR/86,1343,14,108.5,false,-1
RV,2974,FA/86,1348,KD/86,1359,3,19.9,true,-1
RV,2976,AR/86,1298,FA/86,1366,45,108.5,false,-1
RV,2980,AR/86,1358,FA/86,1426,54,108.5,false,-1
RV,2981,KD/86,1369,FA/86,1381,2,19.9,true,-1
L,31_4031,CPH/86,506,FA/86,634,350,230.2,true,31_4031_731
L,31_4031,FA/86,638,VJ/86,651,227,25.7,false,31_4031_731
L,31_4031,VJ/86,653,AR/86,698,218,82.8,false,31_4031_731
L,31_4031,AR/86,705,ABL/86,788,80,145.3,false,31_4031_731
RØ,3206,NF/86,363,KH/86,437,173,144.7,false,-1
RØ,3306,RO/86,437,KK/86,469,193,34.4,true,-1
RØ,3310,RO/86,497,KK/86,529,164,34.4,true,-1
RØ,3327,KK/86,446,RO/86,478,187,34.4,true,-1
RØ,3359,HGL/86,905,RO/86,943,144,36.5,true,-1
RØ,3363,HGL/86,965,RO/86,1003,177,36.5,true,-1
RØ,3400,KH/86,346,HG/86,396,24,46.2,true,2400_2500_3400
RØ,3402,KH/86,376,HG/86,426,38,46.2,true,3402_4402_4500
RR,3408,KH/86,466,HG/86,516,109,46.2,true,-1
RØ,3427_2427,HG/86,384,KH/86,434,140,46.2,true,-1
RØ,3427_2427,KH/86,437,NÆ/86,502,85,79.2,true,-1
RØ,3429_4429,HG/86,414,KH/86,464,292,46.2,true,-1
RØ,3429_4429,KH/86,467,NÆ/86,532,66,79.2,true,-1
RØ,3431_2431,HG/86,444,KH/86,494,302,46.2,true,-1
RØ,3431_2431,KH/86,497,NÆ/86,562,63,79.2,true,-1
RØ,3433_4433,HG/86,474,KH/86,524,332,46.2,true,-1
RØ,3433_4433,KH/86,527,NÆ/86,592,39,79.2,true,-1
RØ,3435_2435,HG/86,504,KH/86,554,198,46.2,true,-1
RØ,3435_2435,KH/86,557,NÆ/86,622,45,79.2,true,-1
RØ,3437_4437,HG/86,534,KH/86,584,212,46.2,true,-1
RØ,3437_4437,KH/86,587,NÆ/86,652,32,79.2,true,-1
RØ,3463_2463,HG/86,924,KH/86,974,191,46.2,true,3463_2463_3863_4263
RØ,3463_2463,KH/86,977,NÆ/86,1042,386,79.2,true,3463_2463_3863_4263
RØ,3465_4465,HG/86,954,KH/86,1004,180,46.2,true,-1
RØ,3465_4465,KH/86,1007,NÆ/86,1072,237,79.2,true,-1
RØ,3467_2467,HG/86,984,KH/86,1034,86,46.2,true,-1
RØ,3467_2467,KH/86,1037,NÆ/86,1102,176,79.2,true,-1
RØ,3469_4469,HG/86,1014,KH/86,1064,78,46.2,true,-1
RØ,3469_4469,KH/86,1067,NÆ/86,1132,93,79.2,true,-1
RØ,3471_2471,HG/86,1044,KH/86,1094,62,46.2,true,-1
RØ,3471_2471,KH/86,1097,NÆ/86,1162,88,79.2,true,-1
RØ,3473_4473,HG/86,1074,KH/86,1124,60,46.2,true,-1
RØ,3473_4473,KH/86,1127,NÆ/86,1192,59,79.2,true,-1
RØ,3475_2475,HG/86,1104,KH/86,1154,41,46.2,true,-1
RØ,3475_2475,KH/86,1157,NÆ/86,1222,71,79.2,true,-1
RØ,3502,KB/86,303,KK/86,391,133,113.7,false,3502_4425
RØ,3506,KB/86,359,KK/86,451,241,113.7,false,-1
RØ,3510,KB/86,419,KK/86,511,370,113.7,false,-1
RØ,3523,KK/86,386,KB/86,474,108,113.7,false,-1
RØ,3542,KB/86,907,KK/86,994,212,113.7,false,-1
RØ,3546,KB/86,967,KK/86,1054,142,113.7,false,-1
RØ,3555,KK/86,866,KB/86,960,206,113.7,false,-1
RØ,3559,KK/86,926,KB/86,1020,343,113.7,false,-1
RØ,3563,KK/86,986,KB/86,1080,361,113.7,false,-1
L,35_4035,CPH/86,566,FA/86,694,237,230.2,true,35_4035_935
L,35_4035,FA/86,698,VJ/86,711,160,25.7,false,35_4035_935
L,35_4035,VJ/86,713,AR/86,758,146,82.8,false,35_4035_935
L,35_4035,AR/86,765,ABL/86,848,72,145.3,false,35_4035_935
RØ,3802_4204,NF/86,283,VO/86,304,8,28.8,false,-1
RØ,3802_4204,VO/86,310,HG/86,452,222,164.3,true,-1
RØ,3810,NF/86,403,NÆ/86,442,47,56.2,false,1533_2412_3810_4210
RØ,3859,NÆ/86,998,NF/86,1037,50,56.2,false,1536_2459_3859_4259
RØ,3863,NÆ/86,1058,NF/86,1097,49,56.2,false,3463_2463_3863_4263
RV,3918_2720,AR/86,424,FA/86,492,153,108.5,false,-1
RV,3918_2720,FA/86,510,OD/86,564,27,60.3,true,-1
EX,392,HMB/80,1130,KH/86,1417,25,506.1,true,-1
RV,3922_4724,AR/86,489,FA/86,567,64,108.5,false,-1
RV,3922_4724,FA/86,570,OD/86,616,16,60.3,true,-1
EX,393,KH/86,502,HMB/80,786,229,506.1,true,-1
EX,394,HMB/80,893,KH/86,1178,232,506.1,true,-1
EX,395,KH/86,742,HMB/80,1024,282,506.1,true,-1
RV,3950,AR/86,909,FA/86,977,118,108.5,false,-1
RV,3951,FA/86,941,AR/86,1009,98,108.5,false,-1
RV,3954_4756,AR/86,969,FA/86,1037,161,108.5,false,-1
RV,3954_4756,FA/86,1050,OD/86,1096,31,60.3,true,-1
RV,3958_2760,AR/86,1029,FA/86,1097,75,108.5,false,-1
RV,3958_2760,FA/86,1110,OD/86,1164,16,60.3,true,-1
EX,396,HMB/80,653,KH/86,938,274,506.1,true,-1
EX,397,KH/86,862,HMB/80,1144,149,506.1,true,-1
EX,398,HMB/80,535,KH/86,818,243,506.1,true,-1
EX,399,KH/86,982,HMB/80,1264,201,506.1,true,-1
L,39_4039,CPH/86,626,FA/86,754,322,230.2,true,-1
L,39_4039,FA/86,758,VJ/86,771,295,25.7,false,-1
L,39_4039,VJ/86,773,AR/86,818,263,82.8,false,-1
L,39_4039,AR/86,825,ABL/86,908,141,145.3,false,-1
RV,4003,AB/86,358,ABL/86,368,3,5.5,false,-1
L,4007,AR/86,345,ABL/86,428,48,145.3,false,-1
L,4014_14,AB/86,303,AR/86,372,74,139.8,false,-1
L,4014_14,AR/86,380,VJ/86,424,413,82.8,false,-1
L,4014_14,VJ/86,426,FA/86,441,462,25.7,false,-1
L,4014_14,FA/86,447,CPH/86,572,663,230.2,true,-1
L,4018_18,AB/86,363,AR/86,433,197,139.8,false,4018_18_918
L,4018_18,AR/86,440,VJ/86,484,485,82.8,false,4018_18_918
L,4018_18,VJ/86,486,FA/86,501,467,25.7,false,4018_18_918
L,4018_18,FA/86,507,CPH/86,632,492,230.2,true,4018_18_918
L,4022_22,ABL/86,406,AR/86,493,234,145.3,false,4022_22_722
L,4022_22,AR/86,500,VJ/86,544,280,82.8,false,4022_22_722
L,4022_22,VJ/86,546,FA/86,561,268,25.7,false,4022_22_722
L,4022_22,FA/86,567,CPH/86,692,337,230.2,true,4022_22_722
L,4026_26,ABL/86,466,AR/86,553,141,145.3,false,4026_26_926
L,4026_26,AR/86,560,VJ/86,604,226,82.8,false,4026_26_926
L,4026_26,VJ/86,606,FA/86,621,257,25.7,false,4026_26_926
L,4026_26,FA/86,627,CPH/86,752,373,230.2,true,4026_26_926
L,4030_30,ABL/86,526,AR/86,613,119,145.3,false,-1
L,4030_30,AR/86,620,VJ/86,664,253,82.8,false,-1
L,4030_30,VJ/86,666,FA/86,681,278,25.7,false,-1
L,4030_30,FA/86,687,CPH/86,812,333,230.2,true,-1
L,4034_34,ABL/86,586,AR/86,673,125,145.3,false,4034_34_934
L,4034_34,AR/86,680,VJ/86,724,226,82.8,false,4034_34_934
L,4034_34,VJ/86,726,FA/86,741,248,25.7,false,4034_34_934
L,4034_34,FA/86,747,CPH/86,872,348,230.2,true,4034_34_934
L,4038_38,ABL/86,646,AR/86,733,106,145.3,false,4038_38_738
L,4038_38,AR/86,740,VJ/86,784,221,82.8,false,4038_38_738
L,4038_38,VJ/86,786,FA/86,801,229,25.7,false,4038_38_738
L,4038_38,FA/86,807,CPH/86,932,388,230.2,true,4038_38_738
L,4042_42,ABL/86,706,AR/86,793,109,145.3,false,4042_42_942
L,4042_42,AR/86,800,VJ/86,844,267,82.8,false,4042_42_942
L,4042_42,VJ/86,846,FA/86,861,298,25.7,false,4042_42_942
L,4042_42,FA/86,867,CPH/86,992,419,230.2,true,4042_42_942
L,4046_46,ABL/86,766,AR/86,853,111,145.3,false,4046_46_746
L,4046_46,AR/86,860,VJ/86,904,247,82.8,false,4046_46_746
L,4046_46,VJ/86,906,FA/86,921,264,25.7,false,4046_46_746
L,4046_46,FA/86,927,CPH/86,1052,409,230.2,true,4046_46_746
L,4050_50,ABL/86,826,AR/86,913,123,145.3,false,4050_50_950
L,4050_50,AR/86,920,VJ/86,964,306,82.8,false,4050_50_950
L,4050_50,VJ/86,966,FA/86,981,360,25.7,false,4050_50_950
L,4050_50,FA/86,987,CPH/86,1112,494,230.2,true,4050_50_950
L,4054_54,ABL/86,886,AR/86,973,169,145.3,false,-1
L,4054_54,AR/86,980,VJ/86,1024,340,82.8,false,-1
L,4054_54,VJ/86,1026,FA/86,1041,385,25.7,false,-1
L,4054_54,FA/86,1047,CPH/86,1172,393,230.2,true,-1
L,4058_58,ABL/86,946,AR/86,1033,160,145.3,false,4058_58_958
L,4058_58,AR/86,1040,VJ/86,1084,251,82.8,false,4058_58_958
L,4058_58,VJ/86,1086,FA/86,1101,280,25.7,false,4058_58_958
L,4058_58,FA/86,1107,CPH/86,1232,309,230.2,true,4058_58_958
L,4062_62,ABL/86,1006,AR/86,1093,90,145.3,false,4062_62_762
L,4062_62,AR/86,1100,VJ/86,1144,147,82.8,false,4062_62_762
L,4062_62,VJ/86,1146,FA/86,1161,139,25.7,false,4062_62_762
L,4062_62,FA/86,1167,CPH/86,1292,205,230.2,true,4062_62_762
L,4066_66,ABL/86,1066,AR/86,1153,56,145.3,false,4066_66_966
L,4066_66,AR/86,1160,VJ/86,1204,106,82.8,false,4066_66_966
L,4066_66,VJ/86,1206,FA/86,1221,119,25.7,false,4066_66_966
L,4066_66,FA/86,1227,CPH/86,1352,182,230.2,true,4066_66_966
L,4070_70,ABL/86,1126,AR/86,1213,37,145.3,false,-1
L,4070_70,AR/86,1220,VJ/86,1264,183,82.8,false,-1
L,4070_70,VJ/86,1266,FA/86,1281,173,25.7,false,-1
L,4070_70,FA/86,1287,CPH/86,1412,170,230.2,true,-1
L,4074_74,AB/86,1203,AR/86,1273,28,139.8,false,-1
L,4074_74,AR/86,1280,VJ/86,1324,38,82.8,false,-1
L,4074_74,VJ/86,1326,FA/86,1341,15,25.7,false,-1
IC,4105,AR/86,312,ABL/86,404,21,145.3,false,-1
IC,4116_416,AB/86,325,AR/86,403,137,139.8,false,116_2316_4116_416
IC,4116_416,AR/86,410,FA/86,469,239,108.5,false,116_2316_4116_416
IC,412,AR/86,350,FA/86,409,162,108.5,false,112_2312_412
IC,4120_120,ABL/86,368,AR/86,463,377,145.3,false,-1
IC,4120_120,AR/86,470,FA/86,531,254,108.5,false,-1
IC,4120_120,FA/86,536,KK/86,679,146,223.7,true,-1
IC,4124_424,ABL/86,428,AR/86,523,233,145.3,false,124_2324_4124_424
IC,4124_424,AR/86,530,FA/86,589,151,108.5,false,124_2324_4124_424
IC,4128_428,ABL/86,488,AR/86,583,110,145.3,false,128_2328_4128_428
IC,4128_428,AR/86,590,FA/86,649,69,108.5,false,128_2328_4128_428
IC,4132_432,ABL/86,548,AR/86,643,92,145.3,false,132_2332_4132_432
IC,4132_432,AR/86,650,FA/86,709,96,108.5,false,132_2332_4132_432
IC,4136_136,ABL/86,608,AR/86,703,105,145.3,false,-1
IC,4136_136,AR/86,710,FA/86,771,103,108.5,false,-1
IC,4136_136,FA/86,776,HGL/86,929,250,225.8,true,-1
IC,413_4113,FA/86,369,AR/86,428,167,108.5,false,1413_113_2308_2313_413_4113
IC,413_4113,AR/86,435,ABL/86,524,178,145.3,false,1413_113_2308_2313_413_4113
IC,4140_440,ABL/86,668,AR/86,763,103,145.3,false,140_2340_4140_440
IC,4140_440,AR/86,770,FA/86,829,113,108.5,false,140_2340_4140_440
IC,4144_444,ABL/86,728,AR/86,823,99,145.3,false,144_2344_4144_444
IC,4144_444,AR/86,830,FA/86,889,230,108.5,false,144_2344_4144_444
IC,4148_448,ABL/86,788,AR/86,883,112,145.3,false,148_2348_4148_448
IC,4148_448,AR/86,890,FA/86,949,127,108.5,false,148_2348_4148_448
IC,4152_152,ABL/86,848,AR/86,943,108,145.3,false,-1
IC,4152_152,AR/86,950,FA/86,1011,149,108.5,false,-1
IC,4152_152,FA/86,1016,KH/86,1150,145,220.6,true,-1
IC,4156_456,ABL/86,908,AR/86,1003,142,145.3,false,156_2356_4156_456
IC,4156_456,AR/86,1010,FA/86,1069,151,108.5,false,156_2356_4156_456
IC,4160_460,ABL/86,968,AR/86,1063,113,145.3,false,160_2360_4160_460
IC,4160_460,AR/86,1070,FA/86,1129,87,108.5,false,160_2360_4160_460
IC,4164_464,ABL/86,1028,AR/86,1123,94,145.3,false,164_2364_4164_464
IC,4164_464,AR/86,1130,FA/86,1189,100,108.5,false,164_2364_4164_464
IC,4168_468,ABL/86,1088,AR/86,1183,26,145.3,false,168_2368_4168_468
IC,4168_468,AR/86,1190,FA/86,1249,52,108.5,false,168_2368_4168_468
RV,4169,AB/86,1354,ABL/86,1364,1,5.5,false,-1
IC,4171,AR/86,1305,AB/86,1379,49,139.8,false,-1
IC,4172_474,ABL/86,1148,AR/86,1243,31,145.3,false,172_2374_4172_474
IC,4172_474,AR/86,1250,FA/86,1309,95,108.5,false,172_2374_4172_474
IC,4175,AR/86,1365,AB/86,1439,25,139.8,false,-1
IC,4176_176,ABL/86,1208,AR/86,1303,63,145.3,false,-1
IC,4176_176,AR/86,1310,FA/86,1371,82,108.5,false,-1
IC,4176_176,FA/86,1376,KH/86,1510,68,220.6,true,-1
IC,4178_4180_182,ABL/86,1268,AB/86,1280,10,5.5,false,-1
IC,4178_4180_182,AB/86,1285,AR/86,1363,30,139.8,false,-1
IC,4178_4180_182,AR/86,1370,FA/86,1431,53,108.5,false,-1
IC,4178_4180_182,FA/86,1436,KH/86,1585,84,220.6,true,-1
IC,4179,AR/86,1425,AB/86,1499,11,139.8,false,-1
IC,417_4117,FA/86,429,AR/86,488,213,108.5,false,1417_117_2317_417_4117
IC,417_4117,AR/86,495,ABL/86,584,88,145.3,false,1417_117_2317_417_4117
IC,4184_484,ABL/86,1328,AR/86,1423,16,145.3,false,-1
IC,4184_484,AR/86,1430,KD/86,1513,27,128.4,false,-1
IC,4190,ABL/86,1378,AR/86,1473,20,145.3,false,-1
IC,4192,AB/86,25,AR/86,103,4,139.8,false,-1
RØ,4202,NÆ/86,265,HG/86,392,106,136.9,true,-1
RØ,4206,VO/86,370,HG/86,512,463,164.3,true,-1
RØ,4210,NÆ/86,448,HG/86,572,520,136.9,true,1533_2412_3810_4210
RØ,4214,NÆ/86,508,HG/86,632,265,136.9,true,-1
RØ,4218,NÆ/86,568,HG/86,692,128,136.9,true,-1
RØ,4219,HG/86,268,KH/86,323,60,46.2,true,-1
IC,421_4121,FA/86,489,AR/86,548,138,108.5,false,121_2321_421_4121
IC,421_4121,AR/86,555,ABL/86,644,47,145.3,false,121_2321_421_4121
RØ,4222,NÆ/86,628,HG/86,752,133,136.9,true,-1
RØ,4223,HG/86,328,NÆ/86,452,106,136.9,true,-1
RØ,4226,NÆ/86,688,HG/86,812,154,136.9,true,-1
RØ,4227,HG/86,388,NÆ/86,512,473,136.9,true,-1
RØ,4230,NÆ/86,748,HG/86,872,137,136.9,true,-1
RØ,4231,HG/86,448,NÆ/86,572,413,136.9,true,-1
RØ,4234,NÆ/86,808,HG/86,932,192,136.9,true,-1
RØ,4235,HG/86,508,NÆ/86,632,296,136.9,true,-1
RØ,4238,NÆ/86,868,HG/86,992,352,136.9,true,-1
RØ,4239,HG/86,568,NÆ/86,692,139,136.9,true,-1
RØ,4242,NÆ/86,928,HG/86,1052,411,136.9,true,-1
RØ,4243,HG/86,628,NÆ/86,752,165,136.9,true,-1
RØ,4246,NÆ/86,988,HG/86,1112,208,136.9,true,-1
RØ,4247,HG/86,688,NÆ/86,812,150,136.9,true,-1
RØ,4250,NÆ/86,1048,HG/86,1172,110,136.9,true,-1
RØ,4251,HG/86,748,NÆ/86,872,181,136.9,true,-1
RØ,4254,RO/86,1147,HG/86,1232,83,77.5,true,-1
RØ,4255,HG/86,808,NÆ/86,932,306,136.9,true,-1
RØ,4258,RO/86,1207,HG/86,1292,133,77.5,true,-1
RØ,4259,HG/86,868,NÆ/86,992,435,136.9,true,1536_2459_3859_4259
RØ,4262,RO/86,1267,HG/86,1352,92,77.5,true,-1
RØ,4263,HG/86,928,NÆ/86,1052,484,136.9,true,3463_2463_3863_4263
RØ,4266,RO/86,1327,HG/86,1412,137,77.5,true,-1
RØ,4267,HG/86,988,NÆ/86,1112,349,136.9,true,-1
RØ,4271,HG/86,1048,RO/86,1133,135,77.5,true,-1
RØ,4274,KH/86,37,HG/86,92,32,46.2,true,-1
RØ,4275,HG/86,1108,RO/86,1193,84,77.5,true,-1
RØ,4279,HG/86,1168,RO/86,1253,163,77.5,true,-1
RØ,4283,HG/86,1228,KH/86,1283,78,46.2,true,-1
RØ,4287,HG/86,1288,KH/86,1343,26,46.2,true,-1
RØ,4291_1591,HG/86,1348,KH/86,1403,36,46.2,true,-1
RØ,4291_1591,KH/86,1410,KB/86,1510,102,110.6,false,-1
IC,429_4129,FA/86,609,AR/86,668,92,108.5,false,129_2329_429_4129
IC,429_4129,AR/86,675,ABL/86,764,70,145.3,false,129_2329_429_4129
IC,433_4133,FA/86,669,AR/86,728,119,108.5,false,133_2333_433_4133
IC,433_4133,AR/86,735,ABL/86,824,106,145.3,false,133_2333_433_4133
IC,437_4137,FA/86,729,AR/86,788,135,108.5,false,137_2337_437_4137
IC,437_4137,AR/86,795,ABL/86,884,127,145.3,false,137_2337_437_4137
L,43_4043,CPH/86,686,FA/86,814,324,230.2,true,43_4043_943
L,43_4043,FA/86,818,VJ/86,831,278,25.7,false,43_4043_943
L,43_4043,VJ/86,833,AR/86,878,261,82.8,false,43_4043_943
L,43_4043,AR/86,885,ABL/86,968,169,145.3,false,43_4043_943
RØ,4402,NÆ/86,306,KH/86,373,81,79.2,true,3402_4402_4500
RØ,4406_3406,NÆ/86,366,KH/86,433,253,79.2,true,2204_4406_3406_4804
RØ,4406_3406,KH/86,436,HG/86,486,134,46.2,true,2204_4406_3406_4804
RØ,4410,NÆ/86,426,KH/86,493,307,79.2,true,-1
RØ,4414,NÆ/86,486,KK/86,562,124,82.3,true,2212_4414_4812
RØ,4418,NÆ/86,546,KK/86,622,85,82.3,true,2216_4418_4816
RØ,4421,KH/86,347,NÆ/86,412,28,79.2,true,-1
RØ,4422,NÆ/86,606,KK/86,682,61,82.3,true,2220_4422_4820
RØ,4425,KK/86,398,NÆ/86,472,74,82.3,true,3502_4425
RØ,4426,NÆ/86,666,KK/86,742,54,82.3,true,2224_4426_4824
RØ,4430,NÆ/86,726,KK/86,802,44,82.3,true,2228_4430_4828
RØ,4434_3434,NÆ/86,786,KH/86,853,58,79.2,true,2232_4434_3434_4832
RØ,4434_3434,KH/86,856,HG/86,906,194,46.2,true,2232_4434_3434_4832
RØ,4438_3438,NÆ/86,846,KH/86,913,63,79.2,true,2236_4438_3438_4836
RØ,4438_3438,KH/86,916,HG/86,966,187,46.2,true,2236_4438_3438_4836
RØ,4441,KK/86,638,NÆ/86,712,35,82.3,true,-1
RØ,4442_3442,NÆ/86,906,KH/86,973,90,79.2,true,2240_4442_3442_4840
RØ,4442_3442,KH/86,976,HG/86,1026,214,46.2,true,2240_4442_3442_4840
RØ,4445,KK/86,698,NÆ/86,772,46,82.3,true,-1
RØ,4446_3446,NÆ/86,966,KH/86,1033,79,79.2,true,2244_4446_3446_4844
RØ,4446_3446,KH/86,1036,HG/86,1086,153,46.2,true,2244_4446_3446_4844
RØ,4449,KK/86,758,NÆ/86,832,59,82.3,true,-1
RØ,4450_3450,NÆ/86,1026,KH/86,1093,54,79.2,true,2248_4450_3450_4848
RØ,4450_3450,KH/86,1096,HG/86,1146,139,46.2,true,2248_4450_3450_4848
RØ,4453,KK/86,818,NÆ/86,892,93,82.3,true,-1
RØ,4454,NÆ/86,1086,KK/86,1162,34,82.3,true,2252_4454_4852
RØ,4457,KK/86,878,NÆ/86,952,169,82.3,true,-1
IC,445_4145,FA/86,849,AR/86,908,217,108.5,false,145_2345_445_4145
IC,445_4145,AR/86,915,ABL/86,1004,279,145.3,false,145_2345_445_4145
RØ,4461,KH/86,947,NÆ/86,1012,209,79.2,true,-1
IC,449_4149,FA/86,909,AR/86,968,286,108.5,false,149_2349_449_4149
IC,449_4149,AR/86,975,ABL/86,1064,302,145.3,false,149_2349_449_4149
RØ,4500,KH/86,382,HG/86,437,26,46.2,true,3402_4402_4500
RØ,4504,HK/86,383,HG/86,497,314,113.3,true,-1
RØ,4508,HK/86,443,HG/86,557,507,113.3,true,-1
RØ,4512,HK/86,503,HG/86,617,259,113.3,true,-1
RØ,4516,HK/86,563,HG/86,677,144,113.3,true,-1
RØ,4520,HK/86,623,HG/86,737,126,113.3,true,-1
RØ,4521,KK/86,332,HK/86,397,50,70.2,true,-1
RØ,4524,HK/86,683,HG/86,797,135,113.3,true,-1
RØ,4525,HG/86,343,HK/86,457,108,113.3,true,-1
RØ,4528,HK/86,743,HG/86,857,147,113.3,true,-1
RØ,4529,HG/86,403,HK/86,517,324,113.3,true,-1
RØ,4532,HK/86,803,HG/86,917,169,113.3,true,-1
RØ,4533,HG/86,463,HK/86,577,475,113.3,true,-1
RØ,4536,HK/86,863,HG/86,977,267,113.3,true,-1
RØ,4537,HG/86,523,HK/86,637,148,113.3,true,-1
IC,453_4153,FA/86,969,AR/86,1028,231,108.5,false,153_2353_453_4153
IC,453_4153,AR/86,1035,ABL/86,1124,161,145.3,false,153_2353_453_4153
RØ,4540,HK/86,923,HG/86,1037,316,113.3,true,-1
RØ,4541,HG/86,583,HK/86,697,119,113.3,true,-1
RØ,4544,HK/86,983,HG/86,1097,194,113.3,true,-1
RØ,4545,HG/86,643,HK/86,757,137,113.3,true,-1
RØ,4548,HK/86,1043,HG/86,1157,121,113.3,true,-1
RØ,4549,HG/86,703,HK/86,817,138,113.3,true,-1
RØ,4552,HK/86,1103,HG/86,1217,100,113.3,true,-1
RØ,4553,HG/86,763,HK/86,877,182,113.3,true,-1
RØ,4556,HK/86,1163,HG/86,1277,118,113.3,true,-1
RØ,4557,HG/86,823,HK/86,937,216,113.3,true,-1
RØ,4560,HK/86,1223,HG/86,1337,95,113.3,true,-1
RØ,4561,HG/86,883,HK/86,997,340,113.3,true,-1
RØ,4565,HG/86,943,HK/86,1057,352,113.3,true,-1
RØ,4569,HG/86,1003,HK/86,1117,287,113.3,true,-1
RØ,4573,HG/86,1063,HK/86,1177,156,113.3,true,-1
RØ,4577,HG/86,1123,HK/86,1237,122,113.3,true,-1
RØ,4581,HG/86,1183,HK/86,1297,184,113.3,true,-1
RØ,4585,HG/86,1243,KH/86,1298,87,46.2,true,-1
RØ,4589,HG/86,1303,KH/86,1358,65,46.2,true,-1
IC,461_4161,FA/86,1089,AR/86,1148,128,108.5,false,161_2361_461_4161
IC,461_4161,AR/86,1155,ABL/86,1244,55,145.3,false,161_2361_461_4161
IC,465_4165,FA/86,1149,AR/86,1208,106,108.5,false,165_2365_465_4165
IC,465_4165,AR/86,1215,ABL/86,1304,55,145.3,false,165_2365_465_4165
IC,469,FA/86,1209,AR/86,1268,94,108.5,false,2369_469_80169
RR,4708,FA/86,334,OD/86,376,57,60.3,true,-1
IC,471,FA/86,1269,AR/86,1328,49,108.5,false,173_2371_471
RV,4713_3915,OD/86,340,FA/86,386,17,60.3,true,-1
RV,4713_3915,FA/86,401,AR/86,469,85,108.5,false,-1
RR,4714,FA/86,422,OD/86,468,70,60.3,true,-1
RV,4716,FA/86,450,OD/86,496,45,60.3,true,-1
RV,4719_2921,OD/86,432,FA/86,477,29,60.3,true,-1
RV,4719_2921,FA/86,494,AR/86,563,33,108.5,false,-1
RV,4721,OD/86,460,FA/86,506,30,60.3,true,-1
RV,4729,OD/86,580,FA/86,626,10,60.3,true,-1
RV,4732,FA/86,690,OD/86,736,8,60.3,true,-1
RV,4737,OD/86,704,FA/86,750,15,60.3,true,-1
RV,4740,FA/86,810,OD/86,856,37,60.3,true,-1
RV,4745_3947,OD/86,820,FA/86,866,28,60.3,true,-1
RV,4745_3947,FA/86,881,AR/86,949,165,108.5,false,-1
RV,4748,FA/86,930,OD/86,976,31,60.3,true,-1
RV,4753,OD/86,943,FA/86,989,72,60.3,true,-1
RV,4761,OD/86,1063,FA/86,1109,24,60.3,true,-1
RV,4764,FA/86,1170,OD/86,1216,14,60.3,true,-1
RV,4769,OD/86,1180,FA/86,1226,40,60.3,true,-1
IC,477,FA/86,1329,AR/86,1400,48,108.5,false,177_2377_477
RV,4772,FA/86,1290,OD/86,1336,9,60.3,true,-1
L,47_4047,CPH/86,746,FA/86,874,365,230.2,true,47_4047_747
L,47_4047,FA/86,878,VJ/86,891,383,25.7,false,47_4047_747
L,47_4047,VJ/86,893,AR/86,938,305,82.8,false,47_4047_747
L,47_4047,AR/86,945,ABL/86,1028,249,145.3,false,47_4047_747
RØ,4804,NF/86,307,NÆ/86,346,18,56.2,false,2204_4406_3406_4804
RØ,4808_2208,NF/86,366,NÆ/86,405,16,56.2,false,-1
RØ,4808_2208,NÆ/86,418,HG/86,542,481,136.9,true,-1
RØ,4812,NF/86,427,NÆ/86,466,29,56.2,false,2212_4414_4812
RØ,4816,NF/86,487,NÆ/86,526,25,56.2,false,2216_4418_4816
RØ,4820,NF/86,547,NÆ/86,586,19,56.2,false,2220_4422_4820
RØ,4824,NF/86,607,NÆ/86,646,15,56.2,false,2224_4426_4824
RØ,4828,NF/86,667,NÆ/86,706,14,56.2,false,2228_4430_4828
RØ,4832,NF/86,727,NÆ/86,766,23,56.2,false,2232_4434_3434_4832
RØ,4836,NF/86,787,NÆ/86,826,29,56.2,false,2236_4438_3438_4836
RØ,4840,NF/86,847,NÆ/86,886,42,56.2,false,2240_4442_3442_4840
RØ,4844,NF/86,907,NÆ/86,946,53,56.2,false,2244_4446_3446_4844
RØ,4848,NF/86,967,NÆ/86,1006,34,56.2,false,2248_4450_3450_4848
IC,485,FA/86,9,AR/86,80,7,108.5,false,-1
RØ,4852,NF/86,1027,NÆ/86,1066,21,56.2,false,2252_4454_4852
RØ,4856_2256,NF/86,1087,NÆ/86,1126,13,56.2,false,-1
RØ,4856_2256,NÆ/86,1138,HG/86,1262,104,136.9,true,-1
RØ,4860_2260,NF/86,1147,NÆ/86,1186,9,56.2,false,-1
RØ,4860_2260,NÆ/86,1198,HG/86,1322,88,136.9,true,-1
RØ,4895,KH/86,10,NF/86,114,52,146.9,false,-1
L,51_4051,CPH/86,806,FA/86,934,386,230.2,true,51_4051_951
L,51_4051,FA/86,938,VJ/86,951,322,25.7,false,51_4051_951
L,51_4051,VJ/86,953,AR/86,998,298,82.8,false,51_4051_951
L,51_4051,AR/86,1005,ABL/86,1088,156,145.3,false,51_4051_951
L,55_4055,CPH/86,866,FA/86,994,441,230.2,true,-1
L,55_4055,FA/86,998,VJ/86,1011,379,25.7,false,-1
L,55_4055,VJ/86,1013,AR/86,1058,330,82.8,false,-1
L,55_4055,AR/86,1065,AB/86,1133,111,139.8,false,-1
IC,5750,FLB/80,365,FA/86,450,31,121.6,true,-1
IC,5751,FA/86,270,FLB/80,353,9,121.6,true,-1
IC,5752,FLB/80,485,FA/86,570,30,121.6,true,-1
IC,5753,FA/86,390,FLB/80,473,17,121.6,true,-1
IC,5754,FLB/80,605,FA/86,690,16,121.6,true,-1
IC,5755,FA/86,510,FLB/80,593,65,121.6,true,-1
IC,5756,FLB/80,723,FA/86,810,38,121.6,true,-1
IC,5757,FA/86,630,FLB/80,713,17,121.6,true,-1
IC,5758,FLB/80,845,FA/86,930,37,121.6,true,-1
IC,5759,FA/86,750,FLB/80,833,30,121.6,true,-1
IC,5760,FLB/80,965,FA/86,1050,21,121.6,true,-1
IC,5761,FA/86,870,FLB/80,953,49,121.6,true,-1
IC,5762,FLB/80,1085,FA/86,1170,15,121.6,true,-1
IC,5763,FA/86,990,FLB/80,1073,74,121.6,true,-1
IC,5764,FLB/80,1205,FA/86,1290,34,121.6,true,-1
IC,5765,FA/86,1110,FLB/80,1193,38,121.6,true,-1
IC,5766,FLB/80,1325,FA/86,1410,5,121.6,true,-1
IC,5767,FA/86,1230,FLB/80,1313,46,121.6,true,-1
L,59_4059,CPH/86,926,FA/86,1054,653,230.2,true,59_4059_959
L,59_4059,FA/86,1058,VJ/86,1071,407,25.7,false,59_4059_959
L,59_4059,VJ/86,1073,AR/86,1118,355,82.8,false,59_4059_959
L,59_4059,AR/86,1125,AB/86,1193,90,139.8,false,59_4059_959
L,6,AR/86,254,VJ/86,304,54,82.8,false,-1
L,6,VJ/86,306,FA/86,321,58,25.7,false,-1
L,6,FA/86,327,CPH/86,452,246,230.2,true,-1
L,608,OD/86,379,KH/86,458,368,158.1,true,-1
M,6314,CPH/86,695,KH/86,709,0,11.8,true,-1
M,6320,CPH/86,768,HGL/86,799,0,17.0,true,-1
M,6322,KK/86,670,HGL/86,672,0,2.1,true,-1
M,6343,KH/86,730,CPH/86,744,0,11.8,true,-1
M,6348,KH/86,580,HGL/86,590,0,5.2,true,-1
M,6370,KK/86,1311,KH/86,1317,0,3.1,true,-1
L,63_4063,CPH/86,986,FA/86,1114,589,230.2,true,63_4063_763
L,63_4063,FA/86,1118,VJ/86,1131,364,25.7,false,63_4063_763
L,63_4063,VJ/86,1133,AR/86,1178,337,82.8,false,63_4063_763
L,63_4063,AR/86,1185,AB/86,1253,78,139.8,false,63_4063_763
M,6431,HGL/86,669,CPH/86,695,0,17.0,true,-1
M,6432,KH/86,815,CPH/86,828,0,11.8,true,-1
M,6459,HGL/86,754,KK/86,757,0,2.1,true,-1
L,649,KH/86,802,FA/86,907,50,218.4,true,-1
L,659,KH/86,922,FA/86,1027,176,218.4,true,-1
L,67_4067,CPH/86,1047,FA/86,1174,380,230.2,true,67_4067_967
L,67_4067,FA/86,1178,VJ/86,1191,270,25.7,false,67_4067_967
L,67_4067,VJ/86,1193,AR/86,1238,233,82.8,false,67_4067_967
L,67_4067,AR/86,1245,AB/86,1313,87,139.8,false,67_4067_967
M,7085,FA/86,1315,AR/86,1395,0,108.5,false,-1
M,7087,KD/86,83,FA/86,102,0,19.9,true,-1
M,7098,AR/86,145,FA/86,225,0,108.5,false,-1
L,71,CPH/86,1106,FA/86,1234,232,230.2,true,-1
L,71,FA/86,1238,VJ/86,1251,208,25.7,false,-1
L,71,VJ/86,1253,AR/86,1298,205,82.8,false,-1
L,722,STR/86,424,FA/86,554,75,155.4,false,4022_22_722
L,723,FA/86,523,STR/86,648,67,155.4,false,23_4023_723
L,731,FA/86,643,STR/86,768,72,155.4,false,31_4031_731
L,738,STR/86,664,FA/86,794,82,155.4,false,4038_38_738
L,746,STR/86,784,FA/86,914,124,155.4,false,4046_46_746
L,747,VJ/86,899,STR/86,1008,76,129.7,false,47_4047_747
L,75,CPH/86,1166,FA/86,1294,248,230.2,true,75_975
L,75,FA/86,1298,VJ/86,1311,161,25.7,false,75_975
L,75,VJ/86,1313,AR/86,1358,131,82.8,false,75_975
L,762,STR/86,1024,FA/86,1154,52,155.4,false,4062_62_762
L,763,FA/86,1123,STR/86,1248,97,155.4,false,63_4063_763
L,79,CPH/86,1226,FA/86,1354,308,230.2,true,-1
L,79,FA/86,1358,VJ/86,1371,116,25.7,false,-1
L,79,VJ/86,1373,AR/86,1418,115,82.8,false,-1
IC,80108,FA/86,356,HGL/86,505,445,225.8,true,-1
IC,80169,HGL/86,1055,FA/86,1202,194,225.8,true,2369_469_80169
IC,802,OD/86,300,HGL/86,403,246,163.3,true,-1
IC,806,ES/86,272,OD/86,352,35,142.3,true,206_806
IC,806,OD/86,360,HGL/86,463,529,163.3,true,206_806
IC,810,ES/86,332,OD/86,412,141,142.3,true,208_810
IC,810,OD/86,420,HGL/86,523,558,163.3,true,208_810
IC,814,ES/86,392,OD/86,472,191,142.3,true,214_814
IC,814,OD/86,480,HGL/86,583,305,163.3,true,214_814
IC,815,OD/86,369,ES/86,456,88,142.3,true,-1
IC,818,ES/86,451,OD/86,532,112,142.3,true,-1
IC,818,OD/86,540,HGL/86,643,143,163.3,true,-1
IC,819,HGL/86,316,OD/86,420,109,163.3,true,-1
IC,819,OD/86,429,ES/86,506,145,142.3,true,-1
IC,822,ES/86,511,OD/86,592,74,142.3,true,-1
IC,822,OD/86,600,KK/86,697,158,161.2,true,-1
IC,823,KK/86,383,OD/86,480,186,161.2,true,-1
IC,823,OD/86,489,ES/86,566,137,142.3,true,-1
IC,826,ES/86,572,OD/86,652,54,142.3,true,-1
IC,826,OD/86,660,HGL/86,763,140,163.3,true,-1
IC,827,HGL/86,436,OD/86,540,259,163.3,true,227_827
IC,827,OD/86,549,ES/86,626,107,142.3,true,227_827
IC,830,ES/86,632,OD/86,712,98,142.3,true,-1
IC,830,OD/86,720,HGL/86,823,155,163.3,true,-1
IC,831,HGL/86,496,OD/86,600,155,163.3,true,-1
IC,831,OD/86,609,ES/86,686,84,142.3,true,-1
IC,834,ES/86,692,OD/86,772,102,142.3,true,-1
IC,834,OD/86,780,HGL/86,883,205,163.3,true,-1
IC,835,HGL/86,556,OD/86,660,114,163.3,true,-1
IC,835,OD/86,669,ES/86,746,74,142.3,true,-1
IC,838,ES/86,752,OD/86,832,106,142.3,true,238_838
IC,838,OD/86,840,HGL/86,943,175,163.3,true,238_838
IC,839,KK/86,623,OD/86,720,157,161.2,true,-1
IC,839,OD/86,729,ES/86,806,104,142.3,true,-1
IC,842,ES/86,812,OD/86,892,152,142.3,true,242_842
IC,842,OD/86,900,HGL/86,1003,242,163.3,true,242_842
IC,843,HGL/86,676,OD/86,780,157,163.3,true,-1
IC,843,OD/86,789,ES/86,866,116,142.3,true,-1
IC,846,ES/86,872,OD/86,952,177,142.3,true,246_846
IC,846,OD/86,960,HGL/86,1063,232,163.3,true,246_846
IC,847,HGL/86,736,OD/86,840,139,163.3,true,-1
IC,847,OD/86,849,ES/86,926,91,142.3,true,-1
IC,850,ES/86,932,OD/86,1012,174,142.3,true,250_850
IC,850,OD/86,1020,HGL/86,1123,165,163.3,true,250_850
IC,851,HGL/86,796,OD/86,900,189,163.3,true,251_851
IC,851,OD/86,909,ES/86,986,148,142.3,true,251_851
IC,854,ES/86,992,OD/86,1072,105,142.3,true,-1
IC,854,OD/86,1080,HGL/86,1183,119,163.3,true,-1
IC,855,HGL/86,856,OD/86,960,314,163.3,true,255_855
IC,855,OD/86,969,ES/86,1046,171,142.3,true,255_855
IC,858,ES/86,1052,OD/86,1132,70,142.3,true,-1
IC,858,OD/86,1140,HGL/86,1243,99,163.3,true,-1
IC,859,HGL/86,916,OD/86,1020,561,163.3,true,259_859
IC,859,OD/86,1029,ES/86,1106,205,142.3,true,259_859
IC,862,ES/86,1112,OD/86,1192,32,142.3,true,-1
IC,862,OD/86,1200,KK/86,1297,93,161.2,true,-1
IC,863,HGL/86,976,OD/86,1080,583,163.3,true,263_863
IC,863,OD/86,1089,ES/86,1166,155,142.3,true,263_863
IC,866,ES/86,1172,OD/86,1252,46,142.3,true,-1
IC,866,OD/86,1260,KK/86,1360,61,161.2,true,-1
IC,867,HGL/86,1036,OD/86,1140,372,163.3,true,-1
IC,867,OD/86,1149,ES/86,1226,114,142.3,true,-1
IC,871,HGL/86,1096,OD/86,1200,158,163.3,true,-1
IC,871,OD/86,1209,ES/86,1286,75,142.3,true,-1
IC,875_2383,HGL/86,1156,OD/86,1260,174,163.3,true,-1
IC,875_2383,OD/86,1269,ES/86,1346,80,142.3,true,-1
IC,875_2383,ES/86,1361,FA/86,1425,26,88.5,true,-1
IC,879,HGL/86,1216,OD/86,1320,191,163.3,true,-1
IC,883,HGL/86,1276,OD/86,1380,123,163.3,true,-1
M,9000,KH/86,300,HG/86,332,0,46.2,true,-1
M,9017,HGL/86,264,RO/86,299,0,36.5,true,-1
M,9024,KH/86,748,HG/86,801,0,46.2,true,-1
M,9043,HG/86,633,KK/86,684,0,43.1,true,-1
L,910,SDB/86,284,FA/86,377,67,136.5,true,10_910
L,911,FA/86,341,SDB/86,432,13,136.5,true,11_4011_911
M,9111,NÆ/86,281,VO/86,295,0,27.4,true,-1
M,9113,VO/86,314,NF/86,329,0,28.8,false,-1
M,9115,NÆ/86,341,VO/86,355,0,27.4,true,-1
M,9163,RO/86,1008,NÆ/86,1040,0,59.4,true,-1
M,9176,RO/86,60,KK/86,92,0,34.4,true,-1
M,9179,SG/86,1279,OD/86,1312,0,67.4,true,-1
L,918,SDB/86,404,FA/86,497,87,136.5,true,4018_18_918
L,919,FA/86,461,SDB/86,552,64,136.5,true,19_4019_919
L,926,SDB/86,524,FA/86,617,87,136.5,true,4026_26_926
L,927,FA/86,581,SDB/86,672,64,136.5,true,27_4027_927
M,9300,CPH/86,192,KH/86,205,0,11.8,true,-1
M,9301,KH/86,75,CPH/86,88,0,11.8,true,-1
M,9302,CPH/86,222,KH/86,235,0,11.8,true,-1
M,9303,KH/86,85,CPH/86,97,0,11.8,true,-1
M,9323,KH/86,382,CPH/86,396,0,11.8,true,-1
L,934,SDB/86,644,FA/86,737,73,136.5,true,4034_34_934
L,935,FA/86,701,SDB/86,792,63,136.5,true,35_4035_935
M,9360,CPH/86,1243,KH/86,1256,0,11.8,true,-1
M,9362,CPH/86,1239,KH/86,1252,0,11.8,true,-1
M,9387,KH/86,1321,CPH/86,1334,0,11.8,true,-1
M,940387,AA/80,285,HMB/80,294,0,6.9,true,-1
M,940397,HMB/80,1164,AA/80,1177,0,6.9,true,-1
L,942,SDB/86,764,FA/86,857,67,136.5,true,4042_42_942
L,943,FA/86,821,SDB/86,912,105,136.5,true,43_4043_943
L,950,SDB/86,884,FA/86,977,78,136.5,true,4050_50_950
L,951,FA/86,941,SDB/86,1032,111,136.5,true,51_4051_951
L,958,SDB/86,1004,FA/86,1097,55,136.5,true,4058_58_958
L,959,FA/86,1061,SDB/86,1152,109,136.5,true,59_4059_959
L,966,SDB/86,1124,FA/86,1217,32,136.5,true,4066_66_966
L,967,FA/86,1181,SDB/86,1272,65,136.5,true,67_4067_967
M,9676,KH/86,64,KK/86,70,0,3.1,true,-1
M,9700,KH/86,373,HGL/86,382,0,5.2,true,-1
M,9701,HGL/86,76,CPH/86,101,0,17.0,true,-1
M,9702,CPH/86,369,HGL/86,397,0,17.0,true,-1
M,9720,KK/86,692,HGL/86,696,0,2.1,true,-1
M,9730,KH/86,820,HGL/86,830,0,5.2,true,-1
RR,974_2776,SDB/86,1244,FA/86,1337,17,136.5,true,-1
RR,974_2776,FA/86,1347,OD/86,1401,15,60.3,true,-1
L,975,FA/86,1301,SDB/86,1392,43,136.5,true,75_975
M,9782,CPH/86,152,HGL/86,179,0,17.0,true,-1
M,9783,HGL/86,1267,KH/86,1277,0,5.2,true,-1
M,9784,CPH/86,170,HGL/86,192,0,17.0,true,-1
M,9785,HGL/86,1297,CPH/86,1326,0,17.0,true,-1
M,9795,HGL/86,9,KH/86,20,0,5.2,true,-1
M,9797,HGL/86,39,CPH/86,64,0,17.0,true,-1
RR,982,SDB/86,1364,FA/86,1457,2,136.5,true,-1
RR,983,FA/86,1436,SDB/86,1527,8,136.5,true,-1
