TripId,TrainCategory,TrainId,FromStation,ToStation,Departure,Arrival,Demand,Composition
2,L,6,AR/86,VJ/86,254,304,54,1xICU
3,L,6,VJ/86,FA/86,306,321,58,1xICU
4,L,6,FA/86,CPH/86,327,452,246,2xICU
7,L,10,AR/86,VJ/86,320,364,153,2xICA
8,L,10,VJ/86,FA/86,366,381,203,2xICA
9,L,10,FA/86,CPH/86,387,512,614,"1xERF, 3xICA"
12,L,11,OD/86,FA/86,303,334,10,1xICA
13,L,11,FA/86,VJ/86,338,351,15,2xICA
14,L,11,VJ/86,AR/86,353,398,69,1xICA
17,L,14,AR/86,VJ/86,380,424,413,3xICA
18,L,14,VJ/86,FA/86,426,441,462,4xICA
19,L,14,FA/86,CPH/86,447,572,663,"1xERF, 4xICA"
22,L,15,OD/86,FA/86,366,394,92,1xMGA
23,L,15,FA/86,VJ/86,396,409,126,1xMGA
24,L,15,VJ/86,AR/86,411,455,182,1xMGA
27,L,18,AR/86,VJ/86,440,484,485,4xICA
28,L,18,VJ/86,FA/86,486,501,467,4xICA
29,L,18,FA/86,CPH/86,507,632,492,4xICA
32,L,19,CPH/86,FA/86,326,454,332,"1xERF, 2xICA"
33,L,19,FA/86,VJ/86,458,471,300,2xICA
34,L,19,VJ/86,AR/86,473,518,232,2xICA
37,L,22,AR/86,VJ/86,500,544,280,2xICA
38,L,22,VJ/86,FA/86,546,561,268,2xICA
39,L,22,FA/86,CPH/86,567,692,337,"1xERF, 2xICA"
42,L,23,CPH/86,FA/86,386,514,414,"1xERF, 2xICA"
43,L,23,FA/86,VJ/86,518,531,253,2xICA
44,L,23,VJ/86,AR/86,533,578,226,2xICA
47,L,26,AR/86,VJ/86,560,604,226,2xICA
48,L,26,VJ/86,FA/86,606,621,257,2xICA
49,L,26,FA/86,CPH/86,627,752,373,"1xERF, 2xICA"
52,L,27,CPH/86,FA/86,446,574,482,"1xERF, 2xICA"
53,L,27,FA/86,VJ/86,578,591,231,2xICA
54,L,27,VJ/86,AR/86,593,638,195,2xICA
57,L,30,AR/86,VJ/86,620,664,253,2xICA
58,L,30,VJ/86,FA/86,666,681,278,2xICA
59,L,30,FA/86,CPH/86,687,812,333,3xICA
62,L,31,CPH/86,FA/86,506,634,350,"1xERF, 2xICA"
63,L,31,FA/86,VJ/86,638,651,227,2xICA
64,L,31,VJ/86,AR/86,653,698,218,2xICA
67,L,34,AR/86,VJ/86,680,724,226,2xICA
68,L,34,VJ/86,FA/86,726,741,248,2xICA
69,L,34,FA/86,CPH/86,747,872,348,"1xERF, 2xICA"
72,L,35,CPH/86,FA/86,566,694,237,2xICA
73,L,35,FA/86,VJ/86,698,711,160,2xICA
74,L,35,VJ/86,AR/86,713,758,146,1xICA
77,L,38,AR/86,VJ/86,740,784,221,2xICA
78,L,38,VJ/86,FA/86,786,801,229,2xICA
79,L,38,FA/86,CPH/86,807,932,388,"1xERF, 2xICA"
82,L,39,CPH/86,FA/86,626,754,322,"1xERF, 2xICA"
83,L,39,FA/86,VJ/86,758,771,295,2xICA
84,L,39,VJ/86,AR/86,773,818,263,2xICA
87,L,42,AR/86,VJ/86,800,844,267,2xICA
88,L,42,VJ/86,FA/86,846,861,298,2xICA
89,L,42,FA/86,CPH/86,867,992,419,"1xERF, 2xICA"
92,L,43,CPH/86,FA/86,686,814,324,"1xERF, 2xICA"
93,L,43,FA/86,VJ/86,818,831,278,2xICA
94,L,43,VJ/86,AR/86,833,878,261,2xICA
97,L,46,AR/86,VJ/86,860,904,247,2xICA
98,L,46,VJ/86,FA/86,906,921,264,2xICA
99,L,46,FA/86,CPH/86,927,1052,409,"1xERF, 2xICA"
102,L,47,CPH/86,FA/86,746,874,365,3xICA
103,L,47,FA/86,VJ/86,878,891,383,3xICA
104,L,47,VJ/86,AR/86,893,938,305,3xICA
107,L,50,AR/86,VJ/86,920,964,306,3xICA
108,L,50,VJ/86,FA/86,966,981,360,3xICA
109,L,50,FA/86,CPH/86,987,1112,494,"1xERF, 3xICA"
112,L,51,CPH/86,FA/86,806,934,386,3xICA
113,L,51,FA/86,VJ/86,938,951,322,3xICA
114,L,51,VJ/86,AR/86,953,998,298,2xICA
117,L,54,AR/86,VJ/86,980,1024,340,3xICA
118,L,54,VJ/86,FA/86,1026,1041,385,3xICA
119,L,54,FA/86,CPH/86,1047,1172,393,3xICA
122,L,55,CPH/86,FA/86,866,994,441,3xICA
123,L,55,FA/86,VJ/86,998,1011,379,3xICA
124,L,55,VJ/86,AR/86,1013,1058,330,3xICA
127,L,58,AR/86,VJ/86,1040,1084,251,2xICA
128,L,58,VJ/86,FA/86,1086,1101,280,2xICA
129,L,58,FA/86,CPH/86,1107,1232,309,"1xERF, 2xICA"
132,L,59,CPH/86,FA/86,926,1054,653,"1xERF, 3xICA"
133,L,59,FA/86,VJ/86,1058,1071,407,3xICA
134,L,59,VJ/86,AR/86,1073,1118,355,3xICA
137,L,62,AR/86,VJ/86,1100,1144,147,1xICA
138,L,62,VJ/86,FA/86,1146,1161,139,1xICA
139,L,62,FA/86,CPH/86,1167,1292,205,"1xERF, 1xICA"
142,L,63,CPH/86,FA/86,986,1114,589,"1xERF, 3xICA"
143,L,63,FA/86,VJ/86,1118,1131,364,3xICA
144,L,63,VJ/86,AR/86,1133,1178,337,3xICA
147,L,66,AR/86,VJ/86,1160,1204,106,1xICA
148,L,66,VJ/86,FA/86,1206,1221,119,1xICA
149,L,66,FA/86,CPH/86,1227,1352,182,"1xERF, 1xICA"
152,L,67,CPH/86,FA/86,1047,1174,380,"1xERF, 2xICA"
153,L,67,FA/86,VJ/86,1178,1191,270,2xICA
154,L,67,VJ/86,AR/86,1193,1238,233,2xICA
157,L,70,AR/86,VJ/86,1220,1264,183,1xMGA
158,L,70,VJ/86,FA/86,1266,1281,173,1xMGA
159,L,70,FA/86,CPH/86,1287,1412,170,1xMGA
162,L,71,CPH/86,FA/86,1106,1234,232,2xICU
163,L,71,FA/86,VJ/86,1238,1251,208,2xICU
164,L,71,VJ/86,AR/86,1253,1298,205,2xICU
167,L,74,AR/86,VJ/86,1280,1324,38,1xICA
168,L,74,VJ/86,FA/86,1326,1341,15,3xICA
171,L,75,CPH/86,FA/86,1166,1294,248,2xICA
172,L,75,FA/86,VJ/86,1298,1311,161,2xICA
173,L,75,VJ/86,AR/86,1313,1358,131,1xICA
176,L,79,CPH/86,FA/86,1226,1354,308,"1xERF, 1xICA"
177,L,79,FA/86,VJ/86,1358,1371,116,1xICA
178,L,79,VJ/86,AR/86,1373,1418,115,1xICA
181,IC,100,OD/86,KK/86,249,361,141,1xICA
184,IC,101,KH/86,FA/86,35,177,115,1xICA
185,IC,101,FA/86,AR/86,183,248,69,1xICA
188,IC,104,FA/86,KK/86,296,439,319,1xEB15Talgo
191,IC,107,KH/86,FA/86,155,295,53,"1xERF, 1xICA"
192,IC,107,FA/86,AR/86,305,365,96,1xICA
195,IC,112,FA/86,HGL/86,416,565,391,1xEB15Talgo
198,IC,113,KH/86,FA/86,230,362,49,1xEB15Talgo
201,IC,116,FA/86,HGL/86,476,625,169,1xERF
204,IC,117,KH/86,FA/86,290,422,107,1xERF
207,IC,120,AR/86,FA/86,470,531,254,2xICA
208,IC,120,FA/86,KK/86,536,679,146,1xICA
211,IC,121,KH/86,FA/86,350,482,212,1xEB4DD
214,IC,124,FA/86,KH/86,596,730,135,1xERF
217,IC,125,KK/86,FA/86,401,542,305,"1xERF, 1xICA"
218,IC,125,FA/86,AR/86,549,608,115,1xICA
221,IC,128,FA/86,KK/86,656,799,125,1xEB15Talgo
224,IC,129,KK/86,FA/86,461,602,252,1xEB15Talgo
227,IC,132,FA/86,HGL/86,716,869,165,1xERF
230,IC,133,HGL/86,FA/86,515,662,151,1xERF
233,IC,136,AR/86,FA/86,710,771,103,1xICA
234,IC,136,FA/86,HGL/86,776,929,250,"1xERF, 1xICA"
237,IC,137,KH/86,FA/86,590,722,85,1xERF
240,IC,140,FA/86,KK/86,836,979,236,1xEB4DD
243,IC,141,KH/86,FA/86,650,782,121,1xICU
244,IC,141,FA/86,AR/86,789,848,111,1xICU
247,IC,144,FA/86,HGL/86,896,1049,262,1xEB4DD
250,IC,145,KK/86,FA/86,701,842,123,1xEB4DD
253,IC,148,FA/86,KK/86,956,1099,187,1xERF
256,IC,149,KK/86,FA/86,761,902,141,1xERF
259,IC,152,AR/86,FA/86,950,1011,149,1xICA
260,IC,152,FA/86,KH/86,1016,1150,145,1xICA
263,IC,153,KK/86,FA/86,821,962,241,1xEB4DD
266,IC,156,FA/86,KK/86,1076,1219,85,1xERF
269,IC,157,HGL/86,FA/86,874,1022,465,"1xERF, 2xICA"
270,IC,157,FA/86,AR/86,1029,1088,151,1xICA
273,IC,160,FA/86,KH/86,1136,1270,80,1xEB5DD
276,IC,161,HGL/86,FA/86,934,1082,519,1xEB5DD
279,IC,164,FA/86,KH/86,1196,1330,92,1xEB4DD
282,IC,165,KK/86,FA/86,1001,1142,395,1xEB4DD
285,IC,168,FA/86,KH/86,1256,1390,58,1xEB4DD
288,IC,172,FA/86,KH/86,1316,1450,61,1xEB4DD
291,IC,173,KK/86,FA/86,1121,1262,130,1xICA
294,IC,176,AR/86,FA/86,1310,1371,82,1xICU
295,IC,176,FA/86,KH/86,1376,1510,68,1xICU
298,IC,177,HGL/86,FA/86,1174,1322,125,1xICA
301,IC,181,KH/86,FA/86,1250,1382,166,1xMGA
302,IC,181,FA/86,AR/86,1388,1458,31,1xMGA
305,IC,182,AR/86,FA/86,1370,1431,53,1xICA
306,IC,182,FA/86,KH/86,1436,1585,84,1xICA
309,IC,185,KH/86,OD/86,1310,1408,163,1xERF
312,IC,190,AR/86,FA/86,40,111,35,1xICA
313,IC,190,FA/86,KH/86,116,265,151,1xICA
316,IC,191,KH/86,FA/86,1370,1502,340,3xICA
317,IC,191,FA/86,AR/86,1508,1578,170,2xICA
320,IC,193,KH/86,OD/86,1430,1528,213,1xERF
323,RØ,200,RO/86,CPH/86,320,354,60,1xERF
326,IC,202,OD/86,CPH/86,307,414,162,1xERF
329,IC,206,OD/86,CPH/86,369,474,249,2xERF
332,IC,208,OD/86,CPH/86,429,534,238,"1xERF, 1xICA"
335,IC,214,OD/86,CPH/86,490,594,143,1xERF
338,RØ,218,SG/86,CPH/86,584,654,70,1xERF
341,RØ,222,SG/86,CPH/86,644,714,74,1xERF
344,IC,223,CPH/86,OD/86,365,468,188,1xERF
347,RØ,226,SG/86,CPH/86,704,774,87,1xERF
350,IC,227,CPH/86,OD/86,425,530,208,1xERF
353,RØ,230,SG/86,CPH/86,764,834,74,1xERF
356,RØ,231,CPH/86,SG/86,485,555,109,1xERF
359,RØ,234,SG/86,CPH/86,824,894,134,1xEB15Talgo
362,RØ,235,CPH/86,SG/86,545,615,72,1xERF
365,IC,238,OD/86,CPH/86,849,954,218,1xERF
368,RØ,239,CPH/86,SG/86,605,675,46,1xERF
371,IC,242,OD/86,CPH/86,909,1014,179,1xERF
374,RØ,243,CPH/86,SG/86,665,735,42,1xERF
377,IC,246,OD/86,CPH/86,969,1074,97,1xERF
380,RØ,247,CPH/86,SG/86,725,795,42,1xEB15Talgo
383,IC,250,OD/86,CPH/86,1029,1134,70,1xEB15Talgo
386,IC,251,CPH/86,OD/86,785,890,138,1xERF
389,RØ,254,SG/86,CPH/86,1124,1194,44,1xERF
392,IC,255,CPH/86,OD/86,845,950,217,1xERF
395,RØ,258,SG/86,CPH/86,1184,1254,63,1xERF
398,IC,259,CPH/86,OD/86,905,1010,347,1xEB15Talgo
401,RØ,262,SG/86,CPH/86,1244,1314,27,1xEB15Talgo
404,IC,263,CPH/86,OD/86,965,1070,248,"1xERF, 1xICA"
407,RØ,266,RO/86,CPH/86,1340,1374,12,1xEB15Talgo
410,RØ,267,CPH/86,SG/86,1025,1095,87,1xERF
413,RØ,270,RO/86,CPH/86,1400,1434,10,1xEB15Talgo
416,RØ,271,CPH/86,SG/86,1085,1155,69,1xERF
419,RØ,274,RO/86,CPH/86,20,54,13,1xMGA
422,RØ,275,CPH/86,SG/86,1145,1215,44,1xEB15Talgo
425,RØ,279,CPH/86,SG/86,1205,1275,64,1xERF
428,RØ,283,CPH/86,RO/86,1265,1299,73,1xERF
431,RØ,287,CPH/86,RO/86,1325,1359,24,1xEB15Talgo
434,RØ,291,CPH/86,RO/86,1385,1419,35,1xMGA
437,RØ,295,CPH/86,RO/86,5,39,9,2xICA
440,EX,392,HMB/80,KH/86,1130,1417,25,1xERF
443,EX,393,KH/86,HMB/80,502,786,229,1xEB4DD
446,EX,394,HMB/80,KH/86,893,1178,232,1xEB4DD
449,EX,395,KH/86,HMB/80,742,1024,282,1xEB4DD
452,EX,396,HMB/80,KH/86,653,938,274,1xEB15Talgo
455,EX,397,KH/86,HMB/80,862,1144,149,1xEB15Talgo
458,EX,398,HMB/80,KH/86,535,818,243,1xEB15Talgo
461,EX,399,KH/86,HMB/80,982,1264,201,1xEB15Talgo
464,IC,412,AR/86,FA/86,350,409,162,2xICA
467,IC,413,FA/86,AR/86,369,428,167,1xMGA
470,IC,416,AR/86,FA/86,410,469,239,2xICA
473,IC,417,FA/86,AR/86,429,488,213,2xICA
476,IC,421,FA/86,AR/86,489,548,138,1xICA
479,IC,424,AR/86,FA/86,530,589,151,1xICA
482,IC,428,AR/86,FA/86,590,649,69,1xICA
485,IC,429,FA/86,AR/86,609,668,92,1xICA
488,IC,432,AR/86,FA/86,650,709,96,1xICA
491,IC,433,FA/86,AR/86,669,728,119,1xICA
494,IC,437,FA/86,AR/86,729,788,135,1xICA
497,IC,440,AR/86,FA/86,770,829,113,1xICA
500,IC,444,AR/86,FA/86,830,889,230,2xICA
503,IC,445,FA/86,AR/86,849,908,217,2xICA
506,IC,448,AR/86,FA/86,890,949,127,1xICU
509,IC,449,FA/86,AR/86,909,968,286,2xICA
512,IC,453,FA/86,AR/86,969,1028,231,2xICA
515,IC,456,AR/86,FA/86,1010,1069,151,1xICA
518,IC,460,AR/86,FA/86,1070,1129,87,1xICU
521,IC,461,FA/86,AR/86,1089,1148,128,1xICA
524,IC,464,AR/86,FA/86,1130,1189,100,1xICA
527,IC,465,FA/86,AR/86,1149,1208,106,1xICA
530,IC,468,AR/86,FA/86,1190,1249,52,1xICA
533,IC,469,FA/86,AR/86,1209,1268,94,1xICA
536,IC,471,FA/86,AR/86,1269,1328,49,1xICU
539,IC,474,AR/86,FA/86,1250,1309,95,1xICA
542,IC,477,FA/86,AR/86,1329,1400,48,1xICA
545,IC,484,AR/86,KD/86,1430,1513,27,1xICU
548,IC,485,FA/86,AR/86,9,80,7,1xICU
551,L,608,OD/86,KH/86,379,458,368,"1xERF, 1xICA"
554,L,649,KH/86,FA/86,802,907,50,1xERF
557,L,659,KH/86,FA/86,922,1027,176,1xERF
560,L,722,STR/86,FA/86,424,554,75,1xICA
563,L,723,FA/86,STR/86,523,648,67,1xICA
566,L,731,FA/86,STR/86,643,768,72,1xICA
569,L,738,STR/86,FA/86,664,794,82,1xICA
572,L,746,STR/86,FA/86,784,914,124,1xICA
575,L,747,VJ/86,STR/86,899,1008,76,1xICA
578,L,762,STR/86,FA/86,1024,1154,52,1xICA
581,L,763,FA/86,STR/86,1123,1248,97,1xICA
584,IC,802,OD/86,HGL/86,300,403,246,"1xERF, 1xICA"
587,IC,806,ES/86,OD/86,272,352,35,1xERF
588,IC,806,OD/86,HGL/86,360,463,529,"1xICA, 2xERF"
591,IC,810,ES/86,OD/86,332,412,141,1xICA
592,IC,810,OD/86,HGL/86,420,523,558,"1xICA, 2xERF"
595,IC,814,ES/86,OD/86,392,472,191,1xERF
596,IC,814,OD/86,HGL/86,480,583,305,2xERF
599,IC,815,OD/86,ES/86,369,456,88,1xERF
602,IC,818,ES/86,OD/86,451,532,112,1xERF
603,IC,818,OD/86,HGL/86,540,643,143,1xERF
606,IC,819,HGL/86,OD/86,316,420,109,4xERF
607,IC,819,OD/86,ES/86,429,506,145,1xERF
610,IC,822,ES/86,OD/86,511,592,74,1xERF
611,IC,822,OD/86,KK/86,600,697,158,1xERF
614,IC,823,KK/86,OD/86,383,480,186,2xERF
615,IC,823,OD/86,ES/86,489,566,137,1xERF
618,IC,826,ES/86,OD/86,572,652,54,1xERF
619,IC,826,OD/86,HGL/86,660,763,140,1xERF
622,IC,827,HGL/86,OD/86,436,540,259,1xEB5DD
623,IC,827,OD/86,ES/86,549,626,107,1xEB5DD
626,IC,830,ES/86,OD/86,632,712,98,1xEB5DD
627,IC,830,OD/86,HGL/86,720,823,155,1xEB5DD
630,IC,831,HGL/86,OD/86,496,600,155,1xERF
631,IC,831,OD/86,ES/86,609,686,84,1xERF
634,IC,834,ES/86,OD/86,692,772,102,1xERF
635,IC,834,OD/86,HGL/86,780,883,205,1xERF
638,IC,835,HGL/86,OD/86,556,660,114,1xERF
639,IC,835,OD/86,ES/86,669,746,74,1xERF
642,IC,838,ES/86,OD/86,752,832,106,1xERF
643,IC,838,OD/86,HGL/86,840,943,175,1xERF
646,IC,839,KK/86,OD/86,623,720,157,1xEB15Talgo
647,IC,839,OD/86,ES/86,729,806,104,1xEB15Talgo
650,IC,842,ES/86,OD/86,812,892,152,1xEB15Talgo
651,IC,842,OD/86,HGL/86,900,1003,242,1xEB15Talgo
654,IC,843,HGL/86,OD/86,676,780,157,1xEB4DD
655,IC,843,OD/86,ES/86,789,866,116,1xEB4DD
658,IC,846,ES/86,OD/86,872,952,177,1xEB4DD
659,IC,846,OD/86,HGL/86,960,1063,232,1xEB4DD
662,IC,847,HGL/86,OD/86,736,840,139,1xERF
663,IC,847,OD/86,ES/86,849,926,91,1xERF
666,IC,850,ES/86,OD/86,932,1012,174,1xERF
667,IC,850,OD/86,HGL/86,1020,1123,165,1xERF
670,IC,851,HGL/86,OD/86,796,900,189,1xERF
671,IC,851,OD/86,ES/86,909,986,148,1xERF
674,IC,854,ES/86,OD/86,992,1072,105,1xERF
675,IC,854,OD/86,HGL/86,1080,1183,119,1xERF
678,IC,855,HGL/86,OD/86,856,960,314,1xEB15Talgo
679,IC,855,OD/86,ES/86,969,1046,171,1xEB15Talgo
682,IC,858,ES/86,OD/86,1052,1132,70,1xEB15Talgo
683,IC,858,OD/86,HGL/86,1140,1243,99,1xEB15Talgo
686,IC,859,HGL/86,OD/86,916,1020,561,"1xICA, 2xERF"
687,IC,859,OD/86,ES/86,1029,1106,205,1xERF
690,IC,862,ES/86,OD/86,1112,1192,32,1xERF
691,IC,862,OD/86,KK/86,1200,1297,93,1xERF
694,IC,863,HGL/86,OD/86,976,1080,583,"1xICA, 2xERF"
695,IC,863,OD/86,ES/86,1089,1166,155,1xERF
698,IC,866,ES/86,OD/86,1172,1252,46,1xERF
699,IC,866,OD/86,KK/86,1260,1360,61,1xERF
702,IC,867,HGL/86,OD/86,1036,1140,372,1xEB15Talgo
703,IC,867,OD/86,ES/86,1149,1226,114,1xEB15Talgo
706,IC,871,HGL/86,OD/86,1096,1200,158,1xERF
707,IC,871,OD/86,ES/86,1209,1286,75,1xERF
710,IC,875,HGL/86,OD/86,1156,1260,174,1xERF
711,IC,875,OD/86,ES/86,1269,1346,80,1xERF
714,IC,879,HGL/86,OD/86,1216,1320,191,1xERF
717,IC,883,HGL/86,OD/86,1276,1380,123,1xERF
720,L,910,SDB/86,FA/86,284,377,67,1xERF
723,L,911,FA/86,SDB/86,341,432,13,1xERF
726,L,918,SDB/86,FA/86,404,497,87,1xICA
729,L,919,FA/86,SDB/86,461,552,64,1xERF
732,L,926,SDB/86,FA/86,524,617,87,1xERF
735,L,927,FA/86,SDB/86,581,672,64,1xERF
738,L,934,SDB/86,FA/86,644,737,73,1xERF
741,L,935,FA/86,SDB/86,701,792,63,1xERF
744,L,942,SDB/86,FA/86,764,857,67,1xERF
747,L,943,FA/86,SDB/86,821,912,105,1xICA
750,L,950,SDB/86,FA/86,884,977,78,1xERF
753,L,951,FA/86,SDB/86,941,1032,111,1xERF
756,L,958,SDB/86,FA/86,1004,1097,55,1xICA
759,L,959,FA/86,SDB/86,1061,1152,109,1xERF
762,L,966,SDB/86,FA/86,1124,1217,32,1xERF
765,L,967,FA/86,SDB/86,1181,1272,65,1xERF
768,RR,974,SDB/86,FA/86,1244,1337,17,1xERF
771,L,975,FA/86,SDB/86,1301,1392,43,1xICA
774,RR,982,SDB/86,FA/86,1364,1457,2,1xERF
777,RR,983,FA/86,SDB/86,1436,1527,8,1xERF
780,EX,1191,KH/86,PA/86,322,477,58,1xERF
781,EX,1191,PA/86,HMB/80,482,604,0,1xERF
784,EX,1196,HMB/80,PA/86,712,833,0,1xEB15Talgo
785,EX,1196,PA/86,KH/86,843,998,149,1xEB15Talgo
788,EX,1198,HMB/80,PA/86,410,534,0,1xEB4DD
789,EX,1198,PA/86,KH/86,543,698,68,1xEB4DD
792,EX,1199,KH/86,PA/86,1102,1257,158,1xEB15Talgo
793,EX,1199,PA/86,HMB/80,1262,1384,0,1xEB15Talgo
796,RØ,1204,NF/86,KH/86,338,415,224,2xICA
799,RØ,1208,NF/86,KH/86,398,475,395,3xICA
802,RØ,1212,NF/86,KH/86,458,535,258,2xICA
805,RØ,1216,NF/86,KH/86,518,595,183,1xMGA
808,RØ,1220,NF/86,KH/86,578,655,100,1xICA
811,RØ,1221,KH/86,NF/86,364,449,79,1xICA
814,RØ,1224,NF/86,KH/86,638,715,103,1xICA
817,RØ,1225,KH/86,NF/86,428,503,165,1xMGA
820,RØ,1228,NF/86,KH/86,698,775,98,1xICA
823,RØ,1229,KH/86,NF/86,488,563,128,1xICA
826,RØ,1232,NF/86,KH/86,758,835,99,1xICA
829,RØ,1233,KH/86,NF/86,548,623,71,1xICA
832,RØ,1236,NF/86,KH/86,818,895,120,1xICA
835,RØ,1237,KH/86,NF/86,608,683,71,1xICA
838,RØ,1240,NF/86,KH/86,878,955,157,1xMGA
841,RØ,1241,KH/86,NF/86,668,743,67,1xICA
844,RØ,1244,NF/86,KH/86,938,1015,179,1xMGA
847,RØ,1245,KH/86,NF/86,728,803,76,1xICA
850,RØ,1248,NF/86,KH/86,998,1075,104,1xICA
853,RØ,1249,KH/86,NF/86,788,863,99,1xICA
856,RØ,1252,NF/86,KH/86,1058,1135,64,1xICA
859,RØ,1253,KH/86,NF/86,848,923,161,1xMGA
862,RØ,1256,NF/86,KH/86,1118,1195,51,1xICA
865,RØ,1257,KH/86,NF/86,908,983,320,3xICA
868,RØ,1260,NF/86,KH/86,1178,1255,69,1xICA
871,RØ,1261,KH/86,NF/86,968,1043,417,3xICA
874,RØ,1264,NF/86,KH/86,1229,1315,77,1xICA
877,RØ,1265,KH/86,NF/86,1028,1103,240,2xICA
880,RØ,1268,NF/86,KH/86,1286,1374,44,1xICA
883,RØ,1269,KH/86,NF/86,1088,1163,138,1xICA
886,RØ,1272,NF/86,KH/86,1346,1434,21,1xICA
889,RØ,1273,KH/86,NF/86,1148,1223,88,1xICA
892,RØ,1276,NF/86,KH/86,1406,1494,10,1xICU
895,RØ,1277,KH/86,NF/86,1207,1291,94,1xICA
898,RØ,1281,KH/86,NF/86,1267,1351,99,1xICA
901,RØ,1285,KH/86,NF/86,1327,1415,87,1xICA
904,RØ,1289,KH/86,NF/86,1387,1475,117,1xICA
907,IC,1401,CPH/86,KH/86,12,25,74,1xEB15Talgo
910,IC,1407,CPH/86,KH/86,132,145,15,1xEB15Talgo
913,IC,1413,CPH/86,KH/86,206,219,4,1xEB15Talgo
916,IC,1417,CPH/86,KH/86,266,279,263,1xEB4DD
919,IC,1472,KH/86,CPH/86,19,32,3,1xERF
922,IC,1476,KH/86,CPH/86,79,92,22,1xERF
925,IC,1482,KH/86,CPH/86,163,177,38,1xEB4DD
928,IC,1485,CPH/86,KH/86,1286,1300,46,1xERF
931,IC,1489,CPH/86,KH/86,1346,1360,53,1xERF
934,IC,1490,KH/86,CPH/86,279,292,132,1xEB5DD
937,IC,1493,CPH/86,KH/86,1406,1420,59,1xERF
940,RØ,1500,KB/86,KK/86,270,376,115,1xICA
943,RØ,1504,KB/86,KK/86,337,427,182,1xMGA
946,RØ,1508,KB/86,HGL/86,397,493,402,2xMGA
949,RØ,1512,KB/86,KK/86,457,547,242,2xICA
952,RØ,1516,KB/86,KK/86,517,607,183,1xMGA
955,RØ,1517,KK/86,KB/86,293,385,51,1xICA
958,RØ,1520,KB/86,KK/86,577,667,99,1xICA
961,RØ,1521,HGL/86,KB/86,347,445,151,1xICA
964,RØ,1524,KB/86,KK/86,637,727,129,1xICA
967,RØ,1525,KK/86,KB/86,413,505,219,2xICA
970,RØ,1528,KB/86,KK/86,697,787,102,1xICA
973,RØ,1529,KK/86,KB/86,473,565,166,1xMGA
976,RØ,1532,KB/86,KK/86,757,847,142,1xICA
979,RØ,1533,KK/86,KB/86,533,625,95,1xICA
982,RØ,1536,KB/86,KK/86,817,907,181,1xMGA
985,RØ,1537,KK/86,KB/86,593,685,71,1xICA
988,RØ,1540,KB/86,KK/86,877,967,282,2xICA
991,RØ,1541,KH/86,KB/86,662,745,44,2xICA
994,RØ,1544,KB/86,KK/86,937,1027,220,2xICA
997,RØ,1545,KK/86,KB/86,713,805,80,1xICA
1000,RØ,1548,KB/86,KK/86,997,1087,144,1xICA
1003,RØ,1549,KK/86,KB/86,773,865,89,1xICA
1006,RØ,1552,KB/86,KK/86,1057,1147,80,1xICA
1009,RØ,1553,KK/86,KB/86,833,925,126,1xICA
1012,RØ,1556,KB/86,HGL/86,1117,1214,49,1xICA
1015,RØ,1557,KK/86,KB/86,893,985,198,1xMGA
1018,RØ,1560,KB/86,KK/86,1177,1266,100,1xICA
1021,RØ,1561,KK/86,KB/86,953,1045,280,2xICA
1024,RØ,1564,KB/86,KK/86,1237,1326,56,1xMGA
1027,RØ,1565,KK/86,KB/86,1013,1105,212,2xICA
1030,RØ,1569,KK/86,KB/86,1073,1165,132,1xICA
1033,RØ,1570,KB/86,KH/86,1310,1410,36,1xICA
1036,RØ,1573,KK/86,KB/86,1133,1225,78,1xICA
1039,RØ,1574,KB/86,KH/86,1370,1470,21,1xICA
1042,RØ,1577,KH/86,KB/86,1202,1285,75,1xMGA
1045,RØ,1581,KK/86,KB/86,1253,1346,123,1xICA
1048,RØ,1583,KK/86,KB/86,1274,1393,176,1xMGA
1051,RØ,1587,KK/86,KB/86,1343,1453,171,1xMGA
1054,RØ,1591,KH/86,KB/86,1410,1510,102,1xMGA
1057,RØ,2085,HG/86,KH/86,1258,1313,48,1xEB5DD
1060,RØ,2089,HG/86,KH/86,1318,1373,36,1xEB5DD
1063,RØ,2093,HG/86,KH/86,1378,1433,20,1xEB4DD
1066,RØ,2200,KH/86,HG/86,307,362,29,1xEB15Talgo
1069,RØ,2202,KH/86,HG/86,367,422,19,1xICU
1072,RØ,2204,NÆ/86,HG/86,358,482,229,1xEB4DD
1075,RØ,2208,NÆ/86,HG/86,418,542,481,1xEB5DD
1078,RØ,2212,NÆ/86,HG/86,478,602,203,1xERF
1081,RØ,2216,NÆ/86,HG/86,538,662,199,1xEB5DD
1084,RØ,2217,KH/86,NÆ/86,296,362,36,1xEB4DD
1087,RØ,2219,HG/86,KH/86,298,353,57,1xERF
1090,RØ,2220,NÆ/86,HG/86,598,722,82,1xEB4DD
1093,RØ,2221,KH/86,NÆ/86,356,422,55,1xEB4DD
1096,RØ,2224,NÆ/86,HG/86,658,782,106,1xEB5DD
1099,RØ,2225,HG/86,NÆ/86,358,482,192,1xERF
1102,RØ,2228,NÆ/86,HG/86,718,842,113,1xEB4DD
1105,RØ,2229,HG/86,NÆ/86,418,542,398,1xEB4DD
1108,RØ,2232,NÆ/86,HG/86,778,902,143,1xERF
1111,RØ,2233,HG/86,NÆ/86,478,602,377,1xEB4DD
1114,RØ,2236,NÆ/86,HG/86,838,962,323,1xEB4DD
1117,RØ,2237,HG/86,NÆ/86,538,662,99,1xEB5DD
1120,RØ,2240,NÆ/86,HG/86,898,1022,415,1xEB15Talgo
1123,RØ,2241,HG/86,NÆ/86,598,722,106,1xEB4DD
1126,RØ,2244,NÆ/86,HG/86,958,1082,319,1xEB4DD
1129,RØ,2245,HG/86,NÆ/86,658,782,110,1xEB15Talgo
1132,RØ,2248,NÆ/86,HG/86,1018,1142,109,1xERF
1135,RØ,2249,HG/86,NÆ/86,718,842,109,1xEB5DD
1138,RØ,2252,NÆ/86,HG/86,1078,1202,89,1xEB15Talgo
1141,RØ,2253,HG/86,NÆ/86,778,902,197,1xERF
1144,RØ,2256,NÆ/86,HG/86,1138,1262,104,1xEB5DD
1147,RØ,2257,HG/86,NÆ/86,838,962,305,1xEB5DD
1150,RØ,2260,NÆ/86,HG/86,1198,1322,88,1xEB4DD
1153,RØ,2261,HG/86,NÆ/86,898,1022,437,1xEB5DD
1156,RØ,2264,NÆ/86,HG/86,1258,1382,125,1xEB4DD
1159,RØ,2265,HG/86,NÆ/86,958,1082,340,1xEB5DD
1162,RØ,2268,NÆ/86,HG/86,1318,1442,94,1xEB5DD
1165,RØ,2269,HG/86,NÆ/86,1018,1142,155,1xERF
1168,RØ,2270,NÆ/86,KH/86,1365,1430,20,1xERF
1171,RØ,2272,KH/86,HG/86,7,62,29,1xICA
1174,RØ,2273,HG/86,NÆ/86,1078,1202,98,1xEB5DD
1177,RØ,2277,HG/86,NÆ/86,1138,1262,95,1xEB5DD
1180,RØ,2281,HG/86,NÆ/86,1198,1322,87,1xEB4DD
1183,RØ,2287,HG/86,NÆ/86,1273,1396,184,1xEB4DD
1186,RØ,2291,KH/86,NÆ/86,1390,1454,102,1xEB4DD
1189,RØ,2297,HG/86,KH/86,1438,1493,2,1xEB4DD
1192,RØ,2299,KH/86,NÆ/86,70,134,28,1xEB4DD
1195,IC,2304,FA/86,ES/86,307,370,19,1xERF
1198,IC,2308,FA/86,ES/86,367,430,44,1xERF
1201,IC,2312,FA/86,ES/86,411,474,81,1xICA
1204,IC,2313,ES/86,FA/86,303,367,49,1xERF
1207,IC,2316,FA/86,ES/86,471,534,132,1xICA
1210,IC,2317,ES/86,FA/86,362,427,86,1xICA
1213,RV,2320,FA/86,ES/86,531,594,37,1xERF
1216,IC,2321,ES/86,FA/86,422,487,67,1xICA
1219,IC,2324,FA/86,ES/86,591,654,100,1xERF
1222,RV,2325,ES/86,FA/86,484,549,54,1xERF
1225,IC,2328,FA/86,ES/86,651,714,37,1xERF
1228,IC,2329,ES/86,FA/86,543,607,30,1xICA
1231,IC,2332,FA/86,ES/86,711,774,82,1xERF
1234,IC,2333,ES/86,FA/86,603,667,59,1xERF
1237,RV,2336,FA/86,ES/86,771,834,43,1xICA
1240,IC,2337,ES/86,FA/86,663,727,69,1xERF
1243,IC,2340,FA/86,ES/86,831,894,108,1xERF
1246,RV,2341,ES/86,FA/86,724,789,26,1xERF
1249,IC,2344,FA/86,ES/86,891,954,124,1xICA
1252,IC,2345,ES/86,FA/86,783,847,82,1xERF
1255,IC,2348,FA/86,ES/86,951,1014,109,1xERF
1258,IC,2349,ES/86,FA/86,843,907,88,1xICA
1261,RV,2352,FA/86,ES/86,1011,1074,55,1xERF
1264,IC,2353,ES/86,FA/86,903,967,147,1xERF
1267,IC,2356,FA/86,ES/86,1071,1134,82,1xERF
1270,RV,2357,ES/86,FA/86,964,1029,146,1xICA
1273,IC,2360,FA/86,ES/86,1131,1194,44,1xERF
1276,IC,2361,ES/86,FA/86,1023,1087,72,1xERF
1279,IC,2364,FA/86,ES/86,1191,1254,73,1xICA
1282,IC,2365,ES/86,FA/86,1083,1147,46,1xERF
1285,IC,2368,FA/86,ES/86,1251,1314,55,1xICA
1288,IC,2369,ES/86,FA/86,1143,1207,55,1xERF
1291,IC,2371,ES/86,FA/86,1203,1267,78,1xERF
1294,IC,2374,FA/86,ES/86,1311,1374,35,1xERF
1297,IC,2376,FA/86,ES/86,1392,1455,55,1xERF
1300,IC,2377,ES/86,FA/86,1263,1327,48,1xEB15Talgo
1303,IC,2383,ES/86,FA/86,1361,1425,26,1xERF
1306,IC,2387,ES/86,FA/86,1421,1485,3,1xERF
1309,RØ,2400,NÆ/86,KH/86,276,343,55,1xEB4DD
1312,RØ,2404,NÆ/86,KH/86,336,403,122,1xEB4DD
1315,RØ,2408,NÆ/86,KH/86,396,463,300,1xEB5DD
1318,RØ,2412,NÆ/86,KK/86,456,532,231,"1xERF, 1xICA"
1321,RØ,2416,NÆ/86,KK/86,516,592,123,1xEB15Talgo
1324,RØ,2419,KH/86,NÆ/86,317,382,19,1xICA
1327,RØ,2420,NÆ/86,KK/86,576,652,64,1xEB4DD
1330,RØ,2423,KH/86,NÆ/86,377,442,43,1xERF
1333,RØ,2424,NÆ/86,KH/86,636,703,51,1xERF
1336,RØ,2427,KH/86,NÆ/86,437,502,85,1xEB4DD
1339,RØ,2428,NÆ/86,KK/86,696,772,64,1xERF
1342,RØ,2431,KH/86,NÆ/86,497,562,63,1xERF
1345,RØ,2432,NÆ/86,KK/86,756,832,47,1xERF
1348,RØ,2435,KH/86,NÆ/86,557,622,45,1xERF
1351,RØ,2436,NÆ/86,KH/86,816,883,84,1xEB5DD
1354,RØ,2439,KK/86,NÆ/86,608,682,33,1xERF
1357,RØ,2440,NÆ/86,KH/86,876,943,90,1xERF
1360,RØ,2443,KK/86,NÆ/86,668,742,42,1xERF
1363,RØ,2444,NÆ/86,KH/86,936,1003,107,1xICA
1366,RØ,2447,KK/86,NÆ/86,728,802,55,1xERF
1369,RØ,2448,NÆ/86,KH/86,996,1063,56,1xEB5DD
1372,RØ,2451,KK/86,NÆ/86,788,862,78,1xERF
1375,RØ,2452,NÆ/86,KH/86,1056,1123,44,1xEB5DD
1378,RØ,2455,KK/86,NÆ/86,848,922,132,1xERF
1381,RØ,2456,NÆ/86,KK/86,1116,1192,33,1xEB4DD
1384,RØ,2459,KK/86,NÆ/86,908,982,235,2xICA
1387,RØ,2460,NÆ/86,KH/86,1176,1243,52,1xICA
1390,RØ,2463,KH/86,NÆ/86,977,1042,386,2xERF
1393,RØ,2464,NÆ/86,KH/86,1236,1303,46,1xERF
1396,RØ,2467,KH/86,NÆ/86,1037,1102,176,1xERF
1399,RØ,2468,NÆ/86,KH/86,1296,1363,24,1xICA
1402,RØ,2471,KH/86,NÆ/86,1097,1162,88,1xEB4DD
1405,RØ,2474,NÆ/86,KK/86,1356,1440,25,1xERF
1408,RØ,2475,KH/86,NÆ/86,1157,1222,71,1xEB4DD
1411,RØ,2476,NÆ/86,HGL/86,1416,1506,1,1xERF
1414,RØ,2479,KK/86,NÆ/86,1208,1282,75,1xERF
1417,RØ,2483,KK/86,NÆ/86,1268,1342,71,1xEB5DD
1420,RØ,2487,KK/86,NÆ/86,1328,1402,66,1xEB4DD
1423,RØ,2491,KH/86,NÆ/86,1397,1462,49,1xEB4DD
1426,RØ,2495,KH/86,NÆ/86,17,77,22,1xEB5DD
1429,RØ,2500,KH/86,HG/86,352,407,13,1xEB5DD
1432,RØ,2502,HK/86,HG/86,353,467,206,1xERF
1435,RØ,2506,HK/86,HG/86,413,527,523,1xEB5DD
1438,RØ,2510,HK/86,HG/86,473,587,424,1xEB4DD
1441,RØ,2514,HK/86,HG/86,533,647,279,1xEB15Talgo
1444,RØ,2518,HK/86,HG/86,593,707,131,1xEB5DD
1447,RØ,2519,KH/86,HK/86,312,367,18,1xEB4DD
1450,RØ,2522,HK/86,HG/86,653,767,148,1xERF
1453,RØ,2523,HGL/86,HK/86,356,427,55,1xEB5DD
1456,RØ,2526,HK/86,HG/86,713,827,163,1xEB5DD
1459,RØ,2527,HG/86,HK/86,373,487,360,1xEB5DD
1462,RØ,2530,HK/86,HG/86,773,887,161,1xEB5DD
1465,RØ,2531,HG/86,HK/86,433,547,421,1xEB5DD
1468,RØ,2534,HK/86,HG/86,833,947,211,1xERF
1471,RØ,2535,HG/86,HK/86,493,607,259,1xEB4DD
1474,RØ,2538,HK/86,HG/86,893,1007,354,2xERF
1477,RØ,2539,HG/86,HK/86,553,667,198,1xERF
1480,RØ,2542,HK/86,HG/86,953,1067,315,1xEB5DD
1483,RØ,2543,HG/86,HK/86,613,727,104,1xEB5DD
1486,RØ,2546,HK/86,HG/86,1013,1127,170,1xEB5DD
1489,RØ,2547,HG/86,HK/86,673,787,122,1xEB5DD
1492,RØ,2550,HK/86,HG/86,1073,1187,107,1xEB4DD
1495,RØ,2551,HG/86,HK/86,733,847,144,1xEB4DD
1498,RØ,2554,HK/86,HG/86,1133,1247,80,1xEB5DD
1501,RØ,2555,HG/86,HK/86,793,907,233,1xEB5DD
1504,RØ,2558,HK/86,HG/86,1193,1307,135,1xEB5DD
1507,RØ,2559,HG/86,HK/86,853,967,354,1xEB4DD
1510,RØ,2562,HK/86,HGL/86,1253,1324,52,1xERF
1513,RØ,2563,HG/86,HK/86,913,1027,431,2xERF
1516,RØ,2566,HK/86,HGL/86,1313,1384,40,1xERF
1519,RØ,2567,HG/86,HK/86,973,1087,354,1xEB4DD
1522,RØ,2571,HG/86,HK/86,1033,1147,161,1xERF
1525,RØ,2575,HG/86,HK/86,1093,1207,106,1xEB4DD
1528,RØ,2579,HG/86,KH/86,1153,1208,52,1xERF
1531,RØ,2583,HG/86,RO/86,1213,1298,86,1xEB15Talgo
1534,RØ,2595,HG/86,HK/86,1408,1525,33,1xERF
1537,RØ,2599,HG/86,KH/86,28,83,16,2xERF
1540,RV,2710,FA/86,OD/86,371,436,29,1xICA
1543,RV,2715,OD/86,FA/86,400,450,29,1xERF
1546,RV,2720,FA/86,OD/86,510,564,27,1xICA
1549,RV,2727,OD/86,FA/86,526,588,10,1xERF
1552,RV,2728,FA/86,OD/86,635,694,11,1xICA
1555,RV,2733,OD/86,FA/86,639,689,8,1xERF
1558,RV,2736,FA/86,OD/86,750,801,15,1xERF
1561,RV,2741,OD/86,FA/86,758,811,19,1xEB4DD
1564,RV,2742,FA/86,OD/86,873,934,30,1xICA
1567,RV,2751,OD/86,FA/86,885,948,52,1xERF
1570,RV,2754,FA/86,OD/86,1000,1067,12,1xICA
1573,RV,2759,OD/86,FA/86,1005,1068,45,1xICA
1576,RV,2760,FA/86,OD/86,1110,1164,16,1xMGA
1579,RV,2765,OD/86,FA/86,1116,1170,19,1xERF
1582,RV,2768,FA/86,OD/86,1230,1284,58,1xERF
1585,RR,2776,FA/86,OD/86,1347,1401,15,1xEB15Talgo
1588,RV,2777,OD/86,FA/86,1296,1350,37,1xICU
1591,RV,2785,OD/86,FA/86,1416,1470,14,1xEB15Talgo
1594,RV,2909,FA/86,AR/86,314,383,41,1xICU
1597,RV,2912,AR/86,FA/86,338,406,85,1xICA
1600,RV,2913,FA/86,AR/86,376,446,54,1xICA
1603,RV,2916,AR/86,FA/86,398,466,117,1xICA
1606,RV,2917,FA/86,AR/86,432,500,104,1xICA
1609,RV,2920,AR/86,FA/86,458,526,138,1xICA
1612,RV,2921,FA/86,AR/86,494,563,33,1xICA
1615,RV,2924,AR/86,FA/86,518,586,139,1xICA
1618,RV,2925,FA/86,AR/86,554,623,98,1xICA
1621,RV,2928,AR/86,FA/86,578,646,101,1xICA
1624,RV,2929,FA/86,AR/86,614,683,34,1xICA
1627,RV,2932,AR/86,FA/86,638,706,99,1xICA
1630,RV,2933,FA/86,AR/86,674,743,30,1xICA
1633,RV,2936,AR/86,FA/86,698,766,142,1xICA
1636,RV,2937,FA/86,AR/86,734,803,35,1xICA
1639,RV,2940,AR/86,FA/86,758,826,164,1xMGA
1642,RV,2941,FA/86,AR/86,794,863,43,1xICA
1645,RV,2944,AR/86,FA/86,818,886,110,1xICA
1648,RV,2945,FA/86,AR/86,854,923,51,1xMGA
1651,RV,2948,AR/86,FA/86,878,946,230,2xICA
1654,RV,2949,FA/86,AR/86,914,983,100,1xICA
1657,RV,2952,AR/86,FA/86,938,1006,157,1xMGA
1660,RV,2953,FA/86,AR/86,974,1043,102,1xICU
1663,RV,2956,AR/86,FA/86,998,1066,193,1xMGA
1666,RV,2957,FA/86,AR/86,1034,1103,243,2xICA
1669,RV,2960,AR/86,FA/86,1058,1126,94,1xICA
1672,RV,2961,FA/86,AR/86,1094,1163,30,1xICA
1675,RV,2964,AR/86,FA/86,1118,1186,112,1xICA
1678,RV,2965,FA/86,AR/86,1154,1223,19,1xICA
1681,RV,2968,AR/86,FA/86,1178,1246,38,1xICU
1684,RV,2969,FA/86,AR/86,1214,1283,55,1xICA
1687,RV,2972,AR/86,FA/86,1238,1306,61,1xICA
1690,RV,2973,FA/86,AR/86,1274,1343,14,1xICA
1693,RV,2974,FA/86,KD/86,1348,1359,3,1xERF
1696,RV,2976,AR/86,FA/86,1298,1366,45,1xICA
1699,RV,2980,AR/86,FA/86,1358,1426,54,1xICU
1702,RV,2981,KD/86,FA/86,1369,1381,2,1xERF
1705,RØ,3206,NF/86,KH/86,363,437,173,2xICA
1708,RØ,3306,RO/86,KK/86,437,469,193,1xMGA
1711,RØ,3310,RO/86,KK/86,497,529,164,1xERF
1714,RØ,3327,KK/86,RO/86,446,478,187,1xERF
1717,RØ,3359,HGL/86,RO/86,905,943,144,1xICU
1720,RØ,3363,HGL/86,RO/86,965,1003,177,1xMGA
1723,RØ,3400,KH/86,HG/86,346,396,24,1xEB15Talgo
1726,RØ,3402,KH/86,HG/86,376,426,38,1xEB4DD
1729,RØ,3404,KH/86,HG/86,406,456,50,1xEB4DD
1732,RØ,3406,KH/86,HG/86,436,486,134,1xERF
1735,RR,3408,KH/86,HG/86,466,516,109,1xERF
1738,RØ,3427,HG/86,KH/86,384,434,140,1xERF
1741,RØ,3429,HG/86,KH/86,414,464,292,2xICA
1744,RØ,3431,HG/86,KH/86,444,494,302,2xICU
1747,RØ,3433,HG/86,KH/86,474,524,332,1xEB4DD
1750,RØ,3434,KH/86,HG/86,856,906,194,1xERF
1753,RØ,3435,HG/86,KH/86,504,554,198,1xERF
1756,RØ,3436,KH/86,HG/86,886,936,159,1xEB5DD
1759,RØ,3437,HG/86,KH/86,534,584,212,1xEB5DD
1762,RØ,3438,KH/86,HG/86,916,966,187,1xERF
1765,RØ,3440,KH/86,HG/86,946,996,177,1xERF
1768,RØ,3442,KH/86,HG/86,976,1026,214,1xERF
1771,RØ,3444,KH/86,HG/86,1006,1056,177,1xERF
1774,RØ,3446,KH/86,HG/86,1036,1086,153,1xEB5DD
1777,RØ,3448,KH/86,HG/86,1066,1116,100,1xERF
1780,RØ,3450,KH/86,HG/86,1096,1146,139,1xEB5DD
1783,RØ,3463,HG/86,KH/86,924,974,191,1xERF
1786,RØ,3465,HG/86,KH/86,954,1004,180,1xERF
1789,RØ,3467,HG/86,KH/86,984,1034,86,1xERF
1792,RØ,3469,HG/86,KH/86,1014,1064,78,1xERF
1795,RØ,3471,HG/86,KH/86,1044,1094,62,1xEB15Talgo
1798,RØ,3473,HG/86,KH/86,1074,1124,60,1xERF
1801,RØ,3475,HG/86,KH/86,1104,1154,41,1xEB4DD
1804,RØ,3502,KB/86,KK/86,303,391,133,1xICA
1807,RØ,3506,KB/86,KK/86,359,451,241,2xMGA
1810,RØ,3510,KB/86,KK/86,419,511,370,2xMGA
1813,RØ,3523,KK/86,KB/86,386,474,108,1xICA
1816,RØ,3542,KB/86,KK/86,907,994,212,2xICA
1819,RØ,3546,KB/86,KK/86,967,1054,142,1xICA
1822,RØ,3555,KK/86,KB/86,866,960,206,2xICA
1825,RØ,3559,KK/86,KB/86,926,1020,343,2xMGA
1828,RØ,3563,KK/86,KB/86,986,1080,361,2xMGA
1831,RØ,3802,NF/86,VO/86,283,304,8,1xICA
1834,RØ,3810,NF/86,NÆ/86,403,442,47,1xICA
1837,RØ,3859,NÆ/86,NF/86,998,1037,50,1xICA
1840,RØ,3863,NÆ/86,NF/86,1058,1097,49,1xICA
1843,RV,3915,FA/86,AR/86,401,469,85,1xMGA
1846,RV,3918,AR/86,FA/86,424,492,153,1xMGA
1849,RV,3919,FA/86,AR/86,461,529,30,1xICA
1852,RV,3922,AR/86,FA/86,489,567,64,1xICA
1855,RV,3947,FA/86,AR/86,881,949,165,1xMGA
1858,RV,3950,AR/86,FA/86,909,977,118,1xICA
1861,RV,3951,FA/86,AR/86,941,1009,98,1xICA
1864,RV,3954,AR/86,FA/86,969,1037,161,1xMGA
1867,RV,3958,AR/86,FA/86,1029,1097,75,1xICA
1870,RV,4003,AB/86,ABL/86,358,368,3,2xICA
1873,L,4007,AR/86,ABL/86,345,428,48,2xICA
1876,L,4011,AR/86,ABL/86,405,488,125,1xICU
1879,L,4014,AB/86,AR/86,303,372,74,1xICA
1882,L,4015,AR/86,ABL/86,465,548,81,1xICA
1885,L,4018,AB/86,AR/86,363,433,197,2xICA
1888,L,4019,AR/86,ABL/86,525,608,63,1xICA
1891,L,4022,ABL/86,AR/86,406,493,234,2xICA
1894,L,4023,AR/86,ABL/86,585,668,49,1xICA
1897,L,4026,ABL/86,AR/86,466,553,141,1xICA
1900,L,4027,AR/86,ABL/86,645,728,65,1xICA
1903,L,4030,ABL/86,AR/86,526,613,119,1xICA
1906,L,4031,AR/86,ABL/86,705,788,80,1xICA
1909,L,4034,ABL/86,AR/86,586,673,125,1xICA
1912,L,4035,AR/86,ABL/86,765,848,72,1xICA
1915,L,4038,ABL/86,AR/86,646,733,106,1xICA
1918,L,4039,AR/86,ABL/86,825,908,141,1xICU
1921,L,4042,ABL/86,AR/86,706,793,109,1xICU
1924,L,4043,AR/86,ABL/86,885,968,169,1xMGA
1927,L,4046,ABL/86,AR/86,766,853,111,1xICA
1930,L,4047,AR/86,ABL/86,945,1028,249,2xICA
1933,L,4050,ABL/86,AR/86,826,913,123,1xICA
1936,L,4051,AR/86,ABL/86,1005,1088,156,2xICA
1939,L,4054,ABL/86,AR/86,886,973,169,2xICA
1942,L,4055,AR/86,AB/86,1065,1133,111,1xICA
1945,L,4058,ABL/86,AR/86,946,1033,160,1xMGA
1948,L,4059,AR/86,AB/86,1125,1193,90,1xICA
1951,L,4062,ABL/86,AR/86,1006,1093,90,1xICA
1954,L,4063,AR/86,AB/86,1185,1253,78,1xICA
1957,L,4066,ABL/86,AR/86,1066,1153,56,1xICA
1960,L,4067,AR/86,AB/86,1245,1313,87,1xICA
1963,L,4070,ABL/86,AR/86,1126,1213,37,1xICA
1966,L,4074,AB/86,AR/86,1203,1273,28,1xICA
1969,IC,4101,AR/86,ABL/86,255,344,69,1xICA
1972,IC,4105,AR/86,ABL/86,312,404,21,1xICA
1975,IC,4107,AR/86,ABL/86,372,464,143,1xICA
1978,IC,4113,AR/86,ABL/86,435,524,178,2xICA
1981,IC,4116,AB/86,AR/86,325,403,137,1xICA
1984,IC,4117,AR/86,ABL/86,495,584,88,1xICA
1987,IC,4120,ABL/86,AR/86,368,463,377,3xICA
1990,IC,4121,AR/86,ABL/86,555,644,47,1xICA
1993,IC,4124,ABL/86,AR/86,428,523,233,2xICA
1996,IC,4125,AR/86,ABL/86,615,704,77,1xICU
1999,IC,4128,ABL/86,AR/86,488,583,110,1xICU
2002,IC,4129,AR/86,ABL/86,675,764,70,1xICA
2005,IC,4132,ABL/86,AR/86,548,643,92,1xICA
2008,IC,4133,AR/86,ABL/86,735,824,106,1xICA
2011,IC,4136,ABL/86,AR/86,608,703,105,1xICA
2014,IC,4137,AR/86,ABL/86,795,884,127,1xICA
2017,IC,4140,ABL/86,AR/86,668,763,103,1xICA
2020,IC,4141,AR/86,ABL/86,855,944,150,1xMGA
2023,IC,4144,ABL/86,AR/86,728,823,99,1xICA
2026,IC,4145,AR/86,ABL/86,915,1004,279,2xICA
2029,IC,4148,ABL/86,AR/86,788,883,112,1xICA
2032,IC,4149,AR/86,ABL/86,975,1064,302,2xICA
2035,IC,4152,ABL/86,AR/86,848,943,108,1xICA
2038,IC,4153,AR/86,ABL/86,1035,1124,161,1xMGA
2041,IC,4156,ABL/86,AR/86,908,1003,142,1xICU
2044,IC,4157,AR/86,ABL/86,1095,1184,61,1xICA
2047,IC,4160,ABL/86,AR/86,968,1063,113,1xMGA
2050,IC,4161,AR/86,ABL/86,1155,1244,55,1xICA
2053,IC,4164,ABL/86,AR/86,1028,1123,94,1xICA
2056,IC,4165,AR/86,ABL/86,1215,1304,55,1xICA
2059,IC,4168,ABL/86,AR/86,1088,1183,26,1xICA
2062,RV,4169,AB/86,ABL/86,1354,1364,1,1xICA
2065,IC,4171,AR/86,AB/86,1305,1379,49,1xICA
2068,IC,4172,ABL/86,AR/86,1148,1243,31,1xMGA
2071,IC,4175,AR/86,AB/86,1365,1439,25,1xICA
2074,IC,4176,ABL/86,AR/86,1208,1303,63,1xICA
2077,IC,4178,ABL/86,AB/86,1268,1280,10,3xICA
2080,IC,4179,AR/86,AB/86,1425,1499,11,1xICA
2083,IC,4180,AB/86,AR/86,1285,1363,30,1xICA
2086,IC,4184,ABL/86,AR/86,1328,1423,16,1xICA
2089,IC,4190,ABL/86,AR/86,1378,1473,20,1xICA
2092,IC,4192,AB/86,AR/86,25,103,4,1xICA
2095,RØ,4202,NÆ/86,HG/86,265,392,106,1xEB4DD
2098,RØ,4204,VO/86,HG/86,310,452,222,1xEB4DD
2101,RØ,4206,VO/86,HG/86,370,512,463,1xEB5DD
2104,RØ,4210,NÆ/86,HG/86,448,572,520,1xEB5DD
2107,RØ,4214,NÆ/86,HG/86,508,632,265,1xEB4DD
2110,RØ,4218,NÆ/86,HG/86,568,692,128,1xERF
2113,RØ,4219,HG/86,KH/86,268,323,60,1xERF
2116,RØ,4222,NÆ/86,HG/86,628,752,133,1xERF
2119,RØ,4223,HG/86,NÆ/86,328,452,106,1xERF
2122,RØ,4226,NÆ/86,HG/86,688,812,154,1xEB5DD
2125,RØ,4227,HG/86,NÆ/86,388,512,473,1xEB15Talgo
2128,RØ,4230,NÆ/86,HG/86,748,872,137,1xEB5DD
2131,RØ,4231,HG/86,NÆ/86,448,572,413,1xEB4DD
2134,RØ,4234,NÆ/86,HG/86,808,932,192,1xEB4DD
2137,RØ,4235,HG/86,NÆ/86,508,632,296,1xEB4DD
2140,RØ,4238,NÆ/86,HG/86,868,992,352,1xEB5DD
2143,RØ,4239,HG/86,NÆ/86,568,692,139,1xEB5DD
2146,RØ,4242,NÆ/86,HG/86,928,1052,411,2xERF
2149,RØ,4243,HG/86,NÆ/86,628,752,165,1xERF
2152,RØ,4246,NÆ/86,HG/86,988,1112,208,1xERF
2155,RØ,4247,HG/86,NÆ/86,688,812,150,1xEB5DD
2158,RØ,4250,NÆ/86,HG/86,1048,1172,110,1xERF
2161,RØ,4251,HG/86,NÆ/86,748,872,181,1xERF
2164,RØ,4254,RO/86,HG/86,1147,1232,83,1xERF
2167,RØ,4255,HG/86,NÆ/86,808,932,306,1xEB4DD
2170,RØ,4258,RO/86,HG/86,1207,1292,133,1xEB5DD
2173,RØ,4259,HG/86,NÆ/86,868,992,435,1xEB5DD
2176,RØ,4262,RO/86,HG/86,1267,1352,92,1xEB5DD
2179,RØ,4263,HG/86,NÆ/86,928,1052,484,1xEB5DD
2182,RØ,4266,RO/86,HG/86,1327,1412,137,1xERF
2185,RØ,4267,HG/86,NÆ/86,988,1112,349,1xEB4DD
2188,RØ,4270,KH/86,HG/86,1417,1472,137,3xERF
2191,RØ,4271,HG/86,RO/86,1048,1133,135,1xERF
2194,RØ,4274,KH/86,HG/86,37,92,32,1xICA
2197,RØ,4275,HG/86,RO/86,1108,1193,84,1xEB5DD
2200,RØ,4279,HG/86,RO/86,1168,1253,163,1xEB5DD
2203,RØ,4283,HG/86,KH/86,1228,1283,78,1xERF
2206,RØ,4287,HG/86,KH/86,1288,1343,26,1xEB5DD
2209,RØ,4291,HG/86,KH/86,1348,1403,36,1xEB4DD
2212,RØ,4402,NÆ/86,KH/86,306,373,81,1xEB4DD
2215,RØ,4406,NÆ/86,KH/86,366,433,253,1xEB4DD
2218,RØ,4410,NÆ/86,KH/86,426,493,307,1xEB4DD
2221,RØ,4414,NÆ/86,KK/86,486,562,124,1xICA
2224,RØ,4418,NÆ/86,KK/86,546,622,85,1xEB4DD
2227,RØ,4421,KH/86,NÆ/86,347,412,28,1xICA
2230,RØ,4422,NÆ/86,KK/86,606,682,61,1xEB4DD
2233,RØ,4425,KK/86,NÆ/86,398,472,74,1xMGA
2236,RØ,4426,NÆ/86,KK/86,666,742,54,1xEB4DD
2239,RØ,4429,KH/86,NÆ/86,467,532,66,1xEB5DD
2242,RØ,4430,NÆ/86,KK/86,726,802,44,1xEB4DD
2245,RØ,4433,KH/86,NÆ/86,527,592,39,1xEB4DD
2248,RØ,4434,NÆ/86,KH/86,786,853,58,1xEB15Talgo
2251,RØ,4437,KH/86,NÆ/86,587,652,32,1xEB5DD
2254,RØ,4438,NÆ/86,KH/86,846,913,63,1xERF
2257,RØ,4441,KK/86,NÆ/86,638,712,35,1xEB4DD
2260,RØ,4442,NÆ/86,KH/86,906,973,90,1xERF
2263,RØ,4445,KK/86,NÆ/86,698,772,46,1xEB4DD
2266,RØ,4446,NÆ/86,KH/86,966,1033,79,1xEB5DD
2269,RØ,4449,KK/86,NÆ/86,758,832,59,1xEB4DD
2272,RØ,4450,NÆ/86,KH/86,1026,1093,54,1xEB5DD
2275,RØ,4453,KK/86,NÆ/86,818,892,93,1xEB15Talgo
2278,RØ,4454,NÆ/86,KK/86,1086,1162,34,1xEB5DD
2281,RØ,4457,KK/86,NÆ/86,878,952,169,1xERF
2284,RØ,4461,KH/86,NÆ/86,947,1012,209,1xERF
2287,RØ,4465,KH/86,NÆ/86,1007,1072,237,1xEB15Talgo
2290,RØ,4469,KH/86,NÆ/86,1067,1132,93,1xEB5DD
2293,RØ,4473,KH/86,NÆ/86,1127,1192,59,1xEB5DD
2296,RØ,4500,KH/86,HG/86,382,437,26,1xICU
2299,RØ,4504,HK/86,HG/86,383,497,314,1xEB4DD
2302,RØ,4508,HK/86,HG/86,443,557,507,1xEB5DD
2305,RØ,4512,HK/86,HG/86,503,617,259,1xEB5DD
2308,RØ,4516,HK/86,HG/86,563,677,144,1xEB5DD
2311,RØ,4520,HK/86,HG/86,623,737,126,1xERF
2314,RØ,4521,KK/86,HK/86,332,397,50,1xEB5DD
2317,RØ,4524,HK/86,HG/86,683,797,135,1xEB4DD
2320,RØ,4525,HG/86,HK/86,343,457,108,1xEB4DD
2323,RØ,4528,HK/86,HG/86,743,857,147,1xEB5DD
2326,RØ,4529,HG/86,HK/86,403,517,324,1xEB15Talgo
2329,RØ,4532,HK/86,HG/86,803,917,169,1xEB5DD
2332,RØ,4533,HG/86,HK/86,463,577,475,1xEB5DD
2335,RØ,4536,HK/86,HG/86,863,977,267,1xEB4DD
2338,RØ,4537,HG/86,HK/86,523,637,148,1xERF
2341,RØ,4540,HK/86,HG/86,923,1037,316,1xEB5DD
2344,RØ,4541,HG/86,HK/86,583,697,119,1xEB5DD
2347,RØ,4544,HK/86,HG/86,983,1097,194,1xEB4DD
2350,RØ,4545,HG/86,HK/86,643,757,137,1xEB5DD
2353,RØ,4548,HK/86,HG/86,1043,1157,121,1xERF
2356,RØ,4549,HG/86,HK/86,703,817,138,1xERF
2359,RØ,4552,HK/86,HG/86,1103,1217,100,1xEB4DD
2362,RØ,4553,HG/86,HK/86,763,877,182,1xERF
2365,RØ,4556,HK/86,HG/86,1163,1277,118,1xERF
2368,RØ,4557,HG/86,HK/86,823,937,216,1xEB5DD
2371,RØ,4560,HK/86,HG/86,1223,1337,95,1xEB4DD
2374,RØ,4561,HG/86,HK/86,883,997,340,1xEB5DD
2377,RØ,4565,HG/86,HK/86,943,1057,352,1xEB4DD
2380,RØ,4569,HG/86,HK/86,1003,1117,287,1xEB5DD
2383,RØ,4573,HG/86,HK/86,1063,1177,156,1xEB5DD
2386,RØ,4577,HG/86,HK/86,1123,1237,122,1xERF
2389,RØ,4581,HG/86,HK/86,1183,1297,184,1xERF
2392,RØ,4585,HG/86,KH/86,1243,1298,87,1xERF
2395,RØ,4589,HG/86,KH/86,1303,1358,65,1xEB5DD
2398,RR,4708,FA/86,OD/86,334,376,57,2xICA
2401,RV,4713,OD/86,FA/86,340,386,17,1xERF
2404,RR,4714,FA/86,OD/86,422,468,70,1xMGA
2407,RV,4716,FA/86,OD/86,450,496,45,1xERF
2410,RV,4719,OD/86,FA/86,432,477,29,1xMGA
2413,RV,4721,OD/86,FA/86,460,506,30,1xICA
2416,RV,4724,FA/86,OD/86,570,616,16,1xERF
2419,RV,4729,OD/86,FA/86,580,626,10,1xERF
2422,RV,4732,FA/86,OD/86,690,736,8,1xEB4DD
2425,RV,4737,OD/86,FA/86,704,750,15,1xICA
2428,RV,4740,FA/86,OD/86,810,856,37,1xERF
2431,RV,4745,OD/86,FA/86,820,866,28,1xICA
2434,RV,4748,FA/86,OD/86,930,976,31,1xICA
2437,RV,4753,OD/86,FA/86,943,989,72,1xICA
2440,RV,4756,FA/86,OD/86,1050,1096,31,1xERF
2443,RV,4761,OD/86,FA/86,1063,1109,24,1xERF
2446,RV,4764,FA/86,OD/86,1170,1216,14,1xICU
2449,RV,4769,OD/86,FA/86,1180,1226,40,1xERF
2452,RV,4772,FA/86,OD/86,1290,1336,9,2xERF
2455,RØ,4804,NF/86,NÆ/86,307,346,18,1xICA
2458,RØ,4808,NF/86,NÆ/86,366,405,16,1xICA
2461,RØ,4812,NF/86,NÆ/86,427,466,29,1xICA
2464,RØ,4816,NF/86,NÆ/86,487,526,25,1xICA
2467,RØ,4817,NÆ/86,NF/86,373,412,41,1xICA
2470,RØ,4820,NF/86,NÆ/86,547,586,19,1xICA
2473,RØ,4821,NÆ/86,NF/86,433,472,32,1xICA
2476,RØ,4824,NF/86,NÆ/86,607,646,15,1xICA
2479,RØ,4825,NÆ/86,NF/86,493,532,36,1xMGA
2482,RØ,4828,NF/86,NÆ/86,667,706,14,1xICA
2485,RØ,4829,NÆ/86,NF/86,553,592,33,1xICA
2488,RØ,4832,NF/86,NÆ/86,727,766,23,1xICA
2491,RØ,4833,NÆ/86,NF/86,613,652,15,1xICA
2494,RØ,4836,NF/86,NÆ/86,787,826,29,1xICA
2497,RØ,4837,NÆ/86,NF/86,673,712,15,1xICA
2500,RØ,4840,NF/86,NÆ/86,847,886,42,1xICA
2503,RØ,4841,NÆ/86,NF/86,733,772,18,1xICA
2506,RØ,4844,NF/86,NÆ/86,907,946,53,1xICA
2509,RØ,4845,NÆ/86,NF/86,793,832,22,1xICA
2512,RØ,4848,NF/86,NÆ/86,967,1006,34,1xICA
2515,RØ,4849,NÆ/86,NF/86,853,892,38,1xICA
2518,RØ,4852,NF/86,NÆ/86,1027,1066,21,1xICA
2521,RØ,4853,NÆ/86,NF/86,913,952,53,1xICA
2524,RØ,4856,NF/86,NÆ/86,1087,1126,13,1xICA
2527,RØ,4857,NÆ/86,NF/86,973,1012,48,1xICA
2530,RØ,4860,NF/86,NÆ/86,1147,1186,9,1xICA
2533,RØ,4861,NÆ/86,NF/86,1033,1072,25,1xICA
2536,RØ,4865,NÆ/86,NF/86,1093,1132,20,1xICA
2539,RØ,4869,NÆ/86,NF/86,1153,1192,24,1xICA
2542,RØ,4873,NÆ/86,NF/86,1213,1252,29,1xICU
2545,RØ,4895,KH/86,NF/86,10,114,52,1xICA
2548,IC,5750,FLB/80,FA/86,365,450,31,1xERF
2551,IC,5751,FA/86,FLB/80,270,353,9,1xERF
2554,IC,5752,FLB/80,FA/86,485,570,30,1xERF
2557,IC,5753,FA/86,FLB/80,390,473,17,1xERF
2560,IC,5754,FLB/80,FA/86,605,690,16,1xEB4DD
2563,IC,5755,FA/86,FLB/80,510,593,65,1xEB4DD
2566,IC,5756,FLB/80,FA/86,723,810,38,1xERF
2569,IC,5757,FA/86,FLB/80,630,713,17,1xERF
2572,IC,5758,FLB/80,FA/86,845,930,37,1xERF
2575,IC,5759,FA/86,FLB/80,750,833,30,1xERF
2578,IC,5760,FLB/80,FA/86,965,1050,21,1xERF
2581,IC,5761,FA/86,FLB/80,870,953,49,1xERF
2584,IC,5762,FLB/80,FA/86,1085,1170,15,1xEB4DD
2587,IC,5763,FA/86,FLB/80,990,1073,74,1xEB4DD
2590,IC,5764,FLB/80,FA/86,1205,1290,34,1xERF
2593,IC,5765,FA/86,FLB/80,1110,1193,38,1xERF
2596,IC,5766,FLB/80,FA/86,1325,1410,5,1xERF
2599,IC,5767,FA/86,FLB/80,1230,1313,46,1xERF
2602,M,6314,CPH/86,KH/86,695,709,0,"1xERF, 2xICA"
2605,M,6320,CPH/86,HGL/86,768,799,0,2xERF
2608,M,6322,KK/86,HGL/86,670,672,0,1xEB4DD
2611,M,6343,KH/86,CPH/86,730,744,0,1xICA
2614,M,6348,KH/86,HGL/86,580,590,0,1xICU
2617,M,6370,KK/86,KH/86,1311,1317,0,4xICA
2620,M,6431,HGL/86,CPH/86,669,695,0,1xEB15Talgo
2623,M,6432,KH/86,CPH/86,815,828,0,1xICA
2626,M,6459,HGL/86,KK/86,754,757,0,"2xERF, 3xICA"
2629,M,7085,FA/86,AR/86,1315,1395,0,1xICA
2632,M,7087,KD/86,FA/86,83,102,0,1xICU
2635,M,7098,AR/86,FA/86,145,225,0,1xICA
2638,M,9000,KH/86,HG/86,300,332,0,1xEB4DD
2641,M,9017,HGL/86,RO/86,264,299,0,1xERF
2644,M,9024,KH/86,HG/86,748,801,0,1xERF
2647,M,9043,HG/86,KK/86,633,684,0,1xEB4DD
2650,M,9111,NÆ/86,VO/86,281,295,0,1xEB4DD
2653,M,9113,VO/86,NF/86,314,329,0,1xICA
2656,M,9115,NÆ/86,VO/86,341,355,0,1xEB5DD
2659,M,9163,RO/86,NÆ/86,1008,1040,0,1xICU
2662,M,9176,RO/86,KK/86,60,92,0,2xICA
2665,M,9179,SG/86,OD/86,1279,1312,0,1xERF
2668,M,9300,CPH/86,KH/86,192,205,0,"1xERF, 2xICA"
2671,M,9301,KH/86,CPH/86,75,88,0,1xEB4DD
2674,M,9302,CPH/86,KH/86,222,235,0,1xEB4DD
2677,M,9303,KH/86,CPH/86,85,97,0,1xEB5DD
2680,M,9323,KH/86,CPH/86,382,396,0,1xERF
2683,M,9360,CPH/86,KH/86,1243,1256,0,1xERF
2686,M,9362,CPH/86,KH/86,1239,1252,0,1xMGA
2689,M,9387,KH/86,CPH/86,1321,1334,0,"2xERF, 3xICA"
2692,M,9676,KH/86,KK/86,64,70,0,1xEB5DD
2695,M,9700,KH/86,HGL/86,373,382,0,1xICA
2698,M,9701,HGL/86,CPH/86,76,101,0,1xERF
2701,M,9702,CPH/86,HGL/86,369,397,0,1xEB5DD
2704,M,9720,KK/86,HGL/86,692,696,0,1xICA
2707,M,9730,KH/86,HGL/86,820,830,0,1xICA
2710,M,9782,CPH/86,HGL/86,152,179,0,"1xICA, 3xERF"
2713,M,9783,HGL/86,KH/86,1267,1277,0,1xICA
2716,M,9784,CPH/86,HGL/86,170,192,0,1xEB5DD
2719,M,9785,HGL/86,CPH/86,1297,1326,0,1xEB15Talgo
2722,M,9795,HGL/86,KH/86,9,20,0,1xMGA
2725,M,9797,HGL/86,CPH/86,39,64,0,1xERF
2728,M,12191,HGL/86,KH/86,296,308,0,1xMGA
2731,M,12196,KH/86,HGL/86,1003,1015,0,1xMGA
2734,M,12198,KH/86,HGL/86,703,715,0,1xEB4DD
2737,M,12199,HGL/86,KH/86,1085,1097,0,1xEB4DD
2740,M,12392,KH/86,HGL/86,1421,1431,0,1xERF
2743,M,12393,HGL/86,KH/86,471,485,0,2xERF
2746,M,12394,KH/86,HGL/86,1183,1193,0,1xERF
2749,M,12395,HGL/86,KH/86,725,737,0,1xEB4DD
2752,M,12396,KH/86,HGL/86,943,953,0,1xICA
2755,M,12397,HGL/86,KH/86,844,857,0,2xERF
2758,M,12398,KH/86,HGL/86,823,835,0,1xEB15Talgo
2761,M,12399,HGL/86,KH/86,949,962,0,1xERF
2764,IC,80108,FA/86,HGL/86,356,505,445,2xERF
2767,IC,80169,HGL/86,FA/86,1055,1202,194,1xEB4DD
2770,M,940387,AA/80,HMB/80,285,294,0,1xEB4DD
2773,M,940397,HMB/80,AA/80,1164,1177,0,1xEB4DD
